step,type,amount,nameOrig,oldbalanceOrg,newbalanceOrig,nameDest,oldbalanceDest,newbalanceDest,isFraud,isFlaggedFraud
1,TRANSFER,181.0,C1305486145,181.0,0.0,C553264065,0.0,0.0,1,0
1,CASH_OUT,181.0,C840083671,181.0,0.0,C38997010,21182.0,0.0,1,0
1,CASH_OUT,229133.94,C905080434,15325.0,0.0,C476402209,5083.0,51513.44,0,0
1,TRANSFER,215310.3,C1670993182,705.0,0.0,C1100439041,22425.0,0.0,0,0
1,TRANSFER,311685.89,C1984094095,10835.0,0.0,C932583850,6267.0,2719172.89,0,0
1,CASH_OUT,110414.71,C768216420,26845.41,0.0,C1509514333,288800.0,2415.16,0,0
1,CASH_OUT,56953.9,C1570470538,1942.02,0.0,C824009085,70253.0,64106.18,0,0
1,CASH_OUT,5346.89,C512549200,0.0,0.0,C248609774,652637.0,6453430.91,0,0
1,CASH_OUT,23261.3,C2072313080,20411.53,0.0,C2001112025,25742.0,0.0,0,0
1,TRANSFER,62610.8,C1976401987,79114.0,16503.2,C1937962514,517.0,8383.29,0,0
1,CASH_OUT,82940.31,C1528834618,3017.87,0.0,C476800120,132372.0,49864.36,0,0
1,CASH_OUT,47458.86,C527211736,209534.84,162075.98,C2096057945,52120.0,0.0,0,0
1,CASH_OUT,136872.92,C1533123860,162075.98,25203.05,C766572210,217806.0,0.0,0,0
1,CASH_OUT,94253.33,C1718906711,25203.05,0.0,C977993101,99773.0,965870.05,0,0
1,TRANSFER,42712.39,C283039401,10363.39,0.0,C1330106945,57901.66,24044.18,0,0
1,TRANSFER,77957.68,C207471778,0.0,0.0,C1761291320,94900.0,22233.65,0,0
1,TRANSFER,17231.46,C1243171897,0.0,0.0,C783286238,24672.0,0.0,0,0
1,TRANSFER,78766.03,C1376151044,0.0,0.0,C1749186397,103772.0,277515.05,0,0
1,TRANSFER,224606.64,C873175411,0.0,0.0,C766572210,354678.92,0.0,0,0
1,TRANSFER,125872.53,C1443967876,0.0,0.0,C392292416,348512.0,3420103.09,0,0
1,TRANSFER,379856.23,C1449772539,0.0,0.0,C1590550415,900180.0,19169204.93,0,0
1,TRANSFER,1505626.01,C926859124,0.0,0.0,C665576141,29031.0,5515763.34,0,0
1,TRANSFER,554026.99,C1603696865,0.0,0.0,C766572210,579285.56,0.0,0,0
1,TRANSFER,147543.1,C12905860,0.0,0.0,C1359044626,223220.0,16518.36,0,0
1,TRANSFER,761507.39,C412788346,0.0,0.0,C1590550415,1280036.23,19169204.93,0,0
1,TRANSFER,1429051.47,C1520267010,0.0,0.0,C1590550415,2041543.62,19169204.93,0,0
1,TRANSFER,358831.92,C908084672,0.0,0.0,C392292416,474384.53,3420103.09,0,0
1,TRANSFER,367768.4,C288306765,0.0,0.0,C1359044626,370763.1,16518.36,0,0
1,TRANSFER,209711.11,C1556867940,0.0,0.0,C1509514333,399214.71,2415.16,0,0
1,TRANSFER,583848.46,C1839168128,0.0,0.0,C1286084959,667778.0,2107778.11,0,0
1,TRANSFER,1724887.05,C1495608502,0.0,0.0,C1590550415,3470595.1,19169204.93,0,0
1,TRANSFER,710544.77,C835773569,0.0,0.0,C1359044626,738531.5,16518.36,0,0
1,TRANSFER,581294.26,C843299092,0.0,0.0,C1590550415,5195482.15,19169204.93,0,0
1,TRANSFER,11996.58,C605982374,0.0,0.0,C1225616405,40255.0,0.0,0,0
1,CASH_OUT,28404.6,C2091072548,0.0,0.0,C1282788025,51744.0,0.0,0,0
1,CASH_OUT,75405.1,C263053820,0.0,0.0,C1870252780,104209.0,46462.23,0,0
1,CASH_OUT,50101.88,C1740826931,0.0,0.0,C97730845,67684.0,9940339.29,0,0
1,CASH_OUT,14121.82,C69062746,0.0,0.0,C100555887,52679.0,10963.66,0,0
1,CASH_OUT,78292.91,C1631227617,0.0,0.0,C1983747920,121112.0,95508.95,0,0
1,CASH_OUT,176149.9,C24650043,0.0,0.0,C736709391,259813.0,46820.71,0,0
1,CASH_OUT,212228.35,C1896074070,0.0,0.0,C401424608,429747.0,1178808.14,0,0
1,CASH_OUT,85423.63,C460741164,0.0,0.0,C1590550415,5776776.41,19169204.93,0,0
1,CASH_OUT,11648.5,C781091365,0.0,0.0,C985934102,260976.0,971418.91,0,0
1,CASH_OUT,419801.4,C1687354037,38197.63,0.0,C33524623,499962.0,1517262.16,0,0
1,CASH_OUT,335416.51,C743778731,144478.0,0.0,C575335780,295.0,52415.15,0,0
1,TRANSFER,330757.04,C1494346128,103657.0,0.0,C564160838,79676.0,1254956.07,0,0
1,TRANSFER,679502.24,C722417467,290.0,0.0,C451111351,171866.0,3940085.21,0,0
1,TRANSFER,177652.91,C753631393,23720.0,0.0,C716157500,55.0,4894.45,0,0
1,TRANSFER,184986.8,C697508322,39588.0,0.0,C1688019098,52340.0,97263.78,0,0
1,CASH_OUT,467177.03,C1338905451,28112.02,0.0,C1170794006,975121.0,22190.99,0,0
1,CASH_OUT,154139.72,C1642679791,79563.03,0.0,C564160838,410433.04,1254956.07,0,0
1,CASH_OUT,82685.93,C855700733,0.0,0.0,C392292416,833216.44,3420103.09,0,0
1,CASH_OUT,83857.23,C247162961,0.0,0.0,C1297685781,215457.59,16997.22,0,0
1,CASH_OUT,99109.77,C1890266440,0.0,0.0,C1297685781,299314.82,16997.22,0,0
1,CASH_OUT,187726.67,C1527152775,0.0,0.0,C747464370,190573.0,1567434.81,0,0
1,CASH_OUT,281339.92,C1863655430,0.0,0.0,C1509514333,612801.81,2415.16,0,0
1,CASH_OUT,186447.51,C976827477,0.0,0.0,C1590550415,5862200.03,19169204.93,0,0
1,CASH_OUT,81029.86,C324112183,0.0,0.0,C288665596,105343.0,8496.61,0,0
1,CASH_OUT,139054.95,C2092709730,0.0,0.0,C1749186397,182538.03,277515.05,0,0
1,CASH_OUT,154716.2,C980364771,0.0,0.0,C453211571,187433.0,3461666.05,0,0
1,CASH_OUT,53631.83,C1233595751,0.0,0.0,C757108857,83244.0,0.0,0,0
1,CASH_OUT,289645.52,C1446001495,0.0,0.0,C1023714065,871442.79,1412484.09,0,0
1,CASH_OUT,267148.82,C1261044180,0.0,0.0,C401424608,641975.35,1178808.14,0,0
1,CASH_OUT,47913.58,C141110631,0.0,0.0,C240650537,51304.0,0.0,0,0
1,CASH_OUT,193605.38,C2029372696,0.0,0.0,C1971489295,249452.05,0.0,0,0
1,CASH_OUT,344464.4,C793293778,0.0,0.0,C766572210,1133312.56,0.0,0,0
1,CASH_OUT,169409.87,C888611662,0.0,0.0,C401424608,909124.16,1178808.14,0,0
1,CASH_OUT,25793.74,C1966355106,0.0,0.0,C476800120,215312.31,49864.36,0,0
1,CASH_OUT,114712.48,C599782425,0.0,0.0,C1209271652,145400.0,0.0,0,0
1,CASH_OUT,89038.75,C1233327519,0.0,0.0,C2083562754,189808.0,1186556.81,0,0
1,CASH_OUT,1341.58,C1155769010,0.0,0.0,C557041912,80341.0,557537.26,0,0
1,CASH_OUT,44443.08,C269892014,0.0,0.0,C1590550415,6048647.54,19169204.93,0,0
1,CASH_OUT,34729.64,C1280641161,0.0,0.0,C1435804085,44853.0,96.88,0,0
1,CASH_OUT,105979.34,C489411441,0.0,0.0,C736709391,435962.9,46820.71,0,0
1,CASH_OUT,57794.61,C1141113940,0.0,0.0,C240650537,99217.58,0.0,0,0
1,CASH_OUT,15918.79,C1711185459,0.0,0.0,C1854778591,24553.0,0.0,0,0
1,CASH_OUT,19162.08,C25936709,0.0,0.0,C885951223,60169.0,215851.28,0,0
1,CASH_OUT,220691.42,C1123559518,0.0,0.0,C1590550415,6093090.62,19169204.93,0,0
1,CASH_OUT,9536.54,C649769713,0.0,0.0,C1060830840,49161.0,130747.56,0,0
1,CASH_OUT,29784.06,C925150995,0.0,0.0,C920011586,63553.0,0.0,0,0
1,CASH_OUT,190445.51,C1760219993,0.0,0.0,C1360767589,203679.0,2107965.39,0,0
1,CASH_OUT,57279.11,C1800649922,0.0,0.0,C824009085,127206.9,64106.18,0,0
1,CASH_OUT,112086.81,C403547747,0.0,0.0,C1531333864,292728.0,55974.56,0,0
1,CASH_OUT,80311.89,C172215878,0.0,0.0,C434091818,87408.0,63112.23,0,0
1,CASH_OUT,151829.91,C873309260,0.0,0.0,C1023714065,1161088.31,1412484.09,0,0
1,CASH_OUT,26004.52,C1112456099,0.0,0.0,C1225616405,52251.58,0.0,0,0
1,CASH_OUT,3146.16,C923083575,0.0,0.0,C1504109395,9471.0,593737.38,0,0
1,CASH_OUT,296752.75,C589363823,0.0,0.0,C1531333864,404814.81,55974.56,0,0
1,CASH_OUT,191702.06,C2052457859,0.0,0.0,C985934102,272624.5,971418.91,0,0
1,CASH_OUT,365510.05,C1299327689,0.0,0.0,C564160838,564572.76,1254956.07,0,0
1,CASH_OUT,202332.08,C1408279755,0.0,0.0,C453211571,342149.2,3461666.05,0,0
1,CASH_OUT,55105.9,C2007486296,0.0,0.0,C932583850,317952.89,2719172.89,0,0
1,CASH_OUT,171508.59,C1033348658,0.0,0.0,C1971489295,443057.43,0.0,0,0
1,CASH_OUT,178439.26,C1634723627,0.0,0.0,C2083562754,278846.75,1186556.81,0,0
1,CASH_OUT,88834.86,C938463537,0.0,0.0,C985934102,464326.57,971418.91,0,0
1,CASH_OUT,210370.09,C2121995675,0.0,0.0,C1170794006,1442298.03,22190.99,0,0
1,CASH_OUT,36437.06,C2120063568,0.0,0.0,C1740000325,154606.0,1363368.51,0,0
1,CASH_OUT,82691.56,C1620409359,0.0,0.0,C248609774,657983.89,6453430.91,0,0
1,CASH_OUT,338767.1,C691691381,0.0,0.0,C453211571,544481.28,3461666.05,0,0
1,CASH_OUT,187728.59,C264978436,0.0,0.0,C1360767589,394124.51,2107965.39,0,0
1,CASH_OUT,271002.7,C500618423,0.0,0.0,C451111351,851368.24,3940085.21,0,0
1,CASH_OUT,323105.08,C1458091526,0.0,0.0,C747464370,378299.67,1567434.81,0,0
1,CASH_OUT,10782.94,C768776793,0.0,0.0,C796533847,100585.0,0.0,0,0
1,CASH_OUT,89962.11,C2018260103,0.0,0.0,C240650537,157012.19,0.0,0,0
1,CASH_OUT,101940.14,C1393828949,0.0,0.0,C357863579,105362.0,92307.65,0,0
1,CASH_OUT,163100.34,C1088417975,0.0,0.0,C401424608,1078534.03,1178808.14,0,0
1,CASH_OUT,136030.66,C2036775591,0.0,0.0,C757108857,136875.83,0.0,0,0
1,CASH_OUT,68912.23,C1620529408,0.0,0.0,C1688019098,237326.8,97263.78,0,0
1,CASH_OUT,73464.06,C307488715,0.0,0.0,C1789550256,444779.0,4619798.56,0,0
1,CASH_OUT,106117.28,C758572926,0.0,0.0,C476402209,234216.94,51513.44,0,0
1,CASH_OUT,503333.79,C1640612861,0.0,0.0,C985934102,553161.42,971418.91,0,0
1,CASH_OUT,71991.42,C990679445,0.0,0.0,C557041912,81682.58,557537.26,0,0
1,CASH_OUT,91379.93,C913065088,0.0,0.0,C401424608,1241634.38,1178808.14,0,0
1,CASH_OUT,26759.05,C746280996,0.0,0.0,C1360767589,581853.1,2107965.39,0,0
1,CASH_OUT,128487.35,C50503805,0.0,0.0,C747464370,701404.75,1567434.81,0,0
1,CASH_OUT,252908.87,C1557989809,0.0,0.0,C33524623,919763.4,1517262.16,0,0
1,CASH_OUT,64489.64,C146874094,0.0,0.0,C1297685781,398424.59,16997.22,0,0
1,CASH_OUT,171369.73,C2123222442,0.0,0.0,C451111351,1122370.94,3940085.21,0,0
1,CASH_OUT,71532.24,C2082351661,2101.19,0.0,C1810132623,74956.0,97128.19,0,0
1,CASH_OUT,61159.51,C859690270,0.0,0.0,C476402209,340334.22,51513.44,0,0
1,CASH_OUT,12401.9,C1389774257,0.0,0.0,C1096283470,349763.0,0.0,0,0
1,CASH_OUT,32702.61,C553759818,0.0,0.0,C75457651,253053.0,31469.78,0,0
1,TRANSFER,480222.51,C201677908,11110.0,0.0,C451111351,1293740.67,3940085.21,0,0
1,TRANSFER,2806.0,C1420196421,2806.0,0.0,C972765878,0.0,0.0,1,0
1,CASH_OUT,2806.0,C2101527076,2806.0,0.0,C1007251739,26202.0,0.0,1,0
1,CASH_OUT,280877.92,C1544614339,2188.97,0.0,C1297685781,462914.23,16997.22,0,0
1,TRANSFER,157883.07,C973936431,46547.0,0.0,C1335050193,72793.0,353532.56,0,0
1,CASH_OUT,102153.86,C2015301874,1776.23,0.0,C1335050193,230676.07,353532.56,0,0
1,CASH_OUT,369989.2,C1936550492,9515.86,0.0,C1789550256,518243.06,4619798.56,0,0
1,CASH_OUT,215338.28,C594651850,0.0,0.0,C75457651,285755.61,31469.78,0,0
1,CASH_OUT,65521.42,C1532139270,0.0,0.0,C920011586,93337.06,0.0,0,0
1,CASH_OUT,116977.58,C1677568775,0.0,0.0,C1740000325,191043.06,1363368.51,0,0
1,CASH_OUT,262392.36,C2069500590,0.0,0.0,C2083562754,457286.01,1186556.81,0,0
1,CASH_OUT,51121.05,C1431556341,0.0,0.0,C1740000325,308020.64,1363368.51,0,0
1,CASH_OUT,202624.59,C452364286,0.0,0.0,C985934102,1056495.21,971418.91,0,0
1,CASH_OUT,118235.16,C350069300,0.0,0.0,C1335050193,332829.93,353532.56,0,0
1,CASH_OUT,118056.71,C1060703587,0.0,0.0,C757108857,272906.49,0.0,0,0
1,CASH_OUT,498960.91,C1957078537,0.0,0.0,C1360767589,608612.15,2107965.39,0,0
1,CASH_OUT,691738.36,C1514214932,0.0,0.0,C1590550415,6285707.02,19169204.93,0,0
1,CASH_OUT,58820.08,C594858858,0.0,0.0,C1360767589,1107573.06,2107965.39,0,0
1,CASH_OUT,302693.14,C140404585,18454.54,0.0,C1688019098,306239.03,97263.78,0,0
1,CASH_OUT,410201.89,C1279740095,21448.0,0.0,C1750905143,61613.0,424250.45,0,0
1,CASH_OUT,40684.97,C1985938863,10782.14,0.0,C1291286504,49530.0,66575.5,0,0
1,CASH_OUT,106267.21,C487416600,0.0,0.0,C476800120,241106.05,49864.36,0,0
1,TRANSFER,123179.97,C1447353473,7215.0,0.0,C20671747,12904.68,43691.09,0,0
1,TRANSFER,522264.81,C1927963027,24.0,0.0,C1234776885,11361.0,2025098.66,0,0
1,TRANSFER,26923.42,C1108517064,11049.67,0.0,C1983747920,199404.91,95508.95,0,0
1,TRANSFER,53783.57,C511354923,0.0,0.0,C1899073220,75514.0,420946.86,0,0
1,TRANSFER,80333.28,C992743048,0.0,0.0,C1749186397,321592.98,277515.05,0,0
1,TRANSFER,211075.91,C1540894701,0.0,0.0,C564160838,930082.81,1254956.07,0,0
1,TRANSFER,100677.86,C203149502,0.0,0.0,C1531333864,701567.56,55974.56,0,0
1,TRANSFER,473499.51,C1198197478,0.0,0.0,C453211571,883248.39,3461666.05,0,0
1,TRANSFER,1538200.39,C476579021,0.0,0.0,C1590550415,6977445.38,19169204.93,0,0
1,TRANSFER,2421578.09,C106297322,0.0,0.0,C1590550415,8515645.77,19169204.93,0,0
1,TRANSFER,1349670.68,C1419332030,0.0,0.0,C665576141,1538085.96,5515763.34,0,0
1,TRANSFER,314403.14,C1262110193,0.0,0.0,C1789550256,888232.25,4619798.56,0,0
1,TRANSFER,1457213.54,C396918327,0.0,0.0,C1590550415,10937223.86,19169204.93,0,0
1,TRANSFER,180368.84,C1055601039,0.0,0.0,C1359044626,1437353.34,16518.36,0,0
1,TRANSFER,445038.71,C547441493,0.0,0.0,C1531333864,802245.42,55974.56,0,0
1,TRANSFER,1123206.66,C967677821,0.0,0.0,C451111351,1773963.18,3940085.21,0,0
1,TRANSFER,176334.26,C169880779,45136.0,0.0,C1286084959,1251626.46,2107778.11,0,0
1,TRANSFER,161217.61,C552674617,0.0,0.0,C909295153,199733.0,5602234.95,0,0
1,TRANSFER,108443.61,C1974622245,0.0,0.0,C240650537,246974.3,0.0,0,0
1,TRANSFER,75442.68,C402808045,0.0,0.0,C1318822808,80469.0,500631.71,0,0
1,TRANSFER,55536.86,C332365138,0.0,0.0,C392292416,915902.37,3420103.09,0,0
1,TRANSFER,438437.09,C977160959,0.0,0.0,C248609774,740675.45,6453430.91,0,0
1,TRANSFER,928722.69,C1563053805,0.0,0.0,C985934102,1259119.8,971418.91,0,0
1,TRANSFER,1478772.04,C1464177809,0.0,0.0,C1170794006,1652668.12,22190.99,0,0
1,TRANSFER,2545478.01,C1057507014,0.0,0.0,C1590550415,12394437.4,19169204.93,0,0
1,TRANSFER,2061082.82,C2007599722,0.0,0.0,C1590550415,14939915.42,19169204.93,0,0
1,TRANSFER,983479.66,C2029780820,0.0,0.0,C1170794006,3131440.16,22190.99,0,0
1,TRANSFER,635507.97,C65080774,0.0,0.0,C747464370,834457.23,1567434.81,0,0
1,TRANSFER,848231.57,C2116179210,0.0,0.0,C1170794006,4114919.82,22190.99,0,0
1,TRANSFER,739112.93,C1172535934,0.0,0.0,C564160838,1141158.73,1254956.07,0,0
1,TRANSFER,324397.94,C1648700617,0.0,0.0,C932583850,373058.79,2719172.89,0,0
1,TRANSFER,982862.81,C1765900922,0.0,0.0,C985934102,2187842.49,971418.91,0,0
1,TRANSFER,955855.0,C94830685,0.0,0.0,C248609774,1179112.54,6453430.91,0,0
1,TRANSFER,179253.24,C1539947037,0.0,0.0,C1870252780,179614.1,46462.23,0,0
1,CASH_OUT,373068.26,C1047934137,20034.0,0.0,C1286084959,1427960.73,2107778.11,0,0
1,TRANSFER,420532.33,C582300198,5386.08,0.0,C1971489295,614566.02,0.0,0,0
1,CASH_OUT,147804.02,C1086849943,66.14,0.0,C1182461167,158919.0,23508.22,0,0
1,CASH_OUT,145944.67,C177104018,24376.0,0.0,C1123629720,222.0,46393.85,0,0
1,TRANSFER,7206.33,C478139423,24932.0,17725.67,C1032986144,21308.0,18161.79,0,0
1,TRANSFER,276460.62,C1871680329,595.0,0.0,C1360767589,1105242.28,2107965.39,0,0
1,CASH_OUT,95636.49,C1979055448,0.0,0.0,C1740000325,359141.7,1363368.51,0,0
1,CASH_OUT,195314.34,C934740803,0.0,0.0,C2083562754,491226.48,1186556.81,0,0
1,TRANSFER,51719.13,C1659515968,882.0,0.0,C1629911510,59670.0,15375.37,0,0
1,CASH_OUT,562903.81,C24039137,9045.19,0.0,C33524623,564519.9,1517262.16,0,0
1,CASH_OUT,227478.01,C1394010463,25743.78,0.0,C1590550415,16428780.87,19169204.93,0,0
1,TRANSFER,100588.8,C1636588948,18913.68,0.0,C2050019814,105223.0,0.0,0,0
1,CASH_OUT,227768.63,C1445424568,1011466.31,783697.68,C1023714065,530123.48,1412484.09,0,0
1,CASH_OUT,172986.7,C1374217958,783697.68,610710.98,C33524623,686295.71,1517262.16,0,0
1,TRANSFER,20128.0,C137533655,20128.0,0.0,C1848415041,0.0,0.0,1,0
1,CASH_OUT,20128.0,C1118430673,20128.0,0.0,C339924917,6268.0,12145.85,1,0
1,CASH_OUT,213922.13,C1768127248,16418.22,0.0,C1234776885,431956.63,2025098.66,0,0
1,CASH_OUT,83859.59,C119112899,0.0,0.0,C1590550415,16387548.36,19169204.93,0,0
1,CASH_OUT,33269.25,C375074687,0.0,0.0,C1629911510,111389.13,15375.37,0,0
1,CASH_OUT,51749.94,C1429616542,0.0,0.0,C297927961,62470.0,132842.64,0,0
1,CASH_OUT,86410.3,C662666707,0.0,0.0,C1023714065,757892.11,1412484.09,0,0
1,CASH_OUT,10856.63,C1821100643,0.0,0.0,C1740000325,217845.38,1363368.51,0,0
1,CASH_OUT,161613.93,C593768538,0.0,0.0,C1789550256,402063.39,4619798.56,0,0
1,CASH_OUT,244361.81,C1191864687,0.0,0.0,C33524623,859282.41,1517262.16,0,0
1,CASH_OUT,596617.87,C466032056,0.0,0.0,C1234776885,645878.76,2025098.66,0,0
1,CASH_OUT,108600.78,C690822257,0.0,0.0,C1810132623,146488.24,97128.19,0,0
1,CASH_OUT,377520.94,C726212590,0.0,0.0,C1789550256,563677.32,4619798.56,0,0
1,CASH_OUT,60758.42,C1058822905,0.0,0.0,C1318822808,155911.68,500631.71,0,0
1,CASH_OUT,86204.31,C475394679,0.0,0.0,C1789550256,941198.26,4619798.56,0,0
1,CASH_OUT,1234.0,C1574615832,0.0,0.0,C1983025922,29906.0,7550.03,0,0
1,CASH_OUT,18288.91,C1049590050,0.0,0.0,C1286084959,858090.28,2107778.11,0,0
1,CASH_OUT,248979.22,C1662592920,0.0,0.0,C33524623,1103644.22,1517262.16,0,0
1,CASH_OUT,126774.5,C1357686726,0.0,0.0,C1234776885,1242496.63,2025098.66,0,0
1,CASH_OUT,38428.19,C1491522744,0.0,0.0,C1568059495,43524.89,122750.49,0,0
1,CASH_OUT,109732.52,C501608687,0.0,0.0,C1816757085,8244985.62,10681238.79,0,0
1,CASH_OUT,17851.54,C929706284,0.0,0.0,C824208363,32353.0,0.0,0,0
1,CASH_OUT,5223.97,C42820240,0.0,0.0,C1122805102,10429.69,23568.91,0,0
1,CASH_OUT,63807.17,C1822434669,0.0,0.0,C2083562754,558216.18,1186556.81,0,0
1,CASH_OUT,406297.68,C1592840862,0.0,0.0,C985934102,882606.73,971418.91,0,0
1,TRANSFER,16631.14,C1021565761,0.0,0.0,C998351292,89102.55,1015132.48,0,0
1,CASH_OUT,431381.17,C1076202543,40481.0,0.0,C306206744,55566.0,3554299.27,0,0
1,TRANSFER,43670.84,C749486981,0.0,0.0,C885951223,79331.08,215851.28,0,0
1,CASH_OUT,213490.87,C1907241392,75550.57,0.0,C1971489295,508139.13,0.0,0,0
1,CASH_OUT,287265.38,C739264372,24458.17,0.0,C306206744,486947.17,3554299.27,0,0
1,CASH_OUT,416001.33,C749981943,0.0,0.0,C667346055,102.0,9291619.62,1,0
1,TRANSFER,463722.76,C1734184086,349.0,0.0,C832279283,18285.39,185389.8,0,0
1,TRANSFER,138857.19,C1947941827,109473.0,0.0,C1789550256,1027402.57,4619798.56,0,0
1,CASH_OUT,88987.11,C2014563089,2816.58,0.0,C932583850,696184.96,2719172.89,0,0
1,TRANSFER,345698.98,C1453062635,40419.0,0.0,C997608398,20489.94,157982.12,0,0
1,TRANSFER,32132.45,C2116299597,62491.91,30359.46,C1466073198,59605.0,0.0,0,0
1,TRANSFER,51627.39,C50720817,30359.46,0.0,C1526298704,81243.0,32092.07,0,0
1,TRANSFER,62073.54,C1496220730,0.0,0.0,C1740000325,228702.01,1363368.51,0,0
1,TRANSFER,13614.91,C488600086,0.0,0.0,C380242442,30195.0,0.0,0,0
1,TRANSFER,2290.73,C1111379131,0.0,0.0,C660143728,79471.66,42450.71,0,0
1,TRANSFER,637161.0,C1846982837,0.0,0.0,C1789550256,1166259.76,4619798.56,0,0
1,TRANSFER,639378.37,C1135935001,0.0,0.0,C392292416,753824.15,3420103.09,0,0
1,TRANSFER,34390.85,C635288507,0.0,0.0,C1291286504,90214.97,66575.5,0,0
1,TRANSFER,1867849.02,C355885103,0.0,0.0,C665576141,2271538.11,5515763.34,0,0
1,TRANSFER,1193410.46,C1321115948,0.0,0.0,C1590550415,16471407.95,19169204.93,0,0
1,TRANSFER,348186.2,C706665172,0.0,0.0,C306206744,774212.55,3554299.27,0,0
1,TRANSFER,1440296.14,C1649847375,0.0,0.0,C1590550415,17664818.4,19169204.93,0,0
1,TRANSFER,799483.57,C1153933106,0.0,0.0,C306206744,1122398.75,3554299.27,0,0
1,TRANSFER,969631.31,C2144067911,0.0,0.0,C248609774,2134967.54,6453430.91,0,0
1,TRANSFER,483544.3,C593447952,0.0,0.0,C1286084959,876379.19,2107778.11,0,0
1,TRANSFER,326349.91,C1950136544,0.0,0.0,C564160838,778150.49,1254956.07,0,0
1,TRANSFER,84212.94,C1336775847,53199.0,0.0,C13329486,0.0,84212.94,0,0
1,CASH_OUT,312108.51,C1196963249,0.0,0.0,C1262822392,8043910.53,12494367.15,0,0
1,CASH_OUT,116206.75,C1924990666,283572.48,167365.73,C1318822808,216670.1,500631.71,0,0
1,CASH_OUT,30331.38,C144445623,167365.73,137034.36,C998351292,105733.69,1015132.48,0,0
1,CASH_OUT,123797.1,C295640874,23621.65,0.0,C557041912,153674.01,557537.26,0,0
1,TRANSFER,621561.65,C82275756,123122.0,0.0,C1782113663,0.0,3997768.55,0,0
1,CASH_OUT,41924.75,C1407324654,0.0,0.0,C1526298704,132870.39,32092.07,0,0
1,CASH_OUT,173597.57,C1101598632,0.0,0.0,C248609774,3104598.86,6453430.91,0,0
1,CASH_OUT,77642.84,C1032568028,0.0,0.0,C667346055,416103.33,9291619.62,0,0
1,CASH_OUT,144964.23,C1380976928,0.0,0.0,C932583850,785172.07,2719172.89,0,0
1,CASH_OUT,94038.9,C293474277,0.0,0.0,C998351292,136065.07,1015132.48,0,0
1,CASH_OUT,26051.33,C413373997,0.0,0.0,C215145189,28479.11,1891.79,0,0
1,CASH_OUT,134143.27,C2024711353,0.0,0.0,C451111351,1754894.42,3940085.21,0,0
1,CASH_OUT,497424.19,C711310213,0.0,0.0,C932583850,930136.3,2719172.89,0,0
1,CASH_OUT,607616.73,C1267042315,0.0,0.0,C1286084959,1359923.49,2107778.11,0,0
1,CASH_OUT,681093.57,C1335061928,0.0,0.0,C1023714065,844302.4,1412484.09,0,0
1,CASH_OUT,114057.61,C1108706191,0.0,0.0,C932583850,1427560.49,2719172.89,0,0
1,CASH_OUT,205279.62,C1160487387,0.0,0.0,C932583850,1541618.1,2719172.89,0,0
1,CASH_OUT,173512.93,C579447973,0.0,0.0,C1816757085,8354718.14,10681238.79,0,0
1,CASH_OUT,166817.98,C1990421361,0.0,0.0,C1971489295,721630.0,0.0,0,0
1,CASH_OUT,113283.13,C407148497,0.0,0.0,C885951223,123001.91,215851.28,0,0
1,CASH_OUT,179030.05,C16373883,0.0,0.0,C1360767589,1357232.47,2107965.39,0,0
1,CASH_OUT,94332.0,C1878700101,0.0,0.0,C1782113663,621561.65,3997768.55,0,0
1,CASH_OUT,141111.15,C40875560,0.0,0.0,C2083562754,622023.34,1186556.81,0,0
1,CASH_OUT,45756.23,C1042891691,0.0,0.0,C392292416,1393202.52,3420103.09,0,0
1,CASH_OUT,6039.61,C1893563925,0.0,0.0,C1653844940,31164.0,37203.61,0,0
1,CASH_OUT,46261.02,C1251967187,0.0,0.0,C575335780,85758.95,52415.15,0,0
1,CASH_OUT,312471.16,C901689694,0.0,0.0,C1789550256,1803420.75,4619798.56,0,0
1,CASH_OUT,195490.04,C1107204185,0.0,0.0,C564160838,1104500.4,1254956.07,0,0
1,CASH_OUT,107308.84,C1523084197,0.0,0.0,C1291286504,124605.82,66575.5,0,0
1,CASH_OUT,48252.82,C1818747191,0.0,0.0,C451111351,1889037.69,3940085.21,0,0
1,CASH_OUT,25674.03,C747870628,0.0,0.0,C597190999,30563.0,6830.83,0,0
1,CASH_OUT,63830.49,C421191743,0.0,0.0,C1531333864,412307.54,55974.56,0,0
1,CASH_OUT,96178.8,C9844218,0.0,0.0,C1749186397,111973.96,277515.05,0,0
1,CASH_OUT,155122.86,C1403716230,0.0,0.0,C997608398,367930.17,157982.12,0,0
1,CASH_OUT,171757.76,C1673916398,0.0,0.0,C2050019814,205811.8,0.0,0,0
1,CASH_OUT,8809.04,C756080817,0.0,0.0,C1740000325,137034.36,1363368.51,0,0
1,CASH_OUT,27320.2,C479734028,0.0,0.0,C614685048,79191.11,0.0,0,0
1,CASH_OUT,517915.91,C388802347,0.0,0.0,C1170794006,4404060.84,22190.99,0,0
1,CASH_OUT,34629.16,C1541046463,0.0,0.0,C1860513229,38735.74,0.0,0,0
1,CASH_OUT,94296.25,C1910896157,0.0,0.0,C401424608,336692.95,1178808.14,0,0
1,CASH_OUT,285360.06,C753426788,0.0,0.0,C1782113663,715893.66,3997768.55,0,0
1,CASH_OUT,161445.91,C1586470445,0.0,0.0,C557041912,277471.11,557537.26,0,0
1,CASH_OUT,386683.04,C1373577787,0.0,0.0,C33524623,1352623.44,1517262.16,0,0
1,CASH_OUT,169854.57,C265577219,0.0,0.0,C1816757085,8528231.07,10681238.79,0,0
1,CASH_OUT,126167.7,C1624817884,0.0,0.0,C248609774,3278196.43,6453430.91,0,0
1,CASH_OUT,152757.58,C1107579932,0.0,0.0,C1262822392,8356019.04,12494367.15,0,0
1,CASH_OUT,49661.18,C1784834205,0.0,0.0,C451111351,1937290.51,3940085.21,0,0
1,CASH_OUT,73513.5,C1174586025,0.0,0.0,C1750905143,236639.0,424250.45,0,0
1,CASH_OUT,166335.32,C1627010197,0.0,0.0,C33524623,1739306.48,1517262.16,0,0
1,CASH_OUT,234268.82,C4073506,0.0,0.0,C1750905143,310152.51,424250.45,0,0
1,CASH_OUT,306280.12,C2044825144,0.0,0.0,C1360767589,1536262.52,2107965.39,0,0
1,CASH_OUT,194620.68,C698747943,0.0,0.0,C453211571,610710.98,3461666.05,0,0
1,CASH_OUT,128278.74,C407493402,0.0,0.0,C1262822392,8508776.62,12494367.15,0,0
1,CASH_OUT,256773.54,C1774690057,0.0,0.0,C1971489295,888447.97,0.0,0,0
1,CASH_OUT,105759.12,C480402503,0.0,0.0,C1318822808,332876.84,500631.71,0,0
1,CASH_OUT,59390.46,C100445376,0.0,0.0,C977993101,73791.34,965870.05,0,0
1,CASH_OUT,131991.26,C1396385390,0.0,0.0,C1971489295,1145221.51,0.0,0,0
1,CASH_OUT,65025.3,C114414807,0.0,0.0,C977993101,133181.81,965870.05,0,0
1,CASH_OUT,82054.36,C144699438,0.0,0.0,C1526298704,174795.14,32092.07,0,0
1,CASH_OUT,69708.79,C1751500625,0.0,0.0,C1335050193,71982.88,353532.56,0,0
1,CASH_OUT,9104.26,C1650955365,0.0,0.0,C990355670,10623.0,19727.26,0,0
1,CASH_OUT,92553.64,C1788380050,0.0,0.0,C1182461167,297655.51,23508.22,0,0
1,CASH_OUT,66312.08,C493944943,0.0,0.0,C1750905143,544421.33,424250.45,0,0
1,CASH_OUT,142282.63,C1533547487,0.0,0.0,C453211571,805331.66,3461666.05,0,0
1,CASH_OUT,114499.14,C99770475,0.0,0.0,C1899073220,129297.57,420946.86,0,0
1,CASH_OUT,76635.24,C727250772,0.0,0.0,C357863579,102696.35,92307.65,0,0
1,CASH_OUT,132574.0,C1052768296,0.0,0.0,C977993101,198207.11,965870.05,0,0
1,CASH_OUT,39485.21,C626193099,0.0,0.0,C1883840933,9987286.56,16874643.09,0,0
1,CASH_OUT,236825.42,C859123506,0.0,0.0,C1899073220,243796.7,420946.86,0,0
1,CASH_OUT,327066.19,C1597742167,0.0,0.0,C453211571,947614.29,3461666.05,0,0
1,CASH_OUT,156819.6,C503595296,0.0,0.0,C1318822808,438635.96,500631.71,0,0
1,CASH_OUT,13136.44,C754072705,0.0,0.0,C1023714065,1525395.97,1412484.09,0,0
1,CASH_OUT,132038.41,C1324514662,0.0,0.0,C998351292,230103.96,1015132.48,0,0
1,TRANSFER,47477.97,C1733056574,6066.0,0.0,C1629911510,144658.38,15375.37,0,0
1,CASH_OUT,251241.14,C1636178473,25534.61,0.0,C997608398,523053.03,157982.12,0,0
1,CASH_OUT,283123.48,C852190062,497409.0,214285.52,C1831477404,16872.0,247063.16,0,0
1,CASH_OUT,102265.88,C1562764987,58369.71,0.0,C392292416,1438958.75,3420103.09,0,0
1,CASH_OUT,68662.06,C118555812,2083.59,0.0,C1740000325,145843.39,1363368.51,0,0
1,TRANSFER,411363.54,C1200048933,39951.0,0.0,C1049817027,52170.0,60738.03,0,0
1,CASH_OUT,174068.82,C1877986974,65734.09,0.0,C33524623,1905641.8,1517262.16,0,0
1,TRANSFER,1277212.77,C1334405552,1277212.77,0.0,C431687661,0.0,0.0,1,0
1,CASH_OUT,1277212.77,C467632528,1277212.77,0.0,C716083600,0.0,2444985.19,1,0
1,CASH_OUT,111899.09,C1800500978,12998.94,0.0,C1883840933,10026771.77,16874643.09,0,0
1,TRANSFER,56145.85,C26357357,21528.0,0.0,C1058634310,5075.0,33008.44,0,0
1,TRANSFER,700967.19,C1629454900,15383.0,0.0,C1060830840,50767.43,130747.56,0,0
1,CASH_OUT,209370.56,C98351968,0.0,0.0,C885951223,236285.04,215851.28,0,0
1,CASH_OUT,117023.79,C1278616846,0.0,0.0,C22805895,121366.44,651524.92,0,0
1,CASH_OUT,472385.25,C1193841543,26210.19,0.0,C392292416,1541224.63,3420103.09,0,0
1,CASH_OUT,197186.52,C105751207,101380.99,0.0,C998351292,362142.37,1015132.48,0,0
1,CASH_OUT,242940.23,C1924227192,25985.64,0.0,C453211571,1274680.48,3461666.05,0,0
1,TRANSFER,221654.28,C637091966,22377.0,0.0,C476800120,31493.45,49864.36,0,0
1,CASH_OUT,334262.17,C1163088324,1906232.33,1571970.16,C985934102,1288904.4,971418.91,0,0
1,CASH_OUT,208501.33,C2113243119,0.0,0.0,C1816757085,8698085.64,10681238.79,0,0
1,CASH_OUT,363482.02,C1457226878,25365.85,0.0,C1899073220,480622.13,420946.86,0,0
1,CASH_OUT,540789.56,C1609086753,18130.0,0.0,C1023714065,1538532.42,1412484.09,0,0
1,TRANSFER,66225.76,C1968552224,11642.0,0.0,C367746789,16946.28,0.0,0,0
1,CASH_OUT,310157.55,C1556461159,0.0,0.0,C1590550415,19105114.55,19169204.93,0,0
1,TRANSFER,47564.74,C983767354,359.21,0.0,C1671179293,82250.0,58319.72,0,0
1,CASH_OUT,593.4,C1890287843,0.0,0.0,C1123629720,149933.66,46393.85,0,0
1,TRANSFER,264361.19,C2017860548,29083.86,0.0,C716083600,1277212.77,2444985.19,0,0
1,CASH_OUT,160700.51,C1395073533,476683.72,315983.22,C557041912,438917.02,557537.26,0,0
1,CASH_OUT,9864.23,C2142893855,0.0,0.0,C1254526270,15207.22,0.0,0,0
1,TRANSFER,35063.63,C1364127192,35063.63,0.0,C1136419747,0.0,0.0,1,0
1,CASH_OUT,35063.63,C1635772897,35063.63,0.0,C1983025922,31140.0,7550.03,1,0
1,CASH_OUT,161796.96,C609887969,226.11,0.0,C985934102,1623166.58,971418.91,0,0
1,CASH_OUT,107292.25,C1298380324,0.0,0.0,C1096283470,199498.92,0.0,0,0
1,CASH_OUT,427175.03,C1602167682,20465.43,0.0,C248609774,3404364.13,6453430.91,0,0
1,CASH_OUT,151096.79,C977997405,0.0,0.0,C1049817027,463533.54,60738.03,0,0
1,TRANSFER,281425.06,C310276293,0.0,0.0,C1831477404,299995.48,247063.16,0,0
1,TRANSFER,18561.23,C1494277749,0.0,0.0,C1629911510,192136.35,15375.37,0,0
1,TRANSFER,39069.42,C1091107430,0.0,0.0,C22805895,238390.23,651524.92,0,0
1,TRANSFER,63186.93,C521342639,0.0,0.0,C1123629720,150527.05,46393.85,0,0
1,TRANSFER,419757.69,C2114629072,0.0,0.0,C998351292,559328.89,1015132.48,0,0
1,TRANSFER,127920.4,C557197074,0.0,0.0,C977993101,330781.11,965870.05,0,0
1,TRANSFER,11136.72,C669725336,0.0,0.0,C1782580546,16180.11,27316.83,0,0
1,TRANSFER,33782.98,C537536188,0.0,0.0,C1973538135,39134.79,16896.7,0,0
1,TRANSFER,3776389.09,C197491520,0.0,0.0,C1883840933,10138670.86,16874643.09,0,0
1,TRANSFER,1127058.69,C458998685,0.0,0.0,C453211571,1517620.71,3461666.05,0,0
1,TRANSFER,112401.53,C1700421020,0.0,0.0,C1688019098,259740.13,97263.78,0,0
1,TRANSFER,668237.36,C345290829,0.0,0.0,C1789550256,2115891.91,4619798.56,0,0
1,TRANSFER,789419.02,C883678948,0.0,0.0,C1286084959,1967540.22,2107778.11,0,0
1,TRANSFER,569068.84,C1906947271,0.0,0.0,C1782113663,1001253.72,3997768.55,0,0
1,TRANSFER,682894.68,C1177072083,0.0,0.0,C1023714065,2079321.97,1412484.09,0,0
1,TRANSFER,443116.03,C2010070923,0.0,0.0,C564160838,1299990.45,1254956.07,0,0
1,TRANSFER,3942.44,C502891368,0.0,0.0,C1225616405,25716.56,0.0,0,0
1,TRANSFER,539430.95,C566891420,0.0,0.0,C1750905143,595549.33,424250.45,0,0
1,TRANSFER,598782.65,C577734751,0.0,0.0,C453211571,2644679.4,3461666.05,0,0
1,TRANSFER,600581.61,C752011518,0.0,0.0,C1782113663,1570322.56,3997768.55,0,0
1,TRANSFER,221297.05,C2103569615,0.0,0.0,C1318822808,595455.57,500631.71,0,0
1,TRANSFER,249592.99,C214320652,0.0,0.0,C1318822808,816752.62,500631.71,0,0
1,CASH_OUT,9980.32,C1589466857,12936.0,2955.68,C1018298342,0.0,9980.32,0,0
1,CASH_OUT,265763.02,C795273218,57485.05,0.0,C985934102,1784963.53,971418.91,0,0
1,TRANSFER,301298.69,C1520491508,213449.0,0.0,C662736689,25871.21,4891090.56,0,0
1,TRANSFER,45864.43,C1263391254,10675.0,0.0,C85777802,42769.62,0.0,0,0
1,TRANSFER,208376.61,C268379633,133.99,0.0,C716083600,1541573.96,2444985.19,0,0
1,TRANSFER,131033.44,C201392112,0.0,0.0,C1335050193,141691.68,353532.56,0,0
1,TRANSFER,223848.92,C641664202,0.0,0.0,C1526298704,249663.72,32092.07,0,0
1,TRANSFER,68332.36,C748975217,0.0,0.0,C1782113663,2170904.16,3997768.55,0,0
1,TRANSFER,205368.78,C1510087865,0.0,0.0,C985934102,2050726.55,971418.91,0,0
1,TRANSFER,424141.36,C1366722422,0.0,0.0,C2083562754,763134.49,1186556.81,0,0
1,TRANSFER,373185.07,C254918854,0.0,0.0,C401424608,430989.2,1178808.14,0,0
1,TRANSFER,2258388.15,C12139181,0.0,0.0,C1789550256,2784129.27,4619798.56,0,0
1,TRANSFER,250968.18,C1251219927,0.0,0.0,C1782113663,2239236.52,3997768.55,0,0
1,TRANSFER,19772.53,C792488644,0.0,0.0,C2094777811,44486.99,64259.52,0,0
1,TRANSFER,43023.82,C780843029,0.0,0.0,C660143728,56750.45,42450.71,0,0
1,TRANSFER,1628887.72,C1739555643,0.0,0.0,C451111351,1986951.69,3940085.21,0,0
1,TRANSFER,755499.13,C220165304,0.0,0.0,C1262822392,8637055.36,12494367.15,0,0
1,TRANSFER,289203.45,C1094272405,0.0,0.0,C998351292,979086.58,1015132.48,0,0
1,TRANSFER,902485.36,C973604791,0.0,0.0,C392292416,2016196.28,3420103.09,0,0
1,TRANSFER,351854.11,C564526486,0.0,0.0,C451111351,3615839.41,3940085.21,0,0
1,TRANSFER,605790.2,C1466558382,0.0,0.0,C401424608,804174.27,1178808.14,0,0
1,TRANSFER,353312.93,C1551303995,0.0,0.0,C977993101,458701.51,965870.05,0,0
1,TRANSFER,855931.4,C649630909,0.0,0.0,C1234776885,1329839.38,2025098.66,0,0
1,TRANSFER,699928.86,C679449777,0.0,0.0,C998351292,1268290.04,1015132.48,0,0
1,TRANSFER,200774.62,C913746983,23849.03,0.0,C1810132623,255089.02,97128.19,0,0
1,TRANSFER,109552.96,C1363800072,9915.47,0.0,C1360767589,1846787.05,2107965.39,0,0
1,TRANSFER,59531.87,C1886567481,0.0,0.0,C998351292,1968218.89,1015132.48,0,0
1,TRANSFER,133637.07,C361571676,0.0,0.0,C306206744,1921882.33,3554299.27,0,0
1,TRANSFER,75752.73,C749100260,0.0,0.0,C1688019098,372141.66,97263.78,0,0
1,TRANSFER,100362.16,C846274760,0.0,0.0,C747464370,876637.74,1567434.81,0,0
1,TRANSFER,191177.92,C1460126155,0.0,0.0,C716083600,1749950.57,2444985.19,0,0
1,TRANSFER,435589.96,C727497138,0.0,0.0,C401424608,1409964.46,1178808.14,0,0
1,TRANSFER,1950.77,C889422145,0.0,0.0,C614685048,106511.31,0.0,0,0
1,TRANSFER,2223005.62,C248483913,0.0,0.0,C248609774,3831539.16,6453430.91,0,0
1,TRANSFER,902505.61,C1731137986,0.0,0.0,C932583850,1571970.16,2719172.89,0,0
1,TRANSFER,1201716.66,C695248316,0.0,0.0,C665576141,4139387.14,5515763.34,0,0
1,TRANSFER,494972.01,C5255258,0.0,0.0,C1234776885,2185770.78,2025098.66,0,0
1,TRANSFER,1417001.19,C1928312257,0.0,0.0,C306206744,2055519.4,3554299.27,0,0
1,CASH_OUT,319825.94,C843867341,19290.55,0.0,C564160838,1743106.48,1254956.07,0,0
1,CASH_OUT,129431.13,C324507700,0.0,0.0,C747464370,976999.9,1567434.81,0,0
1,CASH_OUT,105351.94,C616443292,0.0,0.0,C401424608,1845554.42,1178808.14,0,0
1,CASH_OUT,38167.0,C1540832538,0.0,0.0,C488044861,82599.36,5203.54,0,0
1,CASH_OUT,4682.74,C183259297,0.0,0.0,C195600860,27134.6,40348.79,0,0
1,TRANSFER,271161.74,C1658487789,0.0,0.0,C1219161283,0.0,0.0,0,0
1,TRANSFER,274108.4,C1568949719,0.0,0.0,C564160838,2062932.43,1254956.07,0,0
1,TRANSFER,378703.81,C347808407,31813.0,0.0,C838411509,6353.62,22774.25,0,0
1,CASH_OUT,139754.72,C577245010,6000879.7,5861124.98,C932583850,2474475.78,2719172.89,0,0
1,CASH_OUT,286803.5,C1481751887,0.0,0.0,C997608398,774294.17,157982.12,0,0
1,CASH_OUT,153952.87,C1017792343,19336.33,0.0,C1023714065,2207835.95,1412484.09,0,0
1,TRANSFER,412906.88,C478182173,10353.0,0.0,C1068824137,20894.07,265092.36,0,0
1,TRANSFER,288638.46,C596333086,0.0,0.0,C747464370,1106431.03,1567434.81,0,0
1,TRANSFER,379953.15,C1490985125,121856.0,0.0,C459857341,19826.79,387263.02,0,0
1,CASH_OUT,124832.65,C452457802,128.0,0.0,C812586739,4795.0,122027.28,0,0
1,TRANSFER,302151.25,C1857910993,166321.0,0.0,C1234250905,1786.0,193018.94,0,0
1,CASH_OUT,130905.88,C841537936,48699.47,0.0,C1068824137,433800.95,265092.36,0,0
1,TRANSFER,7276.69,C701681793,93.0,0.0,C154319946,1463.0,0.0,0,0
1,TRANSFER,70543.76,C1964926542,80351.55,9807.8,C997608398,1061097.67,157982.12,0,0
1,TRANSFER,81222.77,C280223635,180207.0,98984.23,C453211571,3243462.05,3461666.05,0,0
1,TRANSFER,273951.34,C866273692,0.0,0.0,C1262822392,9392554.49,12494367.15,0,0
1,TRANSFER,490341.11,C242408359,20846.0,0.0,C1504109395,0.0,593737.38,0,0
1,CASH_OUT,204691.97,C1009916891,11535.71,0.0,C1068824137,564706.83,265092.36,0,0
1,TRANSFER,421520.68,C501951555,80772.0,0.0,C2083117811,31429.67,290772.6,0,0
1,CASH_OUT,265803.38,C1822630059,2634964.27,2369160.89,C1839337592,20480.0,141110.62,0,0
1,TRANSFER,9533.48,C61304908,13056.0,3522.52,C800281454,888.0,0.0,0,0
1,TRANSFER,139555.44,C1733619456,19466.0,0.0,C317071334,0.0,139555.44,0,0
1,CASH_OUT,130470.14,C615853374,25359.85,0.0,C564160838,1280773.97,1254956.07,0,0
1,TRANSFER,722161.86,C366916060,11120.0,0.0,C836514715,0.0,708608.07,0,0
1,CASH_OUT,315325.25,C1048128739,0.0,0.0,C665576141,5341103.79,5515763.34,0,0
1,TRANSFER,40149.38,C428245792,287443.9,247294.52,C1291286504,26426.12,66575.5,0,0
1,CASH_OUT,358124.44,C195970976,19909.0,0.0,C1789550256,5042517.42,4619798.56,0,0
1,CASH_OUT,151768.14,C237484673,2036.7,0.0,C357863579,179331.6,92307.65,0,0
1,CASH_OUT,333946.96,C1851522556,9546.27,0.0,C1170794006,4921976.75,22190.99,0,0
1,CASH_OUT,29587.32,C987595204,31479.11,1891.79,C998351292,1751806.56,1015132.48,0,0
1,TRANSFER,26112.94,C1965036946,29008.0,2895.06,C611572016,0.0,2608.64,0,0
1,CASH_OUT,286590.92,C1999036805,2895.06,0.0,C306206744,2830732.28,3554299.27,0,0
1,CASH_OUT,119570.96,C3886839,0.0,0.0,C1170794006,5255923.71,22190.99,0,0
1,TRANSFER,259096.62,C1769598893,37079.31,0.0,C1335050193,272725.11,353532.56,0,0
1,TRANSFER,21502.38,C1517116047,0.0,0.0,C1023714065,2361788.82,1412484.09,0,0
1,CASH_OUT,69490.69,C1312843412,9326.0,0.0,C1529115495,20093.0,67268.02,0,0
1,CASH_OUT,30308.45,C1949126165,88926.2,88926.2,C1568059495,88926.2,122750.49,0,0
1,TRANSFER,244964.08,C1405055124,18879.0,0.0,C811597470,19600.0,204822.85,0,0
1,TRANSFER,119352.09,C989440614,23714.57,0.0,C1749186397,96602.93,277515.05,0,0
1,TRANSFER,221452.04,C1997625595,0.0,0.0,C22805895,277459.65,651524.92,0,0
1,TRANSFER,354832.51,C152848959,2805.0,0.0,C1100767002,13865.06,233370.36,0,0
1,TRANSFER,182385.22,C1132379993,303937.25,121552.02,C1498438472,0.0,199873.79,0,0
1,CASH_OUT,98247.27,C1015122628,107181.0,8933.73,C601893033,0.0,54985.05,0,0
1,CASH_OUT,94740.26,C78265654,328680.29,233940.02,C1671179293,129814.74,58319.72,0,0
1,TRANSFER,206336.47,C435803541,89305.99,0.0,C812586739,64101.75,122027.28,0,0
1,CASH_OUT,96833.52,C1625939772,193888.56,97055.04,C812586739,270438.22,122027.28,0,0
1,CASH_OUT,332573.12,C1264701638,20426.0,0.0,C1060830840,80999.2,130747.56,0,0
1,TRANSFER,301706.01,C211199210,33251.0,0.0,C884457408,1594.8,502480.02,0,0
1,TRANSFER,229316.19,C1745903324,24338.59,0.0,C747464370,1395069.49,1567434.81,0,0
1,TRANSFER,498178.68,C1191874608,8708.0,0.0,C728885526,46204.7,897150.84,0,0
1,TRANSFER,300932.58,C906448455,492.0,0.0,C1850180796,0.0,1268668.92,0,0
1,TRANSFER,47940.14,C910504711,0.0,0.0,C401424608,1429486.78,1178808.14,0,0
1,TRANSFER,118365.47,C2110558717,0.0,0.0,C716083600,1771122.03,2444985.19,0,0
1,TRANSFER,16626.81,C1726715997,0.0,0.0,C1286084959,2073489.52,2107778.11,0,0
1,TRANSFER,96757.4,C1787987889,0.0,0.0,C306206744,3117323.21,3554299.27,0,0
1,TRANSFER,297448.33,C1968196847,0.0,0.0,C1816757085,8563397.83,10681238.79,0,0
1,TRANSFER,287509.05,C1821010113,0.0,0.0,C1850180796,300932.58,1268668.92,0,0
1,TRANSFER,1212719.61,C1444494461,0.0,0.0,C1262822392,9615567.18,12494367.15,0,0
1,TRANSFER,210650.2,C684230144,0.0,0.0,C1740000325,217142.53,1363368.51,0,0
1,TRANSFER,1636507.63,C1602785474,0.0,0.0,C1262822392,10828286.78,12494367.15,0,0
1,TRANSFER,651387.84,C1618683794,0.0,0.0,C248609774,5405684.33,6453430.91,0,0
1,TRANSFER,548288.31,C2141066548,0.0,0.0,C1883840933,13888764.65,16874643.09,0,0
1,TRANSFER,2107293.71,C327840833,0.0,0.0,C1816757085,8860846.16,10681238.79,0,0
1,TRANSFER,1918461.7,C136312946,0.0,0.0,C1782113663,2490204.7,3997768.55,0,0
1,TRANSFER,291753.7,C828447060,0.0,0.0,C1816757085,10968139.88,10681238.79,0,0
1,TRANSFER,556542.19,C1046056441,0.0,0.0,C1721246982,1183111.79,1114787.21,0,0
1,TRANSFER,42136.28,C866529530,5334735.48,5292599.2,C837659261,46303.0,57472.15,0,0
1,TRANSFER,27008.84,C2002097394,5292599.2,5265590.36,C824009085,37097.33,64106.18,0,0
1,TRANSFER,331545.25,C1466413743,5265590.36,4934045.11,C1023714065,1543990.84,1412484.09,0,0
1,TRANSFER,42529.28,C2065886345,4934045.11,4891515.83,C1568059495,87913.35,122750.49,0,0
1,TRANSFER,252129.73,C2030121719,4891515.83,4639386.1,C1899073220,844104.14,420946.86,0,0
1,TRANSFER,473469.94,C573102881,4639386.1,4165916.16,C392292416,2743237.78,3420103.09,0,0
1,TRANSFER,2317408.88,C1219553025,4165916.16,1848507.28,C1883840933,14437052.95,16874643.09,0,0
1,TRANSFER,864389.49,C605686842,1848507.28,984117.79,C33524623,1751348.58,1517262.16,0,0
1,TRANSFER,276094.92,C1417413828,984117.79,708022.87,C22805895,280157.9,651524.92,0,0
1,TRANSFER,132355.33,C820587705,708022.87,575667.54,C1782113663,4408666.39,3997768.55,0,0
1,TRANSFER,169106.97,C2142129482,575667.54,575667.54,C1170794006,575667.54,22190.99,0,0
1,TRANSFER,2604219.11,C195163481,575667.54,0.0,C97730845,7263554.62,9940339.29,0,0
1,TRANSFER,249740.75,C1062181581,2748.22,0.0,C968113504,6072.0,241220.25,0,0
1,CASH_OUT,41295.56,C1011104118,20720.74,0.0,C932583850,2614230.5,2719172.89,0,0
1,CASH_OUT,13576.03,C1046009438,0.0,0.0,C812586739,367271.74,122027.28,0,0
1,CASH_OUT,29572.74,C62739928,0.0,0.0,C1262822392,12464794.41,12494367.15,0,0
1,CASH_OUT,53569.21,C1671007220,0.0,0.0,C1750905143,683211.62,424250.45,0,0
1,CASH_OUT,139247.62,C2114687352,0.0,0.0,C1401316767,232039.71,407298.23,0,0
1,CASH_OUT,60360.45,C102318785,0.0,0.0,C1256728724,94056.3,69756.86,0,0
1,CASH_OUT,161795.9,C1868809295,0.0,0.0,C97730845,9867773.73,9940339.29,0,0
1,CASH_OUT,607537.17,C1082795132,0.0,0.0,C1286084959,2090116.34,2107778.11,0,0
1,CASH_OUT,254399.35,C1655242052,0.0,0.0,C1810132623,455863.64,97128.19,0,0
1,CASH_OUT,427823.47,C778806426,0.0,0.0,C2083562754,777546.17,1186556.81,0,0
1,CASH_OUT,16662.21,C1599823012,0.0,0.0,C97730845,10029569.63,9940339.29,0,0
1,CASH_OUT,173570.67,C1323514615,0.0,0.0,C1850180796,588441.63,1268668.92,0,0
1,CASH_OUT,54684.17,C1795468466,0.0,0.0,C1330400026,71672.0,817.21,0,0
1,CASH_OUT,87963.9,C406358588,0.0,0.0,C1740000325,427792.72,1363368.51,0,0
1,CASH_OUT,565349.9,C486759395,0.0,0.0,C665576141,5622929.89,5515763.34,0,0
1,CASH_OUT,94527.39,C1247866422,0.0,0.0,C655381473,95007.35,189534.74,0,0
1,CASH_OUT,315552.62,C80722676,0.0,0.0,C97730845,10046231.84,9940339.29,0,0
1,CASH_OUT,48169.69,C1492822331,0.0,0.0,C2083562754,1205369.63,1186556.81,0,0
1,CASH_OUT,118753.07,C1596009860,0.0,0.0,C1256728724,154416.74,69756.86,0,0
1,CASH_OUT,106705.8,C310212872,0.0,0.0,C1629911510,210697.58,15375.37,0,0
1,CASH_OUT,328967.35,C1805412777,0.0,0.0,C716083600,1889487.5,2444985.19,0,0
1,CASH_OUT,55855.58,C1713546896,0.0,0.0,C20671747,68283.63,43691.09,0,0
1,CASH_OUT,370751.08,C817490653,0.0,0.0,C2083562754,1253539.33,1186556.81,0,0
1,CASH_OUT,49177.38,C1232433403,0.0,0.0,C1568059495,130442.64,122750.49,0,0
1,CASH_OUT,63557.19,C1093441885,0.0,0.0,C997608398,361284.25,157982.12,0,0
1,CASH_OUT,33663.22,C843686350,0.0,0.0,C721748895,168225.59,0.0,0,0
1,CASH_OUT,20986.8,C1306085976,0.0,0.0,C1870252780,25475.43,46462.23,0,0
1,CASH_OUT,301680.88,C793319856,0.0,0.0,C665576141,6188279.79,5515763.34,0,0
1,CASH_OUT,9320.15,C176851829,0.0,0.0,C1330400026,126356.17,817.21,0,0
1,CASH_OUT,241488.05,C1974606907,0.0,0.0,C1590550415,19274628.33,19169204.93,0,0
1,CASH_OUT,60850.8,C1925059423,0.0,0.0,C1831477404,230396.43,247063.16,0,0
1,CASH_OUT,476934.35,C358420513,0.0,0.0,C22805895,556252.82,651524.92,0,0
1,CASH_OUT,598674.03,C1272115420,0.0,0.0,C985934102,1184203.57,971418.91,0,0
1,CASH_OUT,135357.16,C778337881,0.0,0.0,C1816757085,11259893.58,10681238.79,0,0
1,CASH_OUT,422125.99,C742568993,0.0,0.0,C716083600,2218454.85,2444985.19,0,0
1,CASH_OUT,57643.24,C1373861264,0.0,0.0,C1096283470,66948.88,0.0,0,0
1,TRANSFER,416106.78,C967460257,12283.0,0.0,C1831477404,291247.23,247063.16,0,0
1,TRANSFER,25071.46,C669700766,25071.46,0.0,C1384210339,0.0,0.0,1,0
1,CASH_OUT,25071.46,C1275464847,25071.46,0.0,C1364913072,9083.76,34155.22,1,0
1,CASH_OUT,26844.84,C1853422837,6485687.1,6458842.26,C2083117811,254506.86,290772.6,0,0
1,CASH_OUT,58516.68,C8197402,17761.75,0.0,C932583850,2655526.06,2719172.89,0,0
1,CASH_OUT,450465.15,C1164241227,18601.35,0.0,C1504109395,500206.13,593737.38,0,0
1,TRANSFER,272709.33,C1012552887,76067.0,0.0,C1935365522,0.0,158433.78,0,0
1,CASH_OUT,14750.26,C1098568947,21989.58,7239.33,C1899073220,1096233.87,420946.86,0,0
1,CASH_OUT,107421.26,C795594631,7239.33,0.0,C1983747920,226328.33,95508.95,0,0
1,CASH_OUT,36448.64,C1492219097,0.0,0.0,C832279283,148941.17,185389.8,0,0
1,CASH_OUT,12939.66,C2026371507,0.0,0.0,C837659261,88439.28,57472.15,0,0
1,CASH_OUT,198137.4,C1871542036,0.0,0.0,C747464370,1624385.68,1567434.81,0,0
1,CASH_OUT,112193.65,C510368405,0.0,0.0,C977993101,767274.47,965870.05,0,0
1,CASH_OUT,40030.78,C1299145277,0.0,0.0,C665576141,6458842.26,5515763.34,0,0
1,CASH_OUT,207283.84,C178393154,0.0,0.0,C1749186397,215955.02,277515.05,0,0
1,CASH_OUT,141648.13,C244577237,0.0,0.0,C1060830840,413572.32,130747.56,0,0
1,CASH_OUT,361980.67,C1290698656,0.0,0.0,C248609774,6057072.17,6453430.91,0,0
1,CASH_OUT,614317.64,C2049348234,0.0,0.0,C1782113663,4541021.72,3997768.55,0,0
1,CASH_OUT,233255.73,C1612496268,0.0,0.0,C306206744,3214080.61,3554299.27,0,0
1,CASH_OUT,132842.64,C13692003,4499.08,0.0,C297927961,0.0,132842.64,1,0
1,CASH_OUT,146534.96,C333879495,21114.0,0.0,C1112414583,0.0,67762.92,0,0
1,TRANSFER,236343.99,C1511004956,43010.81,0.0,C1826334428,8061.0,33316.54,0,0
1,TRANSFER,86401.93,C559998250,0.0,0.0,C977993101,879468.12,965870.05,0,0
1,CASH_OUT,289326.88,C1626529981,39689.0,0.0,C1076835071,20919.34,318637.36,0,0
1,CASH_OUT,84051.0,C678680178,0.0,0.0,C1529115495,89583.69,67268.02,0,0
1,TRANSFER,38829.9,C2006835220,708735.91,669906.01,C747464370,1822523.08,1567434.81,0,0
1,TRANSFER,383736.31,C340789130,11294.0,0.0,C1259769769,21835.74,252055.24,0,0
1,CASH_OUT,144659.77,C1936375962,149735.97,149735.97,C757108857,149735.97,0.0,0,0
1,CASH_OUT,53094.17,C116184677,149735.97,96641.81,C1068824137,279693.52,265092.36,0,0
1,CASH_OUT,43721.1,C1161382705,96641.81,52920.71,C1529115495,173634.69,67268.02,0,0
1,CASH_OUT,119537.32,C516413619,52920.71,0.0,C1826334428,244404.99,33316.54,0,0
1,CASH_OUT,33349.84,C990684641,0.0,0.0,C721748895,201888.82,0.0,0,0
1,CASH_OUT,335979.26,C1538462491,0.0,0.0,C1883840933,16754461.83,16874643.09,0,0
1,CASH_OUT,183842.53,C1423752095,0.0,0.0,C557041912,600205.85,557537.26,0,0
1,CASH_OUT,286737.98,C1962865655,0.0,0.0,C97730845,10361784.46,9940339.29,0,0
1,CASH_OUT,472609.82,C704869156,0.0,0.0,C1740000325,515756.62,1363368.51,0,0
1,CASH_OUT,271982.1,C1777043124,0.0,0.0,C1076835071,310246.22,318637.36,0,0
1,CASH_OUT,154611.64,C1482344533,0.0,0.0,C728885526,544383.38,897150.84,0,0
1,CASH_OUT,125275.0,C1538849250,0.0,0.0,C401424608,1477426.93,1178808.14,0,0
1,CASH_OUT,443200.31,C1788034018,0.0,0.0,C306206744,3447336.33,3554299.27,0,0
1,CASH_OUT,256481.43,C1601756706,0.0,0.0,C728885526,698995.02,897150.84,0,0
1,CASH_OUT,236277.01,C1366212088,0.0,0.0,C453211571,3324684.82,3461666.05,0,0
1,CASH_OUT,287126.39,C10885570,1861352.98,1574226.59,C793315160,29078.22,139915.18,0,0
1,CASH_OUT,216007.53,C918307166,1024825.54,808818.01,C401424608,1602701.93,1178808.14,0,0
1,TRANSFER,56565.27,C2068100669,208023.0,151457.73,C1286084959,2697653.51,2107778.11,0,0
1,CASH_OUT,32282.57,C123674777,14375.74,0.0,C1049817027,97055.04,60738.03,0,0
1,CASH_OUT,291713.22,C1395173825,1106179.39,814466.17,C1789550256,4568765.44,4619798.56,0,0
1,CASH_OUT,44670.27,C125865913,47996.34,3326.07,C1330400026,133002.68,817.21,0,0
1,TRANSFER,79386.85,C442205321,0.0,0.0,C997608398,424841.44,157982.12,0,0
1,CASH_OUT,457552.45,C1592712032,1780884.37,1323331.91,C1740000325,988366.44,1363368.51,0,0
1,TRANSFER,138647.54,C1502882632,113123.22,0.0,C1286084959,2754218.78,2107778.11,0,0
1,CASH_OUT,100939.43,C632841653,55015.39,0.0,C1529115495,217355.79,67268.02,0,0
1,TRANSFER,302665.03,C1580874189,40130.0,0.0,C1577213552,0.0,217862.21,0,0
1,TRANSFER,34115.82,C1378280450,32043.0,0.0,C2089016471,245.56,34361.39,0,0
1,TRANSFER,22190.99,C2017380745,52231.01,30040.03,C1170794006,0.0,22190.99,0,0
1,CASH_OUT,218499.73,C1788256184,359257.15,140757.42,C392292416,3201603.35,3420103.09,0,0
1,CASH_OUT,107440.87,C128028301,140757.42,33316.54,C423583818,266398.11,373838.99,0,0
1,TRANSFER,17488.56,C1272744797,14180.0,0.0,C1498438472,182385.22,199873.79,0,0
1,CASH_OUT,222321.36,C1919555524,0.0,0.0,C1782113663,4871627.98,3997768.55,0,0
1,TRANSFER,46961.7,C1991386317,124672.0,77710.3,C1917025677,11342.0,42900.67,0,0
1,TRANSFER,373610.77,C2012095985,17159.94,0.0,C884457408,38202.14,502480.02,0,0
1,TRANSFER,90667.11,C1842952737,0.0,0.0,C884457408,411812.91,502480.02,0,0
1,TRANSFER,114580.22,C1471800355,0.0,0.0,C1234776885,2095066.14,2025098.66,0,0
1,CASH_OUT,549884.88,C915233792,4291.6,0.0,C11003494,9576311.43,10588885.27,0,0
1,CASH_OUT,219630.79,C602830277,19779.08,0.0,C2118255842,29186.69,248817.48,0,0
1,CASH_OUT,512866.85,C1275626728,0.0,0.0,C1850180796,762012.3,1268668.92,0,0
1,TRANSFER,156232.74,C65551384,155456.0,0.0,C248609774,6419052.84,6453430.91,0,0
1,CASH_OUT,159657.1,C1366629983,0.0,0.0,C716083600,2640580.83,2444985.19,0,0
1,CASH_OUT,68051.17,C722160979,0.0,0.0,C564160838,1078884.91,1254956.07,0,0
1,TRANSFER,345858.07,C945064729,21523.0,0.0,C657736958,0.0,45881.29,0,0
1,TRANSFER,194415.49,C219812012,740.0,0.0,C64133603,362.44,6706.68,0,0
1,TRANSFER,235238.66,C1872047468,235238.66,0.0,C116289363,0.0,0.0,1,0
1,CASH_OUT,235238.66,C1499825229,235238.66,0.0,C2100440237,0.0,235238.66,1,0
1,TRANSFER,200612.49,C1285072597,26019.0,0.0,C728885526,696538.35,897150.84,0,0
1,CASH_OUT,153596.45,C979532928,711133.71,557537.26,C1360767589,1954368.93,2107965.39,0,0
1,TRANSFER,36010.9,C1677921169,5480.82,0.0,C1401316767,371287.33,407298.23,0,0
1,TRANSFER,183465.11,C540206885,0.0,0.0,C985934102,787953.8,971418.91,0,0
1,TRANSFER,57716.15,C1294139740,0.0,0.0,C459857341,329546.87,387263.02,0,0
1,TRANSFER,601898.44,C1939869193,32239.0,0.0,C2063763486,0.0,601898.44,0,0
1,TRANSFER,149617.83,C1529002352,53623.65,0.0,C1850180796,1119051.09,1268668.92,0,0
1,TRANSFER,108019.99,C584157293,0.0,0.0,C564160838,1146936.08,1254956.07,0,0
1,TRANSFER,83845.22,C1386020581,10538.0,0.0,C990398217,0.0,83845.22,0,0
1,CASH_OUT,462688.96,C1955587357,2055866.56,1593177.6,C11003494,10126196.31,10588885.27,0,0
1,CASH_OUT,75915.44,C1095849663,1593177.6,1517262.16,C1234250905,117103.5,193018.94,0,0
1,TRANSFER,383533.35,C960004592,10339.0,0.0,C1997859171,0.0,383533.35,0,0
1,TRANSFER,347391.16,C902654164,45584.0,0.0,C801142660,13993.0,637928.74,0,0
1,TRANSFER,145515.24,C1041735841,121.0,0.0,C1068824137,265092.36,45982.28,0,0
1,TRANSFER,15326.3,C353296011,105867.0,90540.7,C1182908789,0.0,15326.3,0,0
1,CASH_OUT,214202.66,C1788582153,57840.12,0.0,C977993101,965870.05,744264.96,0,0
1,CASH_OUT,136564.27,C874111547,115593.7,0.0,C665576141,5515763.34,6609667.12,0,0
1,TRANSFER,1361.29,C337813415,16479.0,15117.71,C810576909,5058.0,0.0,0,0
1,CASH_OUT,93459.27,C959897458,0.0,0.0,C1068824137,410607.6,45982.28,0,0
1,TRANSFER,279422.78,C426052262,3561.0,0.0,C453211571,3461666.05,3726770.23,0,0
1,CASH_OUT,119542.86,C1988664928,65657.79,0.0,C97730845,9940339.29,9367714.52,0,0
1,CASH_OUT,289715.28,C1446511153,44332.5,0.0,C11003494,10588885.27,10155564.02,0,0
1,CASH_OUT,197761.38,C1713453581,894074.39,696313.01,C1068824137,504066.87,45982.28,0,0
1,CASH_OUT,100740.53,C178575564,696313.01,595572.48,C248609774,6453430.91,6534746.07,0,0
1,CASH_OUT,14166.38,C1018742990,595572.48,581406.1,C1364913072,34155.22,47409.85,0,0
1,CASH_OUT,134543.6,C534643569,581406.1,446862.5,C1899073220,420946.86,877201.48,0,0
1,CASH_OUT,48206.82,C1891673045,446862.5,398655.68,C297927961,132842.64,97990.29,0,0
1,CASH_OUT,282944.06,C1552836537,398655.68,115711.62,C1122118227,427095.0,11073556.18,0,0
1,CASH_OUT,19270.14,C638204510,115711.62,96441.48,C660143728,42450.71,103167.33,0,0
1,CASH_OUT,5493.19,C1226858597,96441.48,90948.3,C884457408,502480.02,84916.82,0,0
1,TRANSFER,124041.53,C173431997,33260.0,0.0,C2140846441,65.0,34856.89,0,0
1,CASH_OUT,189476.67,C1969875555,315.64,0.0,C1259769769,252055.24,109421.19,0,0
1,CASH_OUT,457194.09,C1289454852,282717.99,0.0,C22805895,651524.92,483173.63,0,0
1,TRANSFER,219583.95,C1994085390,39387.0,0.0,C1997859171,383533.35,393957.76,0,0
1,CASH_OUT,247199.96,C347136295,144742.0,0.0,C195600860,40348.79,82846.67,0,0
1,TRANSFER,91424.21,C1167792250,0.0,0.0,C1067936865,154845.0,0.0,0,0
1,CASH_OUT,519973.96,C2121551683,121.0,0.0,C1163619825,0.0,135715.81,0,0
1,CASH_OUT,166808.69,C1765350920,30132.19,0.0,C1076835071,318637.36,267912.2,0,0
1,TRANSFER,92236.11,C2016142571,59627.3,0.0,C1749186397,272537.66,86070.17,0,0
1,TRANSFER,104267.94,C947462790,0.0,0.0,C655381473,189534.74,352750.76,0,0
1,TRANSFER,176127.45,C886343183,0.0,0.0,C1401316767,407298.23,61151.23,0,0
1,TRANSFER,94087.34,C1716855490,0.0,0.0,C1916720513,2905646.78,2906551.06,0,0
1,TRANSFER,172867.65,C1107201631,0.0,0.0,C481402298,698572.0,330085.6,0,0
1,TRANSFER,277611.59,C811792884,0.0,0.0,C1899073220,309810.71,877201.48,0,0
1,TRANSFER,1755646.72,C538375433,0.0,0.0,C932583850,2719172.89,4410975.57,0,0
1,TRANSFER,2441078.3,C1864007931,0.0,0.0,C667346055,8996943.02,10695480.59,0,0
1,TRANSFER,1147953.82,C1512273713,0.0,0.0,C657736958,4708479.3,5579568.65,0,0
1,TRANSFER,395709.23,C2099878104,0.0,0.0,C998351292,446219.81,1097218.45,0,0
1,TRANSFER,168001.93,C1778422985,0.0,0.0,C1538745405,266267.36,469207.53,0,0
1,TRANSFER,2032275.62,C1369885738,0.0,0.0,C392292416,3420103.09,5056707.37,0,0
1,TRANSFER,44944.32,C285058000,0.0,0.0,C1653859230,55414.0,100358.32,0,0
1,TRANSFER,957339.52,C555943503,0.0,0.0,C665576141,5652327.61,6609667.12,0,0
1,TRANSFER,459709.79,C1332439166,0.0,0.0,C1122118227,710039.06,11073556.18,0,0
1,TRANSFER,637758.38,C684407333,0.0,0.0,C564160838,1181971.26,1070702.75,0,0
1,TRANSFER,194351.55,C1513071903,59.0,0.0,C24119573,10389.58,51574.35,0,0
1,CASH_OUT,230943.69,C1240328647,440492.28,209548.6,C453211571,3288156.14,3726770.23,0,0
1,CASH_OUT,127143.23,C1225927567,0.0,0.0,C1899073220,587422.29,877201.48,0,0
1,CASH_OUT,276138.13,C1071933072,177971.0,0.0,C543409470,10599.0,0.0,0,0
1,CASH_OUT,432168.02,C768795248,60426.81,0.0,C1286084959,2107778.11,1923836.34,0,0
2,TRANSFER,53763.65,C1930401429,539.0,0.0,C63387985,3883.96,86242.27,0,0
2,TRANSFER,106141.92,C1778994610,109098.8,2956.89,C481402298,849343.27,330085.6,0,0
2,TRANSFER,82616.3,C1706939736,2956.89,0.0,C905650857,106637.0,283047.18,0,0
2,TRANSFER,149935.68,C498748934,0.0,0.0,C811597470,204822.85,354758.53,0,0
2,TRANSFER,13126.23,C1273689789,0.0,0.0,C1353512285,15349.0,0.0,0,0
2,CASH_OUT,55898.94,C1578959831,14.09,0.0,C2063763486,525593.05,792325.38,0,0
2,CASH_OUT,52054.69,C1551350415,27995.39,0.0,C1262822392,11862655.57,11914710.26,0,0
2,CASH_OUT,26596.11,C1254649194,10430.74,0.0,C1782113663,2772096.26,2798692.37,0,0
2,TRANSFER,147176.03,C1860060918,31755.0,0.0,C2117043942,80624.91,173135.98,0,0
2,CASH_OUT,222108.22,C2070438137,1149.62,0.0,C248609774,5958843.51,6534746.07,0,0
2,TRANSFER,38473.99,C110233108,203.0,0.0,C13226198,0.0,38473.99,0,0
2,CASH_OUT,65971.82,C1974356511,0.0,0.0,C13329486,84212.94,10659.79,0,0
2,TRANSFER,106622.7,C1012776440,30870.0,0.0,C1183572822,73012.0,141949.63,0,0
2,CASH_OUT,140396.66,C356519935,108841.0,0.0,C1529115495,0.0,52845.35,0,0
2,CASH_OUT,48899.07,C1054913783,0.0,0.0,C655381473,171337.99,352750.76,0,0
2,CASH_OUT,56432.77,C1015539383,0.0,0.0,C681979935,119699.03,176131.8,0,0
2,CASH_OUT,101226.51,C791412502,25259.53,0.0,C1538745405,236893.95,469207.53,0,0
2,TRANSFER,365254.36,C316731851,24354.0,0.0,C1504109395,296699.75,1528227.01,0,0
2,TRANSFER,108157.51,C197149397,11891.0,0.0,C1219273867,18474.7,126632.21,0,0
2,CASH_OUT,9255.25,C1177852821,35391.39,26136.14,C1941598182,38668.08,47923.33,0,0
2,CASH_OUT,36361.34,C392795843,26136.14,0.0,C1850180796,1046974.06,1187114.17,0,0
2,CASH_OUT,68968.25,C1092382020,0.0,0.0,C657736958,5510600.39,5579568.65,0,0
2,CASH_OUT,8760.71,C378006273,0.0,0.0,C1870252780,7347209.57,7416184.79,0,0
2,CASH_OUT,18672.02,C1955406455,0.0,0.0,C1134894336,72283.07,90955.09,0,0
2,CASH_OUT,93793.88,C797539755,0.0,0.0,C905650857,189253.3,283047.18,0,0
2,CASH_OUT,51630.01,C224219987,0.0,0.0,C11003494,10103934.01,10155564.02,0,0
2,CASH_OUT,30095.32,C606826010,0.0,0.0,C793315160,34741.65,64836.97,0,0
2,CASH_OUT,214983.83,C967343730,0.0,0.0,C1122118227,10656658.73,11073556.18,0,0
2,CASH_OUT,295143.53,C1562912969,0.0,0.0,C801142660,342785.21,637928.74,0,0
2,CASH_OUT,454775.22,C973615092,0.0,0.0,C1504109395,661954.11,1528227.01,0,0
2,CASH_OUT,341122.21,C1168956689,10066.0,0.0,C1453128758,0.0,592289.45,0,0
2,CASH_OUT,312856.0,C21331934,58198.26,0.0,C1286084959,1610980.34,1923836.34,0,0
2,CASH_OUT,94658.15,C632206764,28130.7,0.0,C885951223,187198.88,281857.03,0,0
2,CASH_OUT,68588.88,C13063602,0.0,0.0,C1899073220,548065.07,877201.48,0,0
2,CASH_OUT,132382.57,C1003663195,2408.0,0.0,C991505714,0.0,1095914.71,0,0
2,TRANSFER,148688.71,C621432843,18702.0,0.0,C1471633238,0.0,217318.86,0,0
2,TRANSFER,1096187.24,C1093223281,1096187.24,0.0,C2063275841,0.0,0.0,1,0
2,CASH_OUT,1096187.24,C77163673,1096187.24,0.0,C644345897,0.0,1096187.24,1,0
2,CASH_OUT,108659.34,C132461369,3674.0,0.0,C1973538135,16896.7,125556.04,0,0
2,CASH_OUT,97601.12,C1335520301,217640.98,120039.86,C2081595126,99684.0,197285.12,0,0
2,CASH_OUT,48183.1,C728746911,120039.86,71856.76,C1023714065,1412484.09,1791001.63,0,0
2,CASH_OUT,96785.24,C1977508673,71856.76,0.0,C401424608,866746.9,0.0,0,0
2,CASH_OUT,256481.7,C1947666055,0.0,0.0,C1916720513,2650069.35,2906551.06,0,0
2,CASH_OUT,37493.87,C1760622380,0.0,0.0,C1122118227,10871642.56,11073556.18,0,0
2,CASH_OUT,58981.28,C1033304734,0.0,0.0,C459857341,301345.29,360326.58,0,0
2,CASH_OUT,293358.03,C995381766,0.0,0.0,C985934102,873112.87,1166470.9,0,0
2,CASH_OUT,108702.86,C2008762581,0.0,0.0,C248609774,6180951.73,6534746.07,0,0
2,CASH_OUT,210833.38,C404588697,0.0,0.0,C2063763486,581492.0,792325.38,0,0
2,CASH_OUT,106336.36,C315998990,0.0,0.0,C998351292,224241.89,1097218.45,0,0
2,CASH_OUT,163717.43,C193492784,0.0,0.0,C1122118227,10909136.43,11073556.18,0,0
2,CASH_OUT,280267.65,C643328884,0.0,0.0,C1721246982,978778.15,1259045.81,0,0
2,CASH_OUT,381479.99,C1391818342,0.0,0.0,C1504109395,1116729.33,1528227.01,0,0
2,CASH_OUT,194008.39,C1845760645,0.0,0.0,C998351292,330578.26,1097218.45,0,0
2,CASH_OUT,178805.23,C645777794,0.0,0.0,C998351292,524586.65,1097218.45,0,0
2,CASH_OUT,74935.58,C284660111,53339.25,0.0,C1899073220,616653.95,877201.48,0,0
2,CASH_OUT,69734.12,C1423978346,26588.18,0.0,C1100767002,233370.36,303104.48,0,0
2,CASH_OUT,235419.91,C689213488,13365.07,0.0,C998351292,703391.88,1097218.45,0,0
2,CASH_OUT,71579.52,C1966787205,0.0,0.0,C481402298,258506.08,330085.6,0,0
2,TRANSFER,203330.05,C778330045,162442.0,0.0,C2118255842,113152.38,379539.92,0,0
2,CASH_OUT,101485.5,C1037242711,27842.03,0.0,C1850180796,1083335.4,1187114.17,0,0
2,CASH_OUT,57908.35,C835070183,0.0,0.0,C932583850,4353067.22,4410975.57,0,0
2,CASH_OUT,87732.74,C843100836,0.0,0.0,C564160838,982970.02,1070702.75,0,0
2,CASH_OUT,185611.95,C1480805145,0.0,0.0,C1899073220,691589.53,877201.48,0,0
2,CASH_OUT,89412.56,C2101326063,0.0,0.0,C306206744,3452165.82,3541578.38,0,0
2,CASH_OUT,158406.66,C2109615807,0.0,0.0,C998351292,938811.79,1097218.45,0,0
2,CASH_OUT,358456.99,C1255958078,0.0,0.0,C909295153,5371342.16,5729799.14,0,0
2,CASH_OUT,245091.49,C142993407,0.0,0.0,C248609774,6289654.59,6534746.07,0,0
2,CASH_OUT,115800.39,C146638536,0.0,0.0,C1750563752,201197.0,316997.39,0,0
2,CASH_OUT,128357.05,C83532470,0.0,0.0,C1453128758,341122.21,592289.45,0,0
2,CASH_OUT,256624.13,C759099777,0.0,0.0,C1234776885,1535086.76,1791710.89,0,0
2,CASH_OUT,63057.49,C170082758,0.0,0.0,C2118255842,316482.43,379539.92,0,0
2,CASH_OUT,330334.44,C1850477964,0.0,0.0,C1023714065,1460667.19,1791001.63,0,0
2,CASH_OUT,279843.2,C1043535321,0.0,0.0,C716083600,1827318.89,2107162.1,0,0
2,TRANSFER,336413.4,C1361931872,10162.0,0.0,C542895457,254.0,187096.37,0,0
2,TRANSFER,132513.7,C1825811850,11636.0,0.0,C655381473,220237.06,352750.76,0,0
2,TRANSFER,963532.14,C1440057381,963532.14,0.0,C268086000,0.0,0.0,1,0
2,CASH_OUT,963532.14,C430329518,963532.14,0.0,C991505714,132382.57,1095914.71,1,0
2,CASH_OUT,60214.51,C182584006,10914.66,0.0,C1870252780,7355970.28,7416184.79,0,0
2,TRANSFER,7081.22,C934617920,4932.75,0.0,C1068824137,38901.06,45982.28,0,0
2,TRANSFER,41446.48,C2055967078,727.0,0.0,C660143728,61720.85,103167.33,0,0
2,CASH_OUT,122810.19,C2118413714,15594.73,0.0,C1453128758,469479.26,592289.45,0,0
2,TRANSFER,68630.15,C156127720,26352.78,0.0,C1471633238,148688.71,217318.86,0,0
2,CASH_OUT,45458.81,C734275312,45664.93,206.12,C434091818,63112.23,108571.04,0,0
2,CASH_OUT,55940.69,C1872774414,0.0,0.0,C728885526,82686.96,138627.65,0,0
2,CASH_OUT,30017.69,C669501311,171967.32,141949.63,C1504109395,1498209.32,1528227.01,0,0
2,CASH_OUT,131087.07,C1361409513,318183.44,187096.37,C1538745405,338120.46,469207.53,0,0
2,TRANSFER,84911.32,C1234435772,275.63,0.0,C63387985,1330.96,86242.27,0,0
2,CASH_OUT,32733.62,C1979825302,0.0,0.0,C1831477404,191972.11,224705.73,0,0
2,TRANSFER,203471.91,C317053574,59971.0,0.0,C453211571,3523298.32,3726770.23,0,0
2,TRANSFER,183763.58,C2038185019,31.0,0.0,C1963862935,0.0,183763.58,0,0
2,TRANSFER,308871.37,C1074976188,31486.0,0.0,C1850042097,0.0,308871.37,0,0
2,TRANSFER,448593.63,C1403780103,4580.0,0.0,C214187874,0.0,448593.63,0,0
2,TRANSFER,14949.84,C140702728,14949.84,0.0,C634210724,0.0,0.0,1,0
2,CASH_OUT,14949.84,C395257482,14949.84,0.0,C1032986144,18161.79,33111.63,1,0
2,CASH_OUT,189592.17,C2074826904,34683.47,0.0,C97730845,9178122.36,9367714.52,0,0
2,TRANSFER,23377.76,C125802780,404976.0,381598.24,C1491676195,206.12,23583.88,0,0
2,CASH_OUT,69038.41,C19423,4218.49,0.0,C2083562754,814113.89,2051802.27,0,0
2,CASH_OUT,232486.18,C920926249,18818.03,0.0,C564160838,1070702.75,921817.65,0,0
2,CASH_OUT,53083.59,C355222677,0.0,0.0,C2081595126,197285.12,73147.6,0,0
2,CASH_OUT,110520.75,C1589745212,0.0,0.0,C481402298,330085.6,617488.4,0,0
2,CASH_OUT,104222.89,C2110472873,0.0,0.0,C662736689,4629353.77,4517761.53,0,0
2,CASH_OUT,107963.88,C1794705481,0.0,0.0,C1538745405,469207.53,270110.78,0,0
2,CASH_OUT,332574.96,C486994287,0.0,0.0,C665576141,6609667.12,6818933.6,0,0
2,CASH_OUT,234198.21,C1336210565,0.0,0.0,C1234776885,1791710.89,1840076.94,0,0
2,CASH_OUT,188890.52,C1759328722,0.0,0.0,C1538745405,577171.41,270110.78,0,0
2,CASH_OUT,299336.05,C1246023616,0.0,0.0,C977993101,744264.96,1748436.14,0,0
2,CASH_OUT,6016.03,C1625539182,0.0,0.0,C1782580546,27316.83,33332.86,0,0
2,CASH_OUT,259448.64,C134943275,0.0,0.0,C481402298,440606.35,617488.4,0,0
2,CASH_OUT,22948.44,C161069393,0.0,0.0,C738590621,55249.0,36407.19,0,0
2,CASH_OUT,142442.16,C1708084589,0.0,0.0,C801142660,637928.74,547215.12,0,0
2,CASH_OUT,49267.14,C457245448,0.0,0.0,C1134894336,90955.09,2167.32,0,0
2,CASH_OUT,692460.02,C1259065345,0.0,0.0,C2083562754,883152.29,2051802.27,0,0
2,CASH_OUT,211131.43,C261925632,0.0,0.0,C1122118227,11073556.18,13060826.21,0,0
2,CASH_OUT,150366.56,C271002555,0.0,0.0,C1538745405,766061.93,270110.78,0,0
2,CASH_OUT,10511.06,C57488372,0.0,0.0,C1062254208,43471.0,53982.06,0,0
2,CASH_OUT,44145.7,C376660032,0.0,0.0,C224063653,247417.0,96636.56,0,0
2,TRANSFER,129484.36,C81705968,220676.0,91191.64,C578102596,11514.0,120074.73,0,0
2,TRANSFER,235882.32,C216919586,137806.0,0.0,C885951223,281857.03,68880.79,0,0
2,TRANSFER,49367.62,C1621615881,68707.65,19340.02,C1899073220,877201.48,3208966.39,0,0
2,TRANSFER,162724.99,C773059332,19340.02,0.0,C248609774,6534746.07,7760414.85,0,0
2,TRANSFER,217743.76,C2020935882,0.0,0.0,C644345897,1096187.24,1313931.0,0,0
2,TRANSFER,189352.83,C1025786379,0.0,0.0,C1750563752,301573.51,167163.39,0,0
2,TRANSFER,191616.27,C1651795723,0.0,0.0,C905650857,283047.18,458875.87,0,0
2,TRANSFER,1773020.91,C1406018450,0.0,0.0,C1122118227,11284687.61,13060826.21,0,0
2,TRANSFER,1869161.56,C53301881,0.0,0.0,C1916720513,2906551.06,6235766.54,0,0
2,TRANSFER,170610.11,C470187021,0.0,0.0,C991505714,1095914.71,1066634.1,0,0
2,TRANSFER,939018.7,C1561005241,0.0,0.0,C1023714065,1791001.63,2485918.01,0,0
2,TRANSFER,721458.64,C2138793529,0.0,0.0,C977993101,1043601.01,1748436.14,0,0
2,TRANSFER,1487557.25,C380394805,0.0,0.0,C11003494,10155564.02,11157336.25,0,0
2,TRANSFER,418492.9,C962969081,0.0,0.0,C1453128758,592289.45,486798.02,0,0
2,TRANSFER,490747.67,C1007550632,0.0,0.0,C1870252780,7416184.79,7103899.5,0,0
2,TRANSFER,257641.56,C409007038,0.0,0.0,C306206744,3541578.38,7173523.49,0,0
2,TRANSFER,984994.76,C1825656946,0.0,0.0,C909295153,5729799.14,7473141.22,0,0
2,TRANSFER,884591.4,C2026873444,0.0,0.0,C1899073220,926569.1,3208966.39,0,0
2,TRANSFER,376507.72,C873002645,0.0,0.0,C909295153,6714793.9,7473141.22,0,0
2,TRANSFER,507138.3,C728370857,0.0,0.0,C657736958,5579568.65,5792135.89,0,0
2,TRANSFER,603258.56,C1306429814,0.0,0.0,C248609774,6697471.07,7760414.85,0,0
2,TRANSFER,129735.3,C1216863787,0.0,0.0,C33524623,138395.49,268130.78,0,0
2,TRANSFER,152649.37,C994584048,0.0,0.0,C985934102,1166470.9,1116289.38,0,0
2,TRANSFER,135348.62,C251666609,172417.38,37068.76,C1750563752,490926.34,167163.39,0,0
2,TRANSFER,256227.34,C2077150966,83198.0,0.0,C575335780,52415.15,140163.41,0,0
2,CASH_OUT,170099.02,C1909367224,41945.71,0.0,C914293025,608063.0,778162.02,0,0
2,CASH_OUT,32969.34,C631766751,164131.0,131161.66,C20671747,48615.1,81584.44,0,0
2,TRANSFER,303473.14,C900824070,798.0,0.0,C790722099,0.0,303473.14,0,0
2,TRANSFER,67234.96,C153048669,66203.0,0.0,C490150701,0.0,67234.96,0,0
2,CASH_OUT,205054.97,C2050124277,17996.17,0.0,C451111351,3419944.48,2560556.45,0,0
2,TRANSFER,150142.45,C857245202,20896.0,0.0,C173783788,42858.0,549946.93,0,0
2,CASH_OUT,13939.21,C1337289706,24719.0,10779.79,C1397643446,20765.02,13707.11,0,0
2,TRANSFER,156474.87,C1583082378,168005.0,11530.13,C451111351,3624999.45,2560556.45,0,0
2,CASH_OUT,89518.58,C116155384,0.0,0.0,C1380361139,273208.5,62111.53,0,0
2,CASH_OUT,28369.42,C1713520020,0.0,0.0,C1211297851,31836.0,60205.42,0,0
2,CASH_OUT,169734.47,C1411828534,31954.17,0.0,C248609774,7300729.62,7760414.85,0,0
2,CASH_OUT,113758.88,C1709321711,0.0,0.0,C1017997535,201469.14,19293.26,0,0
2,TRANSFER,50333.01,C475157807,49566.0,0.0,C1832532108,0.0,27708.6,0,0
2,TRANSFER,119451.25,C679143692,2401.76,0.0,C173783788,193000.45,549946.93,0,0
2,TRANSFER,60949.25,C773535564,0.0,0.0,C481402298,632824.07,617488.4,0,0
2,TRANSFER,227236.78,C1070523353,0.0,0.0,C173783788,312451.7,549946.93,0,0
2,TRANSFER,351219.8,C164183318,0.0,0.0,C885951223,517739.35,68880.79,0,0
2,TRANSFER,64185.86,C1980008362,0.0,0.0,C995911260,75663.55,8629.02,0,0
2,TRANSFER,1231953.95,C22179697,0.0,0.0,C1916720513,4775712.62,6235766.54,0,0
2,TRANSFER,2474181.78,C1238013097,0.0,0.0,C306206744,3799219.95,7173523.49,0,0
2,TRANSFER,367966.09,C162214155,0.0,0.0,C1916720513,6007666.57,6235766.54,0,0
2,TRANSFER,602938.9,C1530977859,0.0,0.0,C909295153,7091301.63,7473141.22,0,0
2,TRANSFER,1232150.93,C1241189309,0.0,0.0,C1899073220,1811160.5,3208966.39,0,0
2,TRANSFER,521278.47,C1418310135,0.0,0.0,C306206744,6273401.72,7173523.49,0,0
2,TRANSFER,844849.66,C83554564,0.0,0.0,C1538745405,916428.49,270110.78,0,0
2,TRANSFER,378843.29,C1502971166,0.0,0.0,C306206744,6794680.19,7173523.49,0,0
2,TRANSFER,285251.82,C1218632562,0.0,0.0,C985934102,1319120.27,1116289.38,0,0
2,TRANSFER,232336.31,C1371397528,0.0,0.0,C2083562754,1575612.32,2051802.27,0,0
2,TRANSFER,896122.8,C35419258,0.0,0.0,C977993101,1765059.65,1748436.14,0,0
2,TRANSFER,414959.03,C2010426450,0.0,0.0,C1916720513,6375632.67,6235766.54,0,0
2,TRANSFER,317831.06,C703824017,0.0,0.0,C1789550256,3964356.31,2943614.6,0,0
2,TRANSFER,548202.26,C371054890,0.0,0.0,C453211571,3726770.23,3809570.13,0,0
2,TRANSFER,180173.39,C2009317431,0.0,0.0,C2134357721,280908.87,182906.2,0,0
2,TRANSFER,243853.63,C623330465,0.0,0.0,C2083562754,1807948.63,2051802.27,0,0
2,TRANSFER,1339661.93,C283492252,0.0,0.0,C1899073220,3043311.43,3208966.39,0,0
2,TRANSFER,744654.21,C1758060579,0.0,0.0,C665576141,6942242.08,6818933.6,0,0
2,CASH_OUT,158934.62,C1898629094,18136.2,0.0,C187649742,168294.74,327229.36,0,0
2,TRANSFER,107159.07,C800990938,6476.0,0.0,C1877453512,0.0,107159.07,0,0
2,CASH_OUT,74226.4,C778234583,11558.0,0.0,C726762476,0.0,74226.4,0,0
2,CASH_OUT,165664.94,C1212238315,1065.87,0.0,C985934102,950624.44,1116289.38,0,0
2,TRANSFER,18627.02,C1375503918,18627.02,0.0,C234430897,0.0,0.0,1,0
2,CASH_OUT,18627.02,C175961135,18627.02,0.0,C1711105800,147251.58,165878.6,1,0
2,CASH_OUT,82399.46,C685827172,10895.0,0.0,C154319946,0.0,82399.46,0,0
2,CASH_OUT,22251.46,C479442206,93538.66,71287.2,C2034460325,114680.0,136931.46,0,0
3,CASH_OUT,13326.35,C1714961449,507.0,0.0,C747464370,90450.54,103776.89,0,0
3,TRANSFER,149995.94,C340792090,31729.0,0.0,C2012808675,197.0,150192.94,0,0
3,CASH_OUT,7108.61,C1387174267,21319.53,14210.92,C1397643446,34704.23,13707.11,0,0
3,CASH_OUT,13881.42,C1482087396,0.0,0.0,C728885526,138627.65,152509.08,0,0
3,TRANSFER,66548.43,C2115368148,80178.0,13629.57,C323761934,0.0,66548.43,0,0
3,CASH_OUT,8442.16,C1510312933,13629.57,5187.4,C1359044626,16518.36,24960.53,0,0
3,CASH_OUT,68934.46,C1320122626,5187.4,0.0,C885951223,313620.32,68880.79,0,0
3,CASH_OUT,99349.84,C549982920,0.0,0.0,C97730845,9027510.57,9126860.4,0,0
3,CASH_OUT,443092.83,C1907028305,0.0,0.0,C248609774,7314840.09,7760414.85,0,0
3,CASH_OUT,76289.1,C1391067753,300349.25,224060.15,C657736958,5995169.66,5792135.89,0,0
3,CASH_OUT,7547.06,C1302459274,87852.51,80305.45,C1222590577,62860.04,70407.1,0,0
3,CASH_OUT,25026.76,C1887326180,203643.0,178616.24,C67985650,11654.0,26579.75,0,0
3,CASH_OUT,10438.26,C2062828451,130513.0,120074.73,C1360767589,998630.6,1099502.6,0,0
3,TRANSFER,11500.28,C1679352734,21220.0,9719.72,C691404076,8671.64,20171.92,0,0
3,CASH_OUT,136416.82,C1610853733,15719.0,0.0,C146305349,52298.57,188715.38,0,0
3,CASH_OUT,31678.91,C4888672,53623.17,21944.26,C40075281,32049.85,111995.96,0,0
3,CASH_OUT,90433.73,C2090953436,21944.26,0.0,C1360767589,1009068.86,1099502.6,0,0
3,CASH_OUT,93705.81,C1487424018,0.0,0.0,C836514715,317352.53,411058.34,0,0
3,CASH_OUT,91705.07,C242224826,0.0,0.0,C2118255842,379539.92,416581.85,0,0
3,CASH_OUT,278349.71,C906397479,536.0,0.0,C173783788,544006.12,549946.93,0,0
3,CASH_OUT,63180.2,C582979874,26103.63,0.0,C1076835071,267912.2,125857.29,0,0
3,CASH_OUT,14979.83,C1613729684,25099.3,10119.47,C991505714,1051654.28,1066634.1,0,0
3,CASH_OUT,77196.59,C1069436988,97659.15,20462.56,C392292416,4608733.28,4450740.26,0,0
3,CASH_OUT,69119.41,C26741311,40752.69,0.0,C934085675,86047.54,155166.96,0,0
3,CASH_OUT,44921.54,C1690221909,19200.01,0.0,C709091500,80305.45,125226.99,0,0
3,CASH_OUT,23369.78,C238748521,238449.79,215080.02,C1782113663,1959121.29,1982491.06,0,0
3,CASH_OUT,120223.34,C1166292560,19822.0,0.0,C1182908789,15326.3,135549.64,0,0
3,CASH_OUT,72791.13,C1388958672,8311.57,0.0,C1750905143,282014.16,354805.29,0,0
3,CASH_OUT,48267.2,C1877317084,20023.71,0.0,C40075281,63728.76,111995.96,0,0
3,CASH_OUT,72010.87,C2098992714,8829.26,0.0,C832279283,76267.32,148278.19,0,0
3,CASH_OUT,93427.95,C547305607,620.0,0.0,C1538745405,270110.78,139849.81,0,0
3,TRANSFER,10539.37,C1134864869,10539.37,0.0,C118648358,0.0,0.0,1,0
3,CASH_OUT,10539.37,C1984954272,10539.37,0.0,C124540047,0.0,10539.37,1,0
3,TRANSFER,69013.09,C2139788372,40038.0,0.0,C885951223,68880.79,137893.88,0,0
3,TRANSFER,76083.8,C417118375,51900.58,0.0,C634440506,186540.3,262624.1,0,0
3,TRANSFER,5573.43,C1842002393,0.0,0.0,C1922859107,152292.0,286841.74,0,0
3,TRANSFER,206925.43,C1511319053,0.0,0.0,C11003494,11157336.25,10946411.29,0,0
3,TRANSFER,572492.51,C260580453,0.0,0.0,C1262822392,11565917.93,12138410.45,0,0
3,TRANSFER,707899.22,C1928117427,0.0,0.0,C306206744,7173523.49,7801173.17,0,0
3,TRANSFER,979818.78,C1246807878,0.0,0.0,C985934102,1116289.38,1796138.08,0,0
3,TRANSFER,280567.17,C923366543,0.0,0.0,C667346055,9989133.64,10670907.24,0,0
3,TRANSFER,18873.1,C2045560071,0.0,0.0,C601893033,54985.05,18021.11,0,0
3,TRANSFER,2837270.65,C1861416877,0.0,0.0,C97730845,9126860.4,12946583.44,0,0
3,TRANSFER,525371.52,C584349634,0.0,0.0,C1504109395,930271.58,1640678.66,0,0
3,TRANSFER,1197188.79,C1585824283,0.0,0.0,C451111351,2560556.45,3757745.24,0,0
3,TRANSFER,141633.8,C1105129521,0.0,0.0,C1916720513,6235766.54,6778025.76,0,0
3,TRANSFER,521678.46,C954742840,0.0,0.0,C667346055,10269700.81,10670907.24,0,0
3,TRANSFER,1610264.08,C964895360,0.0,0.0,C1255024717,6349066.6,7810214.06,0,0
3,TRANSFER,2565.32,C1231469233,0.0,0.0,C146305349,188715.38,344441.76,0,0
3,TRANSFER,16972.84,C2131723476,0.0,0.0,C1005928818,20462.56,37435.4,0,0
3,TRANSFER,708855.97,C115297013,0.0,0.0,C991505714,1066634.1,2109808.94,0,0
3,TRANSFER,630132.72,C652803980,0.0,0.0,C1721246982,1177171.25,1628181.42,0,0
3,TRANSFER,445570.0,C1520921298,0.0,0.0,C801142660,547215.12,1482025.15,0,0
3,TRANSFER,50662.63,C1494051958,0.0,0.0,C479161446,52277.42,9076.2,0,0
3,TRANSFER,192421.03,C628694336,0.0,0.0,C1916720513,6377400.33,6778025.76,0,0
3,TRANSFER,1453126.81,C1150063356,0.0,0.0,C453211571,3809570.13,4790173.09,0,0
3,TRANSFER,112752.15,C622625093,0.0,0.0,C1303868418,223006.0,5515949.57,0,0
3,TRANSFER,87674.26,C398468940,0.0,0.0,C997608398,157982.12,124042.91,0,0
3,CASH_OUT,90922.45,C38851648,99998.66,9076.2,C998351292,482981.46,122805.91,0,0
3,TRANSFER,70376.34,C689588113,59987.0,0.0,C929856893,47644.38,46262.61,0,0
3,CASH_OUT,8294.34,C897541009,543936.31,535641.97,C24119573,41182.36,49476.7,0,0
3,CASH_OUT,34465.37,C1755295609,535641.97,501176.6,C1711105800,165878.6,3522.9,0,0
3,TRANSFER,16208.5,C1178160997,24318.0,8109.5,C99219259,0.0,16208.5,0,0
3,CASH_OUT,101181.53,C957683143,12973.52,0.0,C667346055,10791379.27,10670907.24,0,0
3,CASH_OUT,31891.69,C1548535364,137171.5,105279.81,C1032986144,42746.73,74638.42,0,0
3,CASH_OUT,57342.59,C257684104,61751.11,4408.53,C1504109395,1455643.1,1640678.66,0,0
3,CASH_OUT,9804.05,C740120508,4408.53,0.0,C1877453512,107159.07,118276.63,0,0
3,CASH_OUT,119579.08,C650608468,0.0,0.0,C1023714065,2485918.01,2182677.05,0,0
3,CASH_OUT,8451.78,C1048928512,0.0,0.0,C1065443868,174556.77,100836.14,0,0
3,CASH_OUT,123283.25,C1855589354,0.0,0.0,C1167066016,404831.0,646875.4,0,0
3,CASH_OUT,171669.81,C687608114,0.0,0.0,C2118255842,416581.85,259015.25,0,0
3,CASH_OUT,48514.62,C895280806,0.0,0.0,C2063763486,50942.42,99457.04,0,0
3,CASH_OUT,485135.11,C541330540,0.0,0.0,C1590550415,17778291.45,18263426.57,0,0
3,CASH_OUT,340917.37,C507479765,0.0,0.0,C1870252780,7103899.5,6800716.51,0,0
3,CASH_OUT,103406.05,C1443000737,0.0,0.0,C932583850,3512606.05,6963508.84,0,0
3,CASH_OUT,88793.94,C79283217,0.0,0.0,C709091500,125226.99,265635.7,0,0
3,CASH_OUT,162541.79,C69115782,0.0,0.0,C187649742,327229.36,99535.4,0,0
3,CASH_OUT,189104.46,C1727379710,0.0,0.0,C1023714065,2605497.09,2182677.05,0,0
3,CASH_OUT,22630.64,C591352568,0.0,0.0,C413177525,235008.0,259438.66,0,0
3,CASH_OUT,75925.56,C1777112002,0.0,0.0,C1286084959,1378570.36,2648013.13,0,0
3,CASH_OUT,226424.35,C436126678,0.0,0.0,C977993101,1748436.14,1615874.57,0,0
3,CASH_OUT,105759.64,C1384626783,0.0,0.0,C728885526,152509.08,229190.56,0,0
3,TRANSFER,75131.35,C1680139795,76089.0,957.65,C1261031890,23315.48,98446.83,0,0
3,TRANSFER,136001.37,C1615669446,59567.3,0.0,C173783788,501176.6,227513.56,0,0
3,TRANSFER,163870.49,C2134639513,39379.0,0.0,C1761291320,29491.02,193361.51,0,0
3,TRANSFER,22877.0,C1247938090,22877.0,0.0,C1002031672,0.0,0.0,1,0
3,CASH_OUT,22877.0,C2126545173,22877.0,0.0,C573200870,0.0,22877.0,1,0
4,TRANSFER,167476.47,C605472344,63807.0,0.0,C1926673338,0.0,167476.47,0,0
4,TRANSFER,43896.22,C1460298405,102539.0,58642.78,C1750563752,167163.39,252667.53,0,0
4,CASH_OUT,124112.03,C1386713738,3248.0,0.0,C728885526,258268.72,229190.56,0,0
4,TRANSFER,139173.95,C1324451332,35559.0,0.0,C1289462509,0.0,139173.95,0,0
4,CASH_OUT,51614.78,C2121744549,1457.52,0.0,C709091500,214020.92,265635.7,0,0
4,TRANSFER,25975.86,C2057313241,138.0,0.0,C903716563,0.0,25975.86,0,0
4,CASH_OUT,58046.34,C990722659,818.45,0.0,C997608398,65996.58,124042.91,0,0
4,CASH_OUT,12414.4,C885465900,18707.12,6292.72,C1826334428,33316.54,45730.94,0,0
4,CASH_OUT,75146.85,C677007331,0.0,0.0,C1604271704,77486.0,61986.75,0,0
4,CASH_OUT,186125.39,C629790599,0.0,0.0,C1750563752,211059.6,252667.53,0,0
4,TRANSFER,64279.74,C313249054,21370.11,0.0,C1297685781,16997.22,81276.96,0,0
4,TRANSFER,94450.19,C540315736,42837.0,0.0,C790722099,303473.14,88544.15,0,0
4,CASH_OUT,78639.4,C1684368286,36335.84,0.0,C1916720513,6569821.36,6778025.76,0,0
4,CASH_OUT,12149.25,C1752223660,0.0,0.0,C726762476,74226.4,86375.65,0,0
4,TRANSFER,11218.84,C621197441,49697.0,38478.16,C1292838001,29479.34,40698.18,0,0
4,TRANSFER,7800.55,C1618326377,160529.98,152729.43,C1615535645,0.0,7800.55,0,0
4,CASH_OUT,92229.71,C1916677384,33578.75,0.0,C644345897,1313931.0,1063443.49,0,0
4,TRANSFER,10000000.0,C7162498,12930418.44,2930418.44,C945327594,0.0,0.0,1,0
4,CASH_OUT,10000000.0,C351297720,10000000.0,0.0,C766681183,0.0,9941904.21,1,0
4,TRANSFER,2930418.44,C2047521920,2930418.44,0.0,C449261773,0.0,0.0,1,0
4,CASH_OUT,2930418.44,C2044690596,2930418.44,0.0,C932583850,3616012.1,6963508.84,1,0
4,TRANSFER,170889.82,C1478269879,31431.0,0.0,C1359953204,0.0,63011.84,0,0
4,CASH_OUT,123974.95,C154923232,27160.24,0.0,C1850042097,285229.7,336737.08,0,0
4,TRANSFER,25424.16,C1179830093,52407.0,26982.84,C1651379334,49947.0,75371.16,0,0
4,CASH_OUT,3806.52,C700171836,420.0,0.0,C187649742,95728.87,99535.4,0,0
4,TRANSFER,82208.35,C63015234,186.0,0.0,C466505482,0.0,82208.35,0,0
4,CASH_OUT,29113.15,C1950102816,0.0,0.0,C1917025677,49309.27,78422.43,0,0
4,CASH_OUT,170634.8,C1749205249,0.0,0.0,C909295153,6978330.25,7434797.81,0,0
4,CASH_OUT,404053.55,C592238700,0.0,0.0,C1504109395,1236625.11,1640678.66,0,0
4,CASH_OUT,334318.86,C742969054,0.0,0.0,C991505714,1775490.07,2109808.94,0,0
4,CASH_OUT,46408.89,C969440066,0.0,0.0,C1538745405,93440.92,139849.81,0,0
4,CASH_OUT,181062.0,C1207758771,0.0,0.0,C1789550256,2591250.14,2772312.14,0,0
4,CASH_OUT,489240.03,C37142680,0.0,0.0,C801142660,992785.12,1482025.15,0,0
4,CASH_OUT,12270.42,C1759694910,0.0,0.0,C1632716597,28630.51,40900.93,0,0
4,CASH_OUT,2785.81,C2072945115,0.0,0.0,C1744423762,14116.0,0.0,0,0
4,CASH_OUT,228399.52,C177279387,0.0,0.0,C662736689,3896837.6,4775319.66,0,0
4,CASH_OUT,71951.43,C1997028929,0.0,0.0,C297927961,97990.29,0.0,0,0
4,CASH_OUT,285832.76,C589166341,0.0,0.0,C909295153,7148965.05,7434797.81,0,0
4,CASH_OUT,473991.14,C756222660,0.0,0.0,C1286084959,1146410.94,2648013.13,0,0
4,CASH_OUT,278349.51,C789367604,0.0,0.0,C392292416,4051860.11,4397452.99,0,0
4,CASH_OUT,455933.21,C423629474,0.0,0.0,C769342184,12179638.75,12947436.37,0,0
4,CASH_OUT,252806.47,C1428777808,0.0,0.0,C728526866,5210239.91,6671931.33,0,0
4,CASH_OUT,345548.01,C1616453147,0.0,0.0,C2083562754,1971602.65,2748383.99,0,0
4,CASH_OUT,159316.78,C700791887,0.0,0.0,C214774813,12358948.08,13381242.46,0,0
4,CASH_OUT,205675.07,C805957335,0.0,0.0,C2083562754,2317150.66,2748383.99,0,0
4,CASH_OUT,311864.41,C786722925,0.0,0.0,C769342184,12635571.95,12947436.37,0,0
4,CASH_OUT,190518.44,C107285100,0.0,0.0,C1167066016,528114.25,646875.4,0,0
4,CASH_OUT,12847.91,C105019819,0.0,0.0,C1360767589,1099502.6,1741724.79,0,0
4,CASH_OUT,21291.89,C2034385122,0.0,0.0,C459857341,84207.15,105680.92,0,0
4,CASH_OUT,106105.83,C1957175487,0.0,0.0,C2134357721,182906.2,289012.04,0,0
4,CASH_OUT,63853.6,C1513124396,0.0,0.0,C665576141,6185646.46,6249500.06,0,0
4,CASH_OUT,143568.62,C1328203744,0.0,0.0,C1963862935,144203.7,287772.32,0,0
4,CASH_OUT,180145.39,C612686775,0.0,0.0,C33524623,268130.78,448276.17,0,0
4,CASH_OUT,141702.19,C287095360,0.0,0.0,C1922859107,145139.55,286841.74,0,0
4,CASH_OUT,153161.06,C1222908765,0.0,0.0,C146305349,191280.7,344441.76,0,0
4,CASH_OUT,6291.29,C1374212198,0.0,0.0,C1592415783,11223.95,17515.23,0,0
4,CASH_OUT,131965.15,C1395912847,0.0,0.0,C1899073220,2896417.0,3028382.15,0,0
4,CASH_OUT,121598.71,C663326227,0.0,0.0,C1360767589,1112350.5,1741724.79,0,0
4,TRANSFER,97808.48,C1759500919,50184.53,0.0,C1183572822,147962.31,245770.79,0,0
4,CASH_OUT,67243.37,C1352294549,714118.77,646875.4,C392292416,4330209.62,4397452.99,0,0
4,TRANSFER,36991.08,C1402400433,2133.0,0.0,C1129670968,0.0,36991.08,0,0
4,TRANSFER,54364.44,C663824117,79261.0,24896.56,C1146719991,10361.0,51337.45,0,0
4,TRANSFER,7475.23,C858934277,64725.44,57250.21,C1017997535,19293.26,26768.5,0,0
4,TRANSFER,14237.75,C54440148,30258.0,16020.25,C116289363,0.0,14237.75,0,0
4,CASH_OUT,54989.36,C96749807,21326.0,0.0,C1886938557,43855.89,98845.26,0,0
4,CASH_OUT,121619.14,C1883144272,2625.0,0.0,C1829344035,36248.68,157867.82,0,0
4,CASH_OUT,106903.28,C1753607449,406.0,0.0,C1413871034,0.0,106903.28,0,0
4,CASH_OUT,70994.78,C2017574192,27395.15,0.0,C914293025,118532.8,189527.57,0,0
4,CASH_OUT,37239.99,C931003277,8372.12,0.0,C728526866,5463046.38,6671931.33,0,0
4,TRANSFER,169941.73,C540962910,169941.73,0.0,C2127862399,0.0,0.0,1,0
4,CASH_OUT,169941.73,C2026325575,169941.73,0.0,C1394526584,0.0,169941.73,1,0
4,TRANSFER,139644.5,C1653634548,3157.65,0.0,C481402298,324762.11,742165.13,0,0
4,TRANSFER,148792.1,C1212782393,0.0,0.0,C1255024717,7661421.96,7810214.06,0,0
4,TRANSFER,277758.51,C1916224178,0.0,0.0,C481402298,464406.61,742165.13,0,0
4,TRANSFER,1465846.48,C1436127733,0.0,0.0,C97730845,11480736.96,12946583.44,0,0
4,TRANSFER,132948.43,C885481831,0.0,0.0,C1850042097,203788.65,336737.08,0,0
4,TRANSFER,1137763.15,C817092761,0.0,0.0,C728526866,5500286.37,6671931.33,0,0
4,TRANSFER,507775.58,C2027499247,0.0,0.0,C1360767589,1233949.21,1741724.79,0,0
4,TRANSFER,307749.99,C1641418296,0.0,0.0,C662736689,4125237.13,4775319.66,0,0
4,TRANSFER,908274.13,C1855297340,0.0,0.0,C932583850,6055234.7,6963508.84,0,0
4,TRANSFER,1032930.05,C1078783335,0.0,0.0,C1883840933,14723885.17,17258590.84,0,0
4,TRANSFER,1027611.05,C1901272535,0.0,0.0,C1286084959,1620402.08,2648013.13,0,0
4,TRANSFER,522854.73,C539322891,0.0,0.0,C1916720513,6255171.04,6778025.76,0,0
4,TRANSFER,225558.27,C1649096004,0.0,0.0,C2083562754,2522825.73,2748383.99,0,0
4,TRANSFER,862977.6,C1162595263,0.0,0.0,C214774813,12518264.86,13381242.46,0,0
4,TRANSFER,342332.55,C748673892,0.0,0.0,C662736689,4432987.11,4775319.66,0,0
4,TRANSFER,1501775.62,C669096398,0.0,0.0,C1883840933,15756815.22,17258590.84,0,0
4,TRANSFER,119656.92,C473655651,0.0,0.0,C1076835071,125857.29,245514.21,0,0
4,TRANSFER,13707.11,C17222024,13707.11,0.0,C410033330,0.0,0.0,1,0
4,CASH_OUT,13707.11,C556223230,13707.11,0.0,C2094777811,0.0,13707.11,1,0
4,CASH_OUT,67180.68,C873134840,93669.22,26488.54,C40075281,111995.96,179176.65,0,0
4,CASH_OUT,33881.81,C1795568752,19486.34,0.0,C728526866,6638049.52,6671931.33,0,0
4,CASH_OUT,3350.15,C2121560119,54243.56,50893.41,C872592585,8649.41,11999.56,0,0
4,CASH_OUT,34325.53,C1292769946,50893.41,16567.87,C931482420,36899.86,71225.39,0,0
4,CASH_OUT,19548.49,C622955085,16567.87,0.0,C1255024717,7810214.06,7829762.55,0,0
4,CASH_OUT,41680.46,C200452658,0.0,0.0,C1774531247,103918.69,39265.07,0,0
4,CASH_OUT,288846.82,C1457166003,0.0,0.0,C1778801068,7727522.76,8016369.59,0,0
4,CASH_OUT,308762.31,C1799199800,0.0,0.0,C1167066016,646875.4,455191.58,0,0
4,CASH_OUT,248011.57,C1114050800,0.0,0.0,C766681183,9941904.21,12362816.81,0,0
4,CASH_OUT,104334.87,C1549439412,0.0,0.0,C1750905143,193663.49,297998.36,0,0
4,CASH_OUT,34808.12,C1580727170,0.0,0.0,C803116137,73083.0,13071229.35,0,0
4,CASH_OUT,116878.6,C1508667424,0.0,0.0,C1782113663,1356589.82,906564.46,0,0
4,CASH_OUT,40379.62,C603327357,0.0,0.0,C1899073220,3028382.15,3288831.78,0,0
4,CASH_OUT,55282.19,C732559750,0.0,0.0,C909295153,7434797.81,6661385.87,0,0
4,CASH_OUT,125774.49,C1252261018,0.0,0.0,C766681183,10189915.78,12362816.81,0,0
4,CASH_OUT,8502.55,C1895102622,0.0,0.0,C1364913072,21130.68,29633.23,0,0
4,CASH_OUT,109648.19,C1665837086,0.0,0.0,C2134357721,289012.04,50620.17,0,0
4,TRANSFER,178055.95,C46727015,9181.0,0.0,C716083600,1309620.48,1423811.37,0,0
4,CASH_OUT,104234.05,C1415104286,58096.76,0.0,C1926673338,167476.47,204653.87,0,0
4,CASH_OUT,6701.1,C936432499,105415.71,98714.61,C2134357721,398660.23,50620.17,0,0
4,TRANSFER,86070.17,C1844941220,86070.17,0.0,C1191544932,0.0,0.0,1,0
4,CASH_OUT,86070.17,C1699873763,86070.17,0.0,C560041895,0.0,86070.17,1,0
4,CASH_OUT,20470.3,C1359849336,8028.75,0.0,C345679794,31632.0,0.0,0,0
4,TRANSFER,17384.73,C578458429,156.0,0.0,C1456465598,0.0,17384.73,0,0
4,CASH_OUT,70344.95,C1179573791,109144.29,38799.34,C1413871034,106903.28,10811.1,0,0
4,TRANSFER,123755.39,C1687227181,15416.0,0.0,C476179877,0.0,79407.93,0,0
4,CASH_OUT,166736.16,C26428217,257150.19,90414.04,C1339858954,215080.02,156003.57,0,0
4,CASH_OUT,221605.71,C1257319011,90414.04,0.0,C1281580764,280036.0,262374.4,0,0
4,TRANSFER,148319.88,C1845922505,49953.0,0.0,C1983747920,95860.18,244180.06,0,0
5,CASH_OUT,85070.76,C947069810,33203.35,0.0,C451111351,3757745.24,3678302.15,0,0
5,CASH_OUT,195542.41,C533392019,14441.61,0.0,C1360767589,1741724.79,1937267.2,0,0
5,TRANSFER,120074.73,C1409933277,120074.73,0.0,C162114152,0.0,0.0,1,0
5,CASH_OUT,120074.73,C1174000532,120074.73,0.0,C410033330,0.0,120074.73,1,0
5,CASH_OUT,89888.52,C548752638,0.0,0.0,C97730845,12946583.44,14133982.62,0,0
5,TRANSFER,30608.52,C735796751,659400.0,628791.48,C885951223,137893.88,11201.36,0,0
5,CASH_OUT,72688.93,C195699326,24586.97,0.0,C456172878,103175.0,172958.83,0,0
5,CASH_OUT,74375.02,C1956358668,978.83,0.0,C766681183,10315690.28,12362816.81,0,0
5,CASH_OUT,139705.19,C545580634,3371.64,0.0,C1816757085,8975709.58,8743280.64,0,0
5,CASH_OUT,164935.63,C495885630,14239.08,0.0,C2118255842,259015.25,166742.65,0,0
5,CASH_OUT,247480.23,C906838480,0.0,0.0,C1750563752,252667.53,298682.8,0,0
5,TRANSFER,84466.1,C1641214567,25724.0,0.0,C769507769,0.0,73595.15,0,0
5,CASH_OUT,128823.03,C344410717,29292.0,0.0,C1382717704,0.0,133220.41,0,0
5,TRANSFER,29352.63,C1785536499,50904.0,21551.37,C1725097945,19248.7,48601.33,0,0
5,CASH_OUT,84024.67,C1689730570,21551.37,0.0,C40075281,179176.65,263201.31,0,0
5,TRANSFER,1221.69,C814647201,52332.0,51110.31,C1211297851,34410.65,35632.33,0,0
5,CASH_OUT,211418.41,C433767126,0.0,0.0,C453211571,4790173.09,5174801.52,0,0
5,TRANSFER,102359.17,C1773813582,11682.0,0.0,C769342184,12947436.37,13049795.53,0,0
5,CASH_OUT,89293.11,C1469597388,0.0,0.0,C1538745405,139849.81,229142.92,0,0
5,CASH_OUT,81917.31,C1847825207,10932.78,0.0,C2083562754,2724135.13,2808555.73,0,0
5,CASH_OUT,38326.82,C2039926996,0.0,0.0,C1839337592,70713.92,109040.74,0,0
5,TRANSFER,60726.57,C383882703,60726.57,0.0,C1807010830,0.0,0.0,1,0
5,CASH_OUT,60726.57,C840095827,60726.57,0.0,C803116137,13010502.78,13071229.35,1,0
5,CASH_OUT,49804.17,C1025266421,5086.37,0.0,C456172878,175863.93,172958.83,0,0
5,TRANSFER,92036.54,C1163336956,172101.01,80064.48,C1446521801,4578941.6,4670978.14,0,0
5,TRANSFER,166567.98,C263111287,80064.48,0.0,C1183572822,245770.79,412338.76,0,0
5,TRANSFER,1915470.93,C457660003,0.0,0.0,C1262822392,11595793.82,13511264.76,0,0
5,TRANSFER,339163.04,C376017690,0.0,0.0,C766681183,10307150.95,12362816.81,0,0
5,TRANSFER,41139.2,C1797578199,0.0,0.0,C662736689,4388254.93,4429394.13,0,0
5,TRANSFER,1716502.82,C316671934,0.0,0.0,C766681183,10646313.99,12362816.81,0,0
5,TRANSFER,1097510.65,C859156431,0.0,0.0,C97730845,13036471.97,14133982.62,0,0
5,TRANSFER,103759.56,C1771965424,0.0,0.0,C1883840933,16756987.82,16860747.38,0,0
5,TRANSFER,59691.76,C614054257,0.0,0.0,C1303868418,4254247.97,4313939.72,0,0
5,TRANSFER,40975.4,C1307525827,51859.0,10883.6,C1458849419,0.0,43040.57,0,0
5,TRANSFER,169448.37,C1941390869,10282.0,0.0,C423583818,66548.75,235997.12,0,0
5,CASH_OUT,142634.17,C1569908962,16315.69,0.0,C1922859107,286841.74,609485.61,0,0
5,TRANSFER,71741.21,C1404703093,367623.0,295881.79,C860798122,1540.44,73281.65,0,0
5,TRANSFER,43479.45,C2111381500,11582.0,0.0,C476402209,51513.44,97322.02,0,0
5,TRANSFER,179651.4,C2068126708,58395.9,0.0,C187019413,0.0,179651.4,0,0
5,CASH_OUT,173210.02,C204572772,3611.77,0.0,C453211571,5001591.5,5174801.52,0,0
5,CASH_OUT,138480.68,C2103527052,1191.0,0.0,C1235151206,57606.45,196087.14,0,0
5,CASH_OUT,272045.87,C1700143613,453779.81,181733.94,C977993101,690691.73,962737.6,0,0
5,TRANSFER,132427.3,C1426344756,40217.0,0.0,C380242442,0.0,132427.3,0,0
5,CASH_OUT,180009.7,C685605293,0.0,0.0,C1922859107,429475.91,609485.61,0,0
5,TRANSFER,268571.64,C243801670,7077.27,0.0,C787033725,435950.07,646196.83,0,0
5,TRANSFER,134294.1,C14050562,138.0,0.0,C191614132,10768.1,145062.2,0,0
5,TRANSFER,72825.75,C1549565124,6038.0,0.0,C660143728,31280.33,160577.57,0,0
5,CASH_OUT,220070.01,C2012011563,32960.74,0.0,C1899073220,3068761.77,3288831.78,0,0
5,TRANSFER,56471.48,C1495931010,312830.0,256358.52,C660143728,104106.08,160577.57,0,0
5,CASH_OUT,55207.84,C415768786,701404.67,646196.83,C716083600,1368603.53,1423811.37,0,0
5,TRANSFER,145374.18,C219286908,34060.0,0.0,C54617902,12996.44,158370.61,0,0
5,CASH_OUT,190944.55,C1510967269,13519.28,0.0,C173783788,227513.56,418458.11,0,0
5,CASH_OUT,78115.81,C759536602,22924.8,0.0,C726762476,86375.65,164491.46,0,0
5,TRANSFER,97661.94,C1827344889,29749.0,0.0,C407757655,40662.0,0.0,0,0
5,CASH_OUT,101921.8,C76032922,19169.77,0.0,C1983747920,244180.06,874685.77,0,0
5,CASH_OUT,135550.07,C2126842086,0.0,0.0,C1870252780,6434071.39,8598427.92,0,0
5,CASH_OUT,41624.47,C575197504,7020.58,0.0,C1235151206,196087.14,69876.14,0,0
5,CASH_OUT,48516.52,C1856963340,126750.74,78234.23,C2134357721,50620.17,99136.69,0,0
5,CASH_OUT,305121.53,C187540389,78234.23,0.0,C932583850,6932092.15,6724357.4,0,0
5,CASH_OUT,268894.02,C1840987517,0.0,0.0,C1870252780,6569621.46,8598427.92,0,0
5,CASH_OUT,233312.83,C2050640357,0.0,0.0,C1983747920,346101.86,874685.77,0,0
5,CASH_OUT,198384.26,C1813742285,0.0,0.0,C932583850,7237213.68,6724357.4,0,0
5,CASH_OUT,311282.8,C181220448,0.0,0.0,C716083600,1423811.37,1848371.68,0,0
5,TRANSFER,10119.47,C1775746074,10119.47,0.0,C746009679,0.0,0.0,1,0
5,CASH_OUT,10119.47,C213063852,10119.47,0.0,C922511709,0.0,10119.47,1,0
5,CASH_OUT,366300.87,C717249075,5884.22,0.0,C1446521801,4670978.14,6525826.68,0,0
5,CASH_OUT,33985.61,C900682460,0.0,0.0,C997608398,124042.91,6192.55,0,0
5,CASH_OUT,439930.78,C1290733383,0.0,0.0,C1916720513,6273057.64,6760548.76,0,0
5,CASH_OUT,218549.38,C1108589630,0.0,0.0,C1167066016,455191.58,576353.3,0,0
5,CASH_OUT,498990.17,C1789552525,0.0,0.0,C1782113663,906564.46,1477358.35,0,0
5,CASH_OUT,134175.79,C635236790,0.0,0.0,C1721246982,876481.82,1515372.59,0,0
5,CASH_OUT,70830.43,C289214325,0.0,0.0,C1339858954,156003.57,6100.96,0,0
5,CASH_OUT,293520.06,C1309713184,0.0,0.0,C453211571,5174801.52,5950433.65,0,0
5,CASH_OUT,247454.42,C2000630624,0.0,0.0,C1504109395,1640678.66,2554285.76,0,0
5,CASH_OUT,182374.61,C892091760,0.0,0.0,C665576141,5766644.71,5954556.4,0,0
5,CASH_OUT,183088.01,C1276365319,0.0,0.0,C1167066016,673740.96,576353.3,0,0
5,CASH_OUT,278809.45,C131168518,0.0,0.0,C665576141,5949019.31,5954556.4,0,0
5,CASH_OUT,83160.08,C159116975,0.0,0.0,C306206744,7129559.36,6778202.0,0,0
5,CASH_OUT,122729.64,C1567135053,0.0,0.0,C248609774,6393139.71,6739716.03,0,0
5,CASH_OUT,127127.67,C259604245,0.0,0.0,C1750563752,298682.8,160101.66,0,0
5,TRANSFER,97544.43,C65830581,87120.0,0.0,C2113748097,0.0,97544.43,0,0
5,CASH_OUT,269130.7,C178838760,12857.29,0.0,C1870252780,6838515.48,8598427.92,0,0
5,CASH_OUT,31963.29,C1792086750,0.0,0.0,C54617902,158370.61,115108.49,0,0
5,CASH_OUT,137497.97,C413168155,0.0,0.0,C423583818,235997.12,94873.55,0,0
5,CASH_OUT,89569.75,C719518227,0.0,0.0,C380242442,132427.3,19525.79,0,0
5,CASH_OUT,286878.98,C1726032955,0.0,0.0,C801142660,1273212.87,2081530.01,0,0
5,CASH_OUT,521438.17,C71599579,0.0,0.0,C801142660,1560091.84,2081530.01,0,0
5,CASH_OUT,141799.28,C527372258,0.0,0.0,C33524623,289908.33,126232.09,0,0
5,CASH_OUT,101332.45,C576736382,0.0,0.0,C728885526,231016.85,345283.88,0,0
5,CASH_OUT,297734.01,C1301228797,0.0,0.0,C1477979030,355036.0,9113630.99,0,0
5,CASH_OUT,105095.1,C1833239242,0.0,0.0,C1394526584,169941.73,618730.52,0,0
6,CASH_OUT,229790.53,C1999434859,0.0,0.0,C991505714,1695079.69,1924870.22,0,0
6,TRANSFER,33332.86,C2025652936,33332.86,0.0,C1662235713,0.0,0.0,1,0
6,CASH_OUT,33332.86,C685428529,33332.86,0.0,C1626759869,31002.0,0.0,1,0
6,TRANSFER,118172.98,C1902545511,2229.0,0.0,C800281454,0.0,70485.36,0,0
6,TRANSFER,627010.99,C556677614,0.0,0.0,C1838584624,4522760.62,8245234.16,0,0
6,TRANSFER,267962.57,C1670196451,0.0,0.0,C1675375648,347164.0,271152.52,0,0
6,CASH_OUT,139845.98,C1016064173,0.0,0.0,C997608398,158028.52,6192.55,0,0
6,CASH_OUT,191894.78,C164865953,180.92,0.0,C1234776885,944225.12,2315350.49,0,0
6,CASH_OUT,69603.22,C474027124,0.0,0.0,C481402298,217562.01,2274476.83,0,0
6,TRANSFER,140243.54,C30589523,832.0,0.0,C843467284,0.0,306213.48,0,0
6,TRANSFER,381018.8,C1622945931,72456.41,0.0,C667346055,9827546.97,10415456.02,0,0
6,TRANSFER,67316.99,C1447663489,0.0,0.0,C1668376627,195932.4,100207.22,0,0
6,TRANSFER,564301.75,C1140430871,0.0,0.0,C803116137,13071229.35,15517661.96,0,0
6,TRANSFER,1221819.02,C707238050,0.0,0.0,C1838584624,5149771.61,8245234.16,0,0
6,TRANSFER,340473.03,C731827461,0.0,0.0,C1838584624,6371590.62,8245234.16,0,0
6,TRANSFER,1545681.21,C837923432,0.0,0.0,C1590550415,16420556.26,17811814.09,0,0
6,TRANSFER,484328.78,C1053273441,0.0,0.0,C1983747920,579414.69,874685.77,0,0
6,TRANSFER,536060.03,C674480275,0.0,0.0,C909295153,6661385.87,9197383.11,0,0
6,TRANSFER,66860.4,C1972950645,0.0,0.0,C1922859107,609485.61,629441.42,0,0
6,TRANSFER,641213.85,C1229342812,0.0,0.0,C1838584624,6712063.65,8245234.16,0,0
6,TRANSFER,487039.74,C1256806576,0.0,0.0,C1360767589,1937267.2,5188539.32,0,0
6,TRANSFER,665949.93,C2087202342,0.0,0.0,C657736958,5203102.94,5854252.35,0,0
6,TRANSFER,185325.96,C1341158560,20306.0,0.0,C1632716597,40900.93,226226.89,0,0
6,CASH_OUT,33275.35,C770164810,94853.92,61578.57,C560041895,86070.17,119345.51,0,0
6,CASH_OUT,196477.41,C1333502127,0.0,0.0,C1085479446,224064.0,565529.07,0,0
6,TRANSFER,225464.91,C361948480,103559.0,0.0,C1297685781,81276.96,542942.3,0,0
6,TRANSFER,130145.62,C2073830279,14281.0,0.0,C1531333864,55974.56,189573.05,0,0
6,TRANSFER,62574.57,C1288213062,16751.0,0.0,C127252077,0.0,105984.74,0,0
6,TRANSFER,25975.86,C864622150,25975.86,0.0,C41792607,0.0,0.0,1,0
6,CASH_OUT,25975.86,C1004271827,25975.86,0.0,C451934410,98152.0,28041.27,1,0
6,CASH_OUT,11950.98,C255996780,16083.88,4132.9,C1675375648,615126.57,271152.52,0,0
6,TRANSFER,436099.98,C794942980,230.02,0.0,C503195940,0.0,658963.55,0,0
6,TRANSFER,19496.78,C131316947,12256.0,0.0,C1321530272,17666.19,37162.97,0,0
6,TRANSFER,165344.97,C1573805059,15818.0,0.0,C878506901,0.0,165344.97,0,0
6,CASH_OUT,148971.75,C1846347146,33979.53,0.0,C481402298,287165.23,2274476.83,0,0
6,CASH_OUT,8013.4,C472702055,37922.04,29908.64,C478124129,98714.61,58452.12,0,0
6,TRANSFER,326538.62,C1966657510,6576.0,0.0,C1038678108,1122.0,0.0,0,0
6,TRANSFER,26768.5,C457596841,26768.5,0.0,C1956477953,0.0,0.0,1,0
6,CASH_OUT,26768.5,C682812632,26768.5,0.0,C256417920,101976.0,128744.5,1,0
6,TRANSFER,61464.3,C1600591903,96.3,0.0,C1869400026,0.0,61464.3,0,0
6,TRANSFER,296250.01,C1699756582,19401.28,0.0,C716083600,1552121.67,1848371.68,0,0
6,TRANSFER,1394793.88,C329929969,0.0,0.0,C803116137,13181352.26,15517661.96,0,0
6,TRANSFER,495294.14,C651676429,0.0,0.0,C2083562754,2808555.73,5312631.16,0,0
6,TRANSFER,1095802.84,C602529144,0.0,0.0,C1636786811,5607296.22,6703099.06,0,0
6,TRANSFER,1408829.48,C1191985705,0.0,0.0,C1360767589,2240534.89,5188539.32,0,0
6,TRANSFER,704242.78,C104893413,0.0,0.0,C451111351,3375453.14,4654237.15,0,0
6,TRANSFER,2025330.83,C509065091,0.0,0.0,C214774813,13025097.92,15944428.35,0,0
6,TRANSFER,1488547.68,C1941482284,0.0,0.0,C1446521801,5037279.0,6525826.68,0,0
6,TRANSFER,604786.9,C1442882168,0.0,0.0,C1838584624,7353277.5,8245234.16,0,0
6,TRANSFER,723954.54,C1419580670,0.0,0.0,C662736689,4429394.13,4766045.33,0,0
6,TRANSFER,442131.61,C2010466881,0.0,0.0,C248609774,6091396.76,6739716.03,0,0
6,TRANSFER,1627438.13,C1090678364,0.0,0.0,C2083562754,3303849.88,5312631.16,0,0
6,TRANSFER,921268.93,C306321254,0.0,0.0,C451111351,4079695.93,4654237.15,0,0
6,TRANSFER,184917.64,C776260404,0.0,0.0,C1538745405,229142.92,546224.26,0,0
6,TRANSFER,110132.46,C1931348991,0.0,0.0,C1782113663,1084335.3,1477358.35,0,0
6,TRANSFER,30965.98,C557640526,0.0,0.0,C653745564,165942.0,96646.3,0,0
6,TRANSFER,171092.94,C600252712,181083.0,9990.06,C1022680775,29506.58,100540.36,0,0
6,TRANSFER,296908.68,C56807270,294.0,0.0,C1329589315,1048.0,297956.68,0,0
6,TRANSFER,225055.89,C1663786105,11200.0,0.0,C621014131,0.0,409735.86,0,0
6,CASH_OUT,184931.14,C1091523506,408292.47,223361.33,C194746285,214404.84,498474.72,0,0
6,CASH_OUT,89698.27,C1363127070,186344.56,96646.3,C1360767589,3649364.37,5188539.32,0,0
6,CASH_OUT,6683.95,C1872376613,56755.06,50071.11,C691404076,20171.92,26855.87,0,0
6,TRANSFER,102506.97,C914674368,14434.0,0.0,C1615804266,14472.0,116978.97,0,0
6,CASH_OUT,49350.98,C1890212065,2115.35,0.0,C1916720513,6712988.42,6760548.76,0,0
6,TRANSFER,18554.73,C248447628,1018.0,0.0,C1955948959,0.0,18554.73,0,0
6,TRANSFER,157635.81,C441236678,15973.0,0.0,C1356054329,0.0,157635.81,0,0
6,TRANSFER,368444.96,C1644524251,125506.0,0.0,C295372946,0.0,314262.63,0,0
6,TRANSFER,218698.72,C93011633,28177.0,0.0,C769342184,12584393.5,12782636.7,0,0
6,TRANSFER,30521.02,C903383636,30521.02,0.0,C904300960,0.0,0.0,1,0
6,CASH_OUT,30521.02,C1813769162,30521.02,0.0,C1249547869,0.0,30521.02,1,0
6,TRANSFER,412579.72,C1503837905,36739.3,0.0,C1013700132,649546.31,1391946.72,0,0
6,TRANSFER,113782.9,C77538886,0.0,0.0,C1880332929,7738926.52,11423976.98,0,0
6,TRANSFER,805550.98,C78646617,0.0,0.0,C1286084959,2222960.7,3105859.14,0,0
6,TRANSFER,168867.61,C2080672560,0.0,0.0,C657736958,5756801.39,5854252.35,0,0
6,TRANSFER,1781452.87,C815593047,0.0,0.0,C766681183,11751840.87,13447674.95,0,0
6,TRANSFER,1490781.74,C1296845588,0.0,0.0,C1870252780,7107646.18,8598427.92,0,0
6,TRANSFER,1595612.93,C1234328865,0.0,0.0,C1023714065,2050861.47,3216387.7,0,0
6,TRANSFER,358736.5,C286720552,0.0,0.0,C909295153,7033126.3,9197383.11,0,0
6,TRANSFER,626070.45,C1190031379,0.0,0.0,C1360767589,3739062.64,5188539.32,0,0
6,TRANSFER,820399.29,C1775601457,0.0,0.0,C1255024717,7829762.55,10833791.0,0,0
6,TRANSFER,488338.66,C846570623,0.0,0.0,C1590550415,17042993.83,17811814.09,0,0
6,TRANSFER,1168674.62,C458946139,0.0,0.0,C1816757085,8209371.5,9563426.09,0,0
6,TRANSFER,934479.64,C771843019,0.0,0.0,C1234776885,1136119.9,2315350.49,0,0
6,TRANSFER,258126.09,C1797821749,0.0,0.0,C1883840933,16860747.38,17324126.77,0,0
6,TRANSFER,98781.87,C1952551539,0.0,0.0,C503485607,113718.0,89435.23,0,0
6,TRANSFER,204302.85,C952457866,0.0,0.0,C1013700132,1062126.04,1391946.72,0,0
6,TRANSFER,205253.3,C494893410,0.0,0.0,C1883840933,17118873.47,17324126.77,0,0
6,TRANSFER,833142.33,C852612805,0.0,0.0,C769342184,12803092.22,12782636.7,0,0
6,TRANSFER,126085.63,C1247492326,24478.0,0.0,C1540270363,0.0,66099.92,0,0
6,CASH_OUT,248203.85,C47280839,8510.12,0.0,C1281580764,262374.4,805754.92,0,0
6,CASH_OUT,295176.67,C291436147,0.0,0.0,C1281580764,510578.25,805754.92,0,0
6,CASH_OUT,98177.84,C603456365,158405.36,60227.53,C456172878,172958.83,17168.74,0,0
6,CASH_OUT,18923.09,C1760992419,60227.53,41304.43,C154319946,82399.46,11058.04,0,0
6,CASH_OUT,142268.91,C1754081885,39592.73,0.0,C1916720513,6762339.4,6760548.76,0,0
6,TRANSFER,165969.93,C1186076210,102655.0,0.0,C843467284,140243.54,306213.48,0,0
6,CASH_OUT,244750.95,C1996087296,0.0,0.0,C1234776885,2070599.54,2315350.49,0,0
6,CASH_OUT,185379.97,C1445947009,45311.44,0.0,C1816757085,9378046.12,9563426.09,0,0
6,CASH_OUT,68264.98,C1869571492,0.0,0.0,C2118255842,166742.65,536621.22,0,0
6,CASH_OUT,9536.43,C160479339,0.0,0.0,C1822045793,45129.71,54666.14,0,0
6,CASH_OUT,643767.43,C1038753484,0.0,0.0,C11003494,10946411.29,11919932.15,0,0
6,CASH_OUT,482542.82,C274492574,0.0,0.0,C214774813,15050428.75,15944428.35,0,0
6,CASH_OUT,54095.79,C67795316,0.0,0.0,C1922859107,676346.01,629441.42,0,0
6,CASH_OUT,248408.34,C148232830,0.0,0.0,C173783788,320218.78,295284.85,0,0
6,CASH_OUT,18979.27,C1705294294,0.0,0.0,C832279283,28941.95,47921.23,0,0
6,CASH_OUT,49996.07,C384766304,0.0,0.0,C2118255842,235007.63,536621.22,0,0
6,CASH_OUT,2657.5,C1106840336,0.0,0.0,C1997859171,60314.73,62972.23,0,0
6,CASH_OUT,547597.44,C1733902203,0.0,0.0,C1721246982,693368.35,1515372.59,0,0
6,CASH_OUT,86520.54,C661868623,0.0,0.0,C407757655,138323.94,0.0,0,0
6,TRANSFER,248826.61,C1399215965,40526.0,0.0,C1254526270,0.0,215582.32,0,0
6,TRANSFER,182524.92,C460107127,66362.0,0.0,C1883788127,0.0,182524.92,0,0
6,TRANSFER,50738.94,C185876853,21230.0,0.0,C557041912,74745.89,125484.83,0,0
6,CASH_OUT,148274.34,C16705482,116368.43,0.0,C1838584624,7958064.39,8245234.16,0,0
6,TRANSFER,252567.83,C1619759213,189.0,0.0,C193864812,0.0,302931.44,0,0
6,CASH_OUT,44874.82,C295145298,0.0,0.0,C40075281,263201.31,308076.14,0,0
6,TRANSFER,1390432.94,C384119884,23480.69,0.0,C1789550256,2221502.7,3871016.4,0,0
6,TRANSFER,1280020.98,C1000719581,0.0,0.0,C1262822392,13511264.76,16853978.68,0,0
6,CASH_OUT,260604.69,C2000449863,18033.37,0.0,C1504109395,1663500.49,2554285.76,0,0
6,TRANSFER,66165.76,C2001493596,155.0,0.0,C2066777507,145254.0,701369.74,0,0
6,TRANSFER,370171.43,C2022055326,88990.12,0.0,C1477979030,538388.23,9113630.99,0,0
6,CASH_OUT,280481.6,C2093965588,0.0,0.0,C1590550415,17531332.5,17811814.09,0,0
6,CASH_OUT,122817.49,C1039352074,0.0,0.0,C97730845,13844492.54,13967310.03,0,0
6,TRANSFER,209374.09,C1190892929,0.0,0.0,C985934102,1455280.18,2941514.43,0,0
6,TRANSFER,611049.17,C1188469924,46418.65,0.0,C1360767589,4365133.09,5188539.32,0,0
6,CASH_OUT,122377.68,C1632677830,211812.91,89435.23,C1394526584,223900.19,618730.52,0,0
6,TRANSFER,391057.91,C1731036016,627.0,0.0,C1335946878,0.0,582433.46,0,0
6,TRANSFER,109985.65,C570434649,41851.0,0.0,C553264065,0.0,109985.65,0,0
6,TRANSFER,32925.72,C499774893,22043.0,0.0,C1345063038,38277.84,108597.29,0,0
6,CASH_OUT,66999.61,C717874492,74776.0,7776.39,C1440325059,5505.0,72504.61,0,0
6,TRANSFER,53627.09,C1621729085,289.0,0.0,C490766432,0.0,53627.09,0,0
6,CASH_OUT,129835.8,C1424575977,42794.52,0.0,C214774813,15532971.56,15944428.35,0,0
6,CASH_OUT,37547.1,C754910159,0.0,0.0,C803116137,14576146.14,15517661.96,0,0
6,TRANSFER,4792.35,C664671266,5088.0,295.65,C18928637,0.0,4792.35,0,0
6,TRANSFER,3849.48,C898959467,99474.0,95624.52,C1346667529,64017.81,67867.28,0,0
6,TRANSFER,65843.72,C618095995,0.0,0.0,C193864812,252567.83,302931.44,0,0
6,TRANSFER,1657667.44,C1866632814,0.0,0.0,C1880332929,7852709.43,11423976.98,0,0
6,TRANSFER,587264.44,C307441207,0.0,0.0,C1477979030,908559.66,9113630.99,0,0
6,TRANSFER,21437.62,C30784348,55634.0,34196.38,C638590716,27776.24,49213.86,0,0
6,TRANSFER,128294.6,C2017890623,100228.0,0.0,C1112414583,15453.44,143748.04,0,0
6,TRANSFER,106174.75,C1375428582,10563.0,0.0,C1058634310,25053.73,131228.48,0,0
6,TRANSFER,259992.93,C1429830933,42630.0,0.0,C403147759,0.0,425769.98,0,0
6,TRANSFER,694967.26,C1018466593,3641.48,0.0,C1013700132,1266428.89,1391946.72,0,0
6,TRANSFER,45447.1,C1639778373,156.0,0.0,C934085675,46347.75,91794.85,0,0
6,CASH_OUT,376292.35,C1013104188,0.0,0.0,C1899073220,3005708.48,3382000.83,0,0
6,TRANSFER,30538.26,C208438522,31324.0,785.74,C1777369261,177509.88,208048.14,0,0
6,CASH_OUT,169614.88,C1892560818,785.74,0.0,C728885526,332349.29,345283.88,0,0
6,CASH_OUT,37393.74,C689749616,20868.38,0.0,C1345063038,71203.56,108597.29,0,0
6,CASH_OUT,228693.31,C1958403865,30003.0,0.0,C1592415783,17515.23,246208.54,0,0
6,TRANSFER,98830.07,C137453130,498809.2,399979.13,C476800120,49864.36,148694.43,0,0
6,TRANSFER,274324.05,C943051773,21459.0,0.0,C1419794148,136995.77,2077254.38,0,0
6,CASH_OUT,43410.17,C41260873,0.0,0.0,C127252077,62574.57,105984.74,0,0
6,CASH_OUT,275905.67,C1325322464,0.0,0.0,C453211571,5469643.8,5950433.65,0,0
6,CASH_OUT,246039.31,C1254157669,0.0,0.0,C193864812,318411.55,302931.44,0,0
6,CASH_OUT,222863.57,C1551660539,0.0,0.0,C503195940,436099.98,658963.55,0,0
6,CASH_OUT,147459.35,C1922920162,0.0,0.0,C11003494,11590178.72,11919932.15,0,0
6,CASH_OUT,529296.76,C1255983489,0.0,0.0,C1477979030,1495824.1,9113630.99,0,0
6,CASH_OUT,132163.7,C121286266,0.0,0.0,C1538745405,414060.56,546224.26,0,0
6,CASH_OUT,517419.65,C945213643,0.0,0.0,C798678484,747686.12,1270287.47,0,0
6,CASH_OUT,430990.31,C556094301,0.0,0.0,C1255024717,8505303.63,10833791.0,0,0
6,CASH_OUT,251617.52,C219743801,0.0,0.0,C2118255842,285003.7,536621.22,0,0
6,CASH_OUT,206890.25,C1602363550,0.0,0.0,C667346055,10208565.77,10415456.02,0,0
6,CASH_OUT,236200.44,C1365013293,0.0,0.0,C1297685781,306741.87,542942.3,0,0
6,CASH_OUT,233776.61,C1728502333,45364.0,0.0,C728885526,111507.27,345283.88,0,0
6,CASH_OUT,359241.43,C1949877205,0.0,0.0,C1419794148,411319.82,2077254.38,0,0
6,CASH_OUT,80710.33,C1806545036,64513.03,0.0,C214774813,15662807.36,15944428.35,0,0
6,CASH_OUT,114634.43,C1341157484,0.0,0.0,C1496102000,786884.41,901518.84,0,0
6,CASH_OUT,183083.93,C1768471397,0.0,0.0,C2066777507,211419.76,701369.74,0,0
6,CASH_OUT,7106.23,C1718103695,0.0,0.0,C1445567246,30691.0,37797.23,0,0
6,CASH_OUT,400794.34,C757788974,0.0,0.0,C991363637,7297266.51,7526564.89,0,0
6,CASH_OUT,21476.23,C1628801015,0.0,0.0,C717951588,50020.0,71496.23,0,0
6,CASH_OUT,155270.31,C1292548899,0.0,0.0,C1394526584,346277.88,618730.52,0,0
6,CASH_OUT,245086.32,C1790048347,0.0,0.0,C977993101,374409.84,847149.78,0,0
6,CASH_OUT,191375.55,C283690914,0.0,0.0,C1335946878,391057.91,582433.46,0,0
6,CASH_OUT,60311.86,C1569706103,0.0,0.0,C1916720513,6904608.31,6760548.76,0,0
6,CASH_OUT,39267.55,C1162128198,0.0,0.0,C1013700132,1352679.17,1391946.72,0,0
6,CASH_OUT,7323.56,C542306453,0.0,0.0,C459857341,56429.71,63753.27,0,0
6,CASH_OUT,280736.2,C1993471722,0.0,0.0,C1782113663,976242.56,1477358.35,0,0
6,CASH_OUT,77347.46,C1442749487,0.0,0.0,C1286084959,3028511.68,3105859.14,0,0
6,CASH_OUT,138895.43,C897585997,0.0,0.0,C1838584624,8106338.73,8245234.16,0,0
6,CASH_OUT,14162.57,C48339760,0.0,0.0,C183354406,79458.0,3654690.97,0,0
6,CASH_OUT,10147.22,C2071874336,0.0,0.0,C1468559919,10436.0,20583.22,0,0
6,CASH_OUT,26222.49,C1522581380,0.0,0.0,C1005928818,37435.4,63657.88,0,0
6,CASH_OUT,349474.53,C1877984746,0.0,0.0,C481402298,436136.98,2274476.83,0,0
6,CASH_OUT,27425.99,C1633286972,0.0,0.0,C1292838001,40698.18,68124.17,0,0
6,CASH_OUT,71.29,C1761057660,0.0,0.0,C1123629720,46393.85,46465.14,0,0
6,CASH_OUT,21126.93,C924067193,0.0,0.0,C1396827930,184781.74,205908.67,0,0
6,CASH_OUT,118961.45,C642086628,0.0,0.0,C194746285,379513.27,498474.72,0,0
6,CASH_OUT,117182.34,C141293835,0.0,0.0,C1394526584,501548.19,618730.52,0,0
6,CASH_OUT,109571.37,C1544793857,0.0,0.0,C451934410,124127.86,28041.27,0,0
6,CASH_OUT,337588.8,C1253733911,0.0,0.0,C1419794148,770561.25,2077254.38,0,0
6,CASH_OUT,306866.06,C1204145138,0.0,0.0,C2066777507,394503.68,701369.74,0,0
6,CASH_OUT,259080.76,C271696288,0.0,0.0,C1789550256,3611935.64,3871016.4,0,0
6,CASH_OUT,178391.81,C1369116416,0.0,0.0,C481402298,785611.52,2274476.83,0,0
6,CASH_OUT,121885.87,C1216926186,0.0,0.0,C985934102,1665816.46,2941514.43,0,0
6,CASH_OUT,445270.15,C561711442,0.0,0.0,C11003494,11474661.99,11919932.15,0,0
6,TRANSFER,189072.94,C355777990,50477.0,0.0,C609116570,0.0,189072.94,0,0
6,CASH_OUT,105165.25,C1393007334,65352.75,0.0,C1251686742,8447.67,113612.92,0,0
6,CASH_OUT,63967.63,C1904923558,0.0,0.0,C1155337528,71992.91,135960.54,0,0
6,TRANSFER,72875.23,C420215012,73416.0,540.77,C1526298704,15498.25,88373.48,0,0
6,CASH_OUT,199682.99,C1228499113,0.0,0.0,C1339257929,204820.77,404503.76,0,0
6,TRANSFER,227653.62,C298750745,49409.3,0.0,C977993101,619496.16,847149.78,0,0
6,TRANSFER,556849.49,C491712,0.0,0.0,C1419794148,1108150.05,2077254.38,0,0
6,TRANSFER,714579.59,C456897159,0.0,0.0,C481402298,964003.33,2274476.83,0,0
6,TRANSFER,1566574.37,C132930221,0.0,0.0,C1255024717,8936293.93,10833791.0,0,0
6,TRANSFER,2062692.94,C1650415378,0.0,0.0,C1262822392,14791285.74,16853978.68,0,0
6,TRANSFER,831878.75,C1583532569,0.0,0.0,C1880332929,9510376.87,11423976.98,0,0
6,TRANSFER,595893.92,C411825368,0.0,0.0,C481402298,1678582.92,2274476.83,0,0
6,TRANSFER,548556.51,C2111302742,0.0,0.0,C1880332929,10342255.62,11423976.98,0,0
6,TRANSFER,212357.06,C1697174329,0.0,0.0,C1360767589,4976182.26,5188539.32,0,0
6,TRANSFER,622552.15,C768802695,0.0,0.0,C1674899618,5540174.08,6279677.95,0,0
6,TRANSFER,1805520.31,C1782113233,0.0,0.0,C909295153,7391862.8,9197383.11,0,0
6,TRANSFER,412254.84,C684660636,0.0,0.0,C1419794148,1664999.54,2077254.38,0,0
6,TRANSFER,942403.4,C199076007,0.0,0.0,C985934102,1787702.33,2941514.43,0,0
6,TRANSFER,999702.92,C826884252,0.0,0.0,C1504109395,1665902.1,2554285.76,0,0
6,TRANSFER,903968.72,C474094351,0.0,0.0,C803116137,14613693.24,15517661.96,0,0
6,TRANSFER,205857.25,C1289850092,0.0,0.0,C766681183,13241817.7,13447674.95,0,0
6,TRANSFER,401863.05,C715099463,0.0,0.0,C1782113663,1256978.76,1477358.35,0,0
6,TRANSFER,330922.7,C1361671464,0.0,0.0,C1255024717,10502868.3,10833791.0,0,0
6,CASH_OUT,160356.26,C434699861,66003.63,0.0,C1167066016,415997.04,576353.3,0,0
6,TRANSFER,125968.11,C1836824012,308459.0,182490.89,C1471633238,31249.82,157217.94,0,0
6,CASH_OUT,200910.66,C1514901029,228951.93,28041.27,C214774813,15743517.69,15944428.35,0,0
6,CASH_OUT,56195.07,C1981036429,319563.94,263368.87,C421163163,81993.37,138188.44,0,0
6,CASH_OUT,165777.06,C1881716172,263368.87,97591.82,C403147759,259992.93,425769.98,0,0
6,CASH_OUT,361748.99,C2081421216,97591.82,0.0,C728526866,4927792.23,4923997.0,0,0
6,CASH_OUT,381343.16,C617107045,0.0,0.0,C2083562754,4931288.0,5312631.16,0,0
6,CASH_OUT,206187.66,C1933032750,0.0,0.0,C248609774,6533528.37,6739716.03,0,0
6,CASH_OUT,419260.55,C1174724689,0.0,0.0,C453211571,5531173.1,5950433.65,0,0
6,CASH_OUT,340369.3,C1161149894,0.0,0.0,C1504109395,2665605.02,2554285.76,0,0
6,CASH_OUT,9300.22,C602433635,0.0,0.0,C1165398731,19926.0,29226.22,0,0
6,CASH_OUT,180572.73,C1845002237,0.0,0.0,C1085479446,384956.34,565529.07,0,0
6,CASH_OUT,62959.29,C203361403,0.0,0.0,C1568059495,74584.25,137543.54,0,0
6,CASH_OUT,267379.89,C1680628659,0.0,0.0,C798678484,1002907.58,1270287.47,0,0
6,CASH_OUT,178505.6,C82287653,0.0,0.0,C787033725,397152.99,575658.59,0,0
6,CASH_OUT,54933.79,C718150867,0.0,0.0,C1746150957,124138.98,179072.77,0,0
6,CASH_OUT,184679.97,C1581687077,0.0,0.0,C621014131,225055.89,409735.86,0,0
6,CASH_OUT,100729.18,C1479645341,0.0,0.0,C146305349,204669.46,305398.63,0,0
6,CASH_OUT,116951.71,C1619996938,0.0,0.0,C1674899618,6162726.24,6279677.95,0,0
6,CASH_OUT,533164.85,C191307226,2356.59,0.0,C1880332929,10890812.13,11423976.98,0,0
6,TRANSFER,351690.17,C1252333507,25285.0,0.0,C1519216494,0.0,351690.17,0,0
6,TRANSFER,179341.27,C1588148030,36003.0,0.0,C292665982,0.0,179341.27,0,0
6,CASH_OUT,274406.81,C302846894,18153.27,0.0,C1721246982,1240965.79,1515372.59,0,0
6,CASH_OUT,570941.46,C1085738801,90148.36,0.0,C985934102,2370572.96,2941514.43,0,0
6,CASH_OUT,308384.4,C1132206727,151.23,0.0,C836514715,410224.95,718609.35,0,0
6,CASH_OUT,84326.18,C1312126866,49379.86,0.0,C202149782,127637.01,211963.2,0,0
6,CASH_OUT,261488.06,C1349733610,0.0,0.0,C1850180796,331525.89,593013.95,0,0
6,TRANSFER,216422.0,C666642000,216422.0,0.0,C1315078366,0.0,0.0,1,0
6,CASH_OUT,216422.0,C1547714604,216422.0,0.0,C7881234,10097.0,48630.5,1,0
6,CASH_OUT,122380.82,C412255839,12505.98,0.0,C991505714,1924870.22,5352935.74,0,0
6,CASH_OUT,65938.21,C1175319617,0.0,0.0,C517653428,100329.0,169554.94,0,0
6,CASH_OUT,142435.75,C1981749800,0.0,0.0,C1321128627,169235.0,0.0,0,0
6,CASH_OUT,86821.76,C2103820460,0.0,0.0,C1022680775,100540.36,71835.64,0,0
6,CASH_OUT,85074.07,C1909002529,0.0,0.0,C542766981,124897.0,43655.86,0,0
6,CASH_OUT,21696.81,C1481591973,0.0,0.0,C1005928818,63657.88,0.0,0,0
6,CASH_OUT,206666.36,C1452266462,0.0,0.0,C146305349,305398.63,631354.92,0,0
6,CASH_OUT,15674.27,C96213251,0.0,0.0,C1120735174,21119.0,0.0,0,0
6,CASH_OUT,200095.94,C1019560076,0.0,0.0,C1467806809,221496.0,90640.96,0,0
6,CASH_OUT,203376.02,C516753877,0.0,0.0,C1789550256,3871016.4,5020386.7,0,0
6,CASH_OUT,207796.54,C921975025,0.0,0.0,C1632716597,226226.89,59644.87,0,0
6,TRANSFER,308882.21,C860326447,21996.0,0.0,C2011996123,186.0,1906158.59,0,0
6,TRANSFER,199873.41,C2078248082,31725.0,0.0,C665576141,5954556.4,6465767.14,0,0
6,CASH_OUT,273120.84,C2081126702,0.0,0.0,C503195940,658963.55,228783.05,0,0
6,TRANSFER,17320.91,C788790720,17320.91,0.0,C1589547066,0.0,0.0,1,0
6,CASH_OUT,17320.91,C436661284,17320.91,0.0,C522173599,6244.44,0.0,1,0
6,TRANSFER,17246.0,C1034673425,17246.0,0.0,C1379589736,0.0,101717.84,1,0
6,CASH_OUT,17246.0,C1484518113,17246.0,0.0,C978609035,0.0,17246.0,1,0
6,TRANSFER,301294.72,C1913740360,10817.0,0.0,C1706891711,0.0,98525.69,0,0
6,CASH_OUT,235783.84,C1490353715,11237.63,0.0,C991505714,2047251.04,5352935.74,0,0
6,CASH_OUT,242640.84,C2053841228,0.0,0.0,C798678484,1270287.47,2084795.89,0,0
6,CASH_OUT,237752.47,C136108302,0.0,0.0,C1782113663,1477358.35,1655753.7,0,0
6,CASH_OUT,46873.46,C1710905079,0.0,0.0,C1401316767,61151.23,108024.69,0,0
6,CASH_OUT,102448.98,C590078605,0.0,0.0,C391903689,237831.0,281972.44,0,0
6,TRANSFER,416126.78,C271594494,0.0,0.0,C97730845,13511463.18,14658353.25,0,0
6,CASH_OUT,170504.65,C902026984,605131.64,434626.99,C292665982,179341.27,183517.82,0,0
6,TRANSFER,56538.75,C1568740070,10077.72,0.0,C871895680,57886.0,192703.2,0,0
6,CASH_OUT,242407.62,C1413952420,266571.2,24163.59,C146305349,512064.99,631354.92,0,0
6,TRANSFER,50570.65,C1378841761,148.0,0.0,C1452722471,0.0,50570.65,0,0
6,CASH_OUT,404491.79,C64605090,72066.06,0.0,C1983747920,874685.77,1279177.56,0,0
6,TRANSFER,160869.97,C1182015948,7042.0,0.0,C1494895909,139506.0,905385.44,0,0
6,CASH_OUT,385123.59,C1892771928,98830.87,0.0,C1334973394,607328.0,982743.75,0,0
6,TRANSFER,356511.88,C542135392,41186.0,0.0,C1100767002,7289.2,148304.02,0,0
6,CASH_OUT,119341.71,C1372771126,0.0,0.0,C1619402333,865660.0,2258295.49,0,0
6,TRANSFER,104087.72,C1681552378,61241.0,0.0,C1870436181,51533.0,823.49,0,0
6,TRANSFER,6870.64,C580668724,2888.0,0.0,C1211297851,35632.33,42502.98,0,0
6,TRANSFER,394310.01,C1254161863,150810.0,0.0,C1515704208,36430.39,9973139.6,0,0
6,TRANSFER,264367.48,C1461257215,15789.0,0.0,C424743902,29445.99,16365.64,0,0
6,CASH_OUT,71868.61,C1886891676,21731.33,0.0,C408553489,133096.0,5005.78,0,0
6,TRANSFER,334889.22,C1071901619,50165.0,0.0,C1318822808,15011.03,349900.25,0,0
6,CASH_OUT,83184.28,C581031803,0.0,0.0,C1746150957,179072.77,113988.19,0,0
6,CASH_OUT,139283.22,C39864640,6584.43,0.0,C1013700132,889431.9,1431686.33,0,0
6,TRANSFER,10565.0,C777407608,10565.0,0.0,C1790657739,0.0,0.0,1,0
6,CASH_OUT,10565.0,C1191732945,10565.0,0.0,C418964192,36275.0,24380.72,1,0
6,CASH_OUT,21128.42,C728756246,17688.6,0.0,C7313260,102399.0,52795.84,0,0
6,CASH_OUT,196775.47,C1525668766,0.0,0.0,C1019670582,255358.0,397273.75,0,0
6,TRANSFER,251644.29,C1137678248,489088.0,237443.71,C1896545607,0.0,99358.0,0,0
6,CASH_OUT,440165.52,C865660178,25702.78,0.0,C71555810,649695.0,960188.98,0,0
6,TRANSFER,128505.21,C1331556370,27940.0,0.0,C75457651,19224.44,22257.86,0,0
6,CASH_OUT,142705.55,C955505599,0.0,0.0,C1297685781,542942.3,1120608.72,0,0
6,TRANSFER,125527.29,C2108273452,10489.0,0.0,C296121376,312620.0,371.65,0,0
6,CASH_OUT,212665.96,C850958638,0.0,0.0,C97730845,13927589.96,14658353.25,0,0
6,TRANSFER,250371.89,C1754452995,12711.0,0.0,C638590716,49213.86,333751.15,0,0
6,TRANSFER,340936.73,C5112121,205908.67,0.0,C804836251,5009.0,108483.43,0,0
6,CASH_OUT,47097.56,C1584779130,12068.67,0.0,C410033330,120074.73,161722.17,0,0
6,CASH_OUT,284467.43,C1863515296,0.0,0.0,C991505714,2283034.88,5352935.74,0,0
6,CASH_OUT,559782.41,C314771492,0.0,0.0,C1286084959,3105859.14,7488671.79,0,0
6,CASH_OUT,274475.45,C2098086870,0.0,0.0,C1619402333,985001.71,2258295.49,0,0
6,CASH_OUT,181231.33,C233852178,0.0,0.0,C1587143371,181733.94,77922.92,0,0
6,CASH_OUT,264351.0,C1971275760,0.0,0.0,C1587143371,362965.28,77922.92,0,0
6,CASH_OUT,193896.28,C2146952019,0.0,0.0,C2072865894,237106.0,182117.56,0,0
6,CASH_OUT,292220.17,C1885867912,0.0,0.0,C991505714,2567502.31,5352935.74,0,0
6,CASH_OUT,102210.04,C2139051082,0.0,0.0,C991363637,7526564.89,8730306.03,0,0
6,CASH_OUT,376400.31,C1890638994,0.0,0.0,C125722707,388040.0,779659.14,0,0
6,CASH_OUT,273119.31,C815617196,0.0,0.0,C1085479446,565529.07,346139.62,0,0
6,CASH_OUT,97771.23,C3737976,0.0,0.0,C183354406,3654690.97,4861702.48,0,0
6,CASH_OUT,129717.52,C90292273,0.0,0.0,C1337741679,244776.0,521100.91,0,0
6,TRANSFER,10224.0,C365589282,10224.0,0.0,C908043384,0.0,0.0,1,0
6,CASH_OUT,10224.0,C1284098442,10224.0,0.0,C801412408,0.0,10224.0,1,0
6,TRANSFER,102145.81,C956331813,31393.0,0.0,C266418454,16400.0,230459.06,0,0
6,TRANSFER,330262.78,C1052247420,11389.0,0.0,C1163619825,51827.53,0.0,0,0
6,TRANSFER,211207.36,C1243762708,0.0,0.0,C715819458,424008.0,484595.24,0,0
6,TRANSFER,93296.5,C2105764938,50762.0,0.0,C35126588,393.0,8748005.25,0,0
6,TRANSFER,111691.03,C830477086,5006.0,0.0,C1794607688,0.0,117562.47,0,0
6,CASH_OUT,343046.11,C1647799261,0.0,0.0,C1899073220,3382000.83,5632383.36,0,0
6,CASH_OUT,205908.12,C186595045,8259.39,0.0,C1850180796,368486.32,7837942.9,0,0
6,TRANSFER,85354.69,C558400671,85354.69,0.0,C527482085,0.0,0.0,1,0
6,CASH_OUT,85354.69,C158801009,85354.69,0.0,C382431057,11170.0,10612.55,1,0
6,CASH_OUT,57737.75,C1258139742,23754.36,0.0,C1487669283,65490.0,140821.4,0,0
6,TRANSFER,36863.19,C560321707,20780.0,0.0,C681835572,36746.0,73609.19,0,0
6,TRANSFER,73844.55,C1628242023,11101.0,0.0,C1206868531,0.0,69295.43,0,0
6,CASH_OUT,43145.46,C727867010,1512.57,0.0,C1479450980,55445.0,0.0,0,0
6,TRANSFER,491920.0,C1500321780,725.0,0.0,C508000580,13494.74,682530.5,0,0
6,TRANSFER,109865.4,C1586128778,82030.0,0.0,C365212068,59560.0,355690.69,0,0
6,TRANSFER,141189.81,C1633989538,12906.0,0.0,C343534938,67995.0,367724.8,0,0
6,TRANSFER,262301.96,C99722180,50537.0,0.0,C1047634424,3735.89,16804.47,0,0
6,TRANSFER,13704.0,C1735554279,13704.0,0.0,C12793273,0.0,1658746.09,1,0
6,CASH_OUT,13704.0,C1421965867,13704.0,0.0,C1438594533,3382.84,143675.35,1,0
6,TRANSFER,312895.63,C1724067349,40171.0,0.0,C1651945012,0.0,1556799.98,0,0
6,TRANSFER,245997.24,C745932773,72503.0,0.0,C1428469551,0.0,210538.44,0,0
7,CASH_OUT,77253.21,C249200083,1091.15,0.0,C271588719,471444.0,336403.65,0,0
7,TRANSFER,360373.89,C165128275,925.28,0.0,C1213485528,0.0,234828.48,0,0
7,CASH_OUT,75359.52,C1269555311,171396.76,96037.24,C400720732,99910.0,45394.67,0,0
7,CASH_OUT,67787.89,C679046414,19586.46,0.0,C2072865894,431002.28,182117.56,0,0
7,TRANSFER,761871.16,C1237669315,1248.0,0.0,C675203915,284974.0,777700.37,0,0
7,TRANSFER,905112.26,C1982708114,23316.0,0.0,C863811613,31091.0,1328510.04,0,0
7,CASH_OUT,112681.95,C119445056,0.0,0.0,C347725669,121448.74,266931.55,0,0
7,TRANSFER,437415.9,C546014245,129552.0,0.0,C1095575585,623.0,0.0,0,0
7,TRANSFER,837439.12,C1053106531,0.0,0.0,C801142660,2081530.01,3504660.25,0,0
7,TRANSFER,542435.88,C1664401624,8049.0,0.0,C237988421,0.0,628574.97,0,0
7,CASH_OUT,30918.53,C1961704420,0.0,0.0,C1870436181,155620.72,823.49,0,0
7,CASH_OUT,3336.48,C1185851895,23584.03,20247.55,C83980058,408205.0,0.0,0,0
7,CASH_OUT,252322.27,C645794976,20247.55,0.0,C1457383927,503204.0,1273838.38,0,0
7,CASH_OUT,271308.11,C1043990443,0.0,0.0,C1477979030,8960118.08,10780596.35,0,0
7,CASH_OUT,560156.47,C1060786847,0.0,0.0,C1262822392,16853978.68,17993742.14,0,0
7,CASH_OUT,265115.26,C216577438,0.0,0.0,C1335946878,298544.45,828787.26,0,0
7,CASH_OUT,160642.36,C1520808879,0.0,0.0,C40075281,190539.16,1674676.75,0,0
7,CASH_OUT,23691.12,C877457423,0.0,0.0,C9108707,34225.0,57916.12,0,0
7,CASH_OUT,24971.08,C1502606003,0.0,0.0,C1733439693,41401.0,66372.08,0,0
7,CASH_OUT,4339.89,C309208848,17897.0,13557.11,C861958315,101607.0,105946.89,0,0
7,CASH_OUT,181882.49,C1318920254,143.0,0.0,C911998047,0.0,16323.17,0,0
7,TRANSFER,27609.08,C520474764,7050.0,0.0,C1317731757,721.42,28330.5,0,0
7,CASH_OUT,128549.2,C745358381,0.0,0.0,C458582664,160349.0,25332.01,0,0
7,CASH_OUT,206659.26,C662967389,3482.02,0.0,C769342184,12429426.33,12450400.32,0,0
7,CASH_OUT,85736.76,C1272033405,0.0,0.0,C560041895,94706.96,40278.39,0,0
7,CASH_OUT,120817.37,C2005488238,0.0,0.0,C878506901,165344.97,141644.5,0,0
7,CASH_OUT,261651.77,C1605357721,0.0,0.0,C1674899618,5952395.9,10006403.16,0,0
7,CASH_OUT,291944.52,C1477312973,0.0,0.0,C481402298,2223039.23,3885428.17,0,0
7,CASH_OUT,125312.0,C513413353,0.0,0.0,C1245442940,141509.0,896903.33,0,0
7,CASH_OUT,367180.86,C591211382,0.0,0.0,C1335946878,518502.09,828787.26,0,0
7,CASH_OUT,414678.51,C37162128,0.0,0.0,C296121376,438147.29,371.65,0,0
7,CASH_OUT,171810.63,C715093362,0.0,0.0,C1850180796,574394.44,7837942.9,0,0
7,CASH_OUT,12375.97,C2006757696,30652.0,18276.03,C107095723,137.0,12512.97,0,0
7,TRANSFER,41664.88,C187903706,123703.0,82038.12,C176203926,23132.0,0.0,0,0
7,TRANSFER,7828.57,C1811351040,35454.82,27626.25,C1096283470,0.0,7828.57,0,0
7,CASH_OUT,462312.19,C1017502292,27626.25,0.0,C1883840933,16980755.39,18056399.48,0,0
7,CASH_OUT,207998.16,C384030416,44210.16,0.0,C1850180796,746205.07,7837942.9,0,0
7,CASH_OUT,192841.14,C737196947,109595.77,0.0,C296121376,852825.81,371.65,0,0
7,CASH_OUT,5871.44,C598588779,0.0,0.0,C1794607688,111691.03,117562.47,0,0
7,TRANSFER,329937.9,C950954487,307.0,0.0,C339099861,0.0,158489.25,0,0
7,TRANSFER,159485.63,C1894826834,50496.0,0.0,C122086708,99876.0,344137.53,0,0
7,CASH_OUT,304316.59,C1318310462,0.0,0.0,C71555810,520397.01,960188.98,0,0
7,CASH_OUT,103305.97,C1950052389,0.0,0.0,C486371171,473582.0,237615.79,0,0
7,TRANSFER,131062.59,C2028160153,362.0,0.0,C1242584406,0.0,131062.59,0,0
7,CASH_OUT,77235.45,C1735520170,15475.0,0.0,C1121686878,23854.09,77986.84,0,0
7,CASH_OUT,86833.04,C362417934,19860.0,0.0,C794358930,106142.0,34524.7,0,0
7,TRANSFER,38342.4,C1686386255,114021.0,75678.6,C840027268,0.0,38342.4,0,0
7,CASH_OUT,121722.45,C1817615535,0.0,0.0,C1167066016,326380.88,0.0,0,0
7,TRANSFER,234076.51,C551405440,92938.0,0.0,C1495761010,248118.45,1193550.39,0,0
7,CASH_OUT,429539.78,C998101363,471.23,0.0,C1880332929,10440354.09,14932387.84,0,0
7,CASH_OUT,117635.7,C1968369755,0.0,0.0,C1674899618,6214047.68,10006403.16,0,0
7,CASH_OUT,207013.89,C1380194466,0.0,0.0,C11003494,11774234.52,15026180.08,0,0
7,CASH_OUT,116112.9,C841323501,0.0,0.0,C410033330,167172.29,161722.17,0,0
7,CASH_OUT,52950.04,C1728457363,0.0,0.0,C7313260,123527.42,52795.84,0,0
7,CASH_OUT,254340.65,C95735296,0.0,0.0,C392292416,3938671.15,3267222.75,0,0
7,CASH_OUT,444533.15,C2001164060,0.0,0.0,C97730845,14140255.93,14658353.25,0,0
7,CASH_OUT,180681.32,C1776486626,0.0,0.0,C1816757085,8969869.17,10187847.95,0,0
7,CASH_OUT,65655.35,C1063777791,0.0,0.0,C1060041730,100272.0,916266.8,0,0
7,CASH_OUT,231151.17,C478214365,0.0,0.0,C1354952534,384746.03,755381.3,0,0
7,CASH_OUT,58470.79,C1370665958,0.0,0.0,C931482420,71225.39,47634.67,0,0
7,CASH_OUT,42079.24,C552015146,0.0,0.0,C1191924243,123832.0,174354.81,0,0
7,CASH_OUT,173774.13,C540005572,0.0,0.0,C977993101,847149.78,1626304.94,0,0
7,CASH_OUT,79602.79,C997361164,0.0,0.0,C728885526,131518.1,211120.9,0,0
7,CASH_OUT,70587.22,C2132487943,0.0,0.0,C1345063038,108597.29,31831.51,0,0
7,CASH_OUT,278506.83,C1733110667,0.0,0.0,C1782113663,1715110.83,1655753.7,0,0
7,CASH_OUT,138373.64,C966416978,0.0,0.0,C2011996123,279670.79,1906158.59,0,0
7,CASH_OUT,359216.69,C1051589563,7069.28,0.0,C481402298,2514983.75,3885428.17,0,0
7,CASH_OUT,105091.11,C720060219,23061.0,0.0,C560041895,180443.72,40278.39,0,0
7,CASH_OUT,123372.55,C234048257,34521.0,0.0,C1778300121,0.0,360880.92,0,0
7,TRANSFER,400444.34,C27796563,589.0,0.0,C1933965693,0.0,421984.74,0,0
7,TRANSFER,451568.12,C752686443,51178.0,0.0,C1816757085,9150550.49,10187847.95,0,0
7,TRANSFER,104539.76,C1216070398,1288.0,0.0,C634210724,0.0,98172.83,0,0
7,TRANSFER,632361.53,C443006437,158925.0,0.0,C716083600,1848371.68,1995598.25,0,0
7,TRANSFER,469688.29,C962339310,44459.0,0.0,C1615804266,99266.34,522428.46,0,0
7,TRANSFER,591464.21,C510868405,383075.0,0.0,C465499079,5043.0,1657750.89,0,0
7,TRANSFER,411399.71,C295064445,20471.0,0.0,C440737101,0.0,68216.27,0,0
7,TRANSFER,121362.51,C645564279,121950.0,587.49,C1286084959,3665641.55,7488671.79,0,0
7,CASH_OUT,54395.2,C391915263,587.49,0.0,C1531333864,189573.05,561728.05,0,0
7,CASH_OUT,59416.73,C1648090182,81576.0,22159.27,C1398530689,5734.0,65150.73,0,0
7,CASH_OUT,197648.26,C770854681,214946.78,17298.53,C803116137,14649801.32,15651209.26,0,0
7,TRANSFER,1242030.96,C1424214946,61454.0,0.0,C1816986148,37019.0,1074318.86,0,0
7,CASH_OUT,268049.77,C1560534902,30563.12,0.0,C878506901,286162.34,141644.5,0,0
7,CASH_OUT,157442.78,C402104751,0.0,0.0,C1477979030,9231426.19,10780596.35,0,0
7,CASH_OUT,158333.5,C1940424465,1951.36,0.0,C1191924243,165911.24,174354.81,0,0
7,TRANSFER,129859.44,C1222416720,10659.0,0.0,C1284149862,185118.0,14230.4,0,0
7,TRANSFER,599342.88,C1340283293,51763.0,0.0,C2117043942,59566.12,148900.44,0,0
7,TRANSFER,9738.48,C422243042,38712.0,28973.52,C800523009,48167.0,41376.39,0,0
7,CASH_OUT,141917.76,C1037000742,0.0,0.0,C667346055,10415456.02,10194649.73,0,0
7,TRANSFER,118404.75,C165951629,70815.0,0.0,C1382394077,28212.0,0.0,0,0
7,CASH_OUT,217460.33,C557424211,16372.11,0.0,C803116137,14847449.58,15651209.26,0,0
7,CASH_OUT,141289.74,C840444920,8894.97,0.0,C453211571,5388625.07,5214288.59,0,0
7,CASH_OUT,259743.76,C563069965,0.0,0.0,C183354406,2844370.72,4861702.48,0,0
7,TRANSFER,10594.26,C1478917025,14660.0,4065.74,C2046578329,8746.28,19340.53,0,0
7,TRANSFER,363063.88,C243130253,14330.96,0.0,C991505714,2859722.47,5352935.74,0,0
7,CASH_OUT,38323.66,C515585759,13746.0,0.0,C2081595126,73147.6,111471.26,0,0
7,CASH_OUT,61922.54,C202984526,103119.0,41196.46,C1060041730,165927.35,916266.8,0,0
7,CASH_OUT,47779.84,C1127441120,0.0,0.0,C1183266411,104078.0,151857.84,0,0
7,CASH_OUT,209202.05,C1066026148,312873.0,103670.95,C1313534832,1390.2,1005781.48,0,0
7,TRANSFER,668885.18,C1116642274,28308.0,0.0,C2011996123,280059.36,1906158.59,0,0
7,CASH_OUT,105124.6,C1047698758,0.0,0.0,C1251686742,113612.92,347091.08,0,0
7,TRANSFER,328175.59,C422278820,45378.0,0.0,C769342184,12428323.11,12450400.32,0,0
7,CASH_OUT,178514.46,C684948803,51383.0,0.0,C1234059684,0.0,588891.42,0,0
7,TRANSFER,585116.33,C442627636,12047.0,0.0,C301749835,0.0,115640.96,0,0
7,TRANSFER,914938.38,C343446206,9965.0,0.0,C1554565380,20839.0,4625599.45,0,0
7,TRANSFER,547982.86,C832481686,437.0,0.0,C914293025,189527.57,1239108.91,0,0
7,TRANSFER,740455.48,C1812723956,14827.0,0.0,C257999182,30496.0,2324423.73,0,0
7,CASH_OUT,239692.36,C297225931,169218.19,0.0,C1255024717,10526612.42,12947437.37,0,0
7,TRANSFER,77606.35,C2021891118,674.0,0.0,C2059996587,94379.74,322941.28,0,0
7,TRANSFER,85459.53,C479641374,124736.0,39276.47,C1859965144,0.0,85459.53,0,0
7,TRANSFER,287284.26,C226972126,32981.0,0.0,C798678484,1032242.36,2084795.89,0,0
7,CASH_OUT,193646.29,C978798,71512.73,0.0,C1262822392,17414135.15,17993742.14,0,0
7,TRANSFER,1306489.06,C1010419513,0.0,0.0,C11003494,11981248.41,15026180.08,0,0
7,TRANSFER,2576294.8,C1262168655,0.0,0.0,C1880332929,10869893.87,14932387.84,0,0
7,TRANSFER,1675530.06,C781103026,0.0,0.0,C2083562754,4901809.61,6385836.94,0,0
7,TRANSFER,1757588.0,C2050964420,0.0,0.0,C183354406,3104114.48,4861702.48,0,0
7,TRANSFER,12717.38,C147663797,0.0,0.0,C1674899618,6331683.38,10006403.16,0,0
7,TRANSFER,553290.0,C439751089,0.0,0.0,C248609774,6554602.4,6779118.04,0,0
7,TRANSFER,323892.84,C1100926586,0.0,0.0,C1730752455,745812.35,1699431.84,0,0
7,TRANSFER,1632164.9,C1115434134,0.0,0.0,C1883840933,16913877.23,18056399.48,0,0
7,TRANSFER,334334.42,C1468374572,2040.0,0.0,C854671988,41206.0,0.0,0,0
7,TRANSFER,498910.36,C1772106148,148340.81,0.0,C769342184,12756498.7,12450400.32,0,0
7,TRANSFER,1322921.3,C853175535,0.0,0.0,C1805683209,2823759.74,5876339.66,0,0
7,TRANSFER,1168723.46,C1268635527,0.0,0.0,C991505714,3222786.36,5352935.74,0,0
7,TRANSFER,423316.32,C893765907,0.0,0.0,C803116137,15064909.9,15651209.26,0,0
7,TRANSFER,428331.88,C1560339214,0.0,0.0,C1554540309,716745.1,5652054.58,0,0
7,TRANSFER,913805.64,C1021071701,0.0,0.0,C481402298,2687501.21,3885428.17,0,0
7,TRANSFER,792727.79,C425232550,0.0,0.0,C1286084959,3787004.06,7488671.79,0,0
7,TRANSFER,997659.79,C47110095,0.0,0.0,C1477979030,9388868.97,10780596.35,0,0
7,TRANSFER,152351.18,C1477200907,0.0,0.0,C309167705,405952.0,558303.18,0,0
7,TRANSFER,611874.69,C100984998,0.0,0.0,C1730752455,1069705.19,1699431.84,0,0
7,TRANSFER,391868.6,C1539591544,30096.0,0.0,C242131142,0.0,7965.05,0,0
7,CASH_OUT,248605.85,C1711329405,199311.0,0.0,C529351377,10370.0,0.0,0,0
7,CASH_OUT,138456.64,C1815672030,0.0,0.0,C97730845,14584789.07,14658353.25,0,0
7,TRANSFER,518041.64,C1342613143,42686.16,0.0,C1028574311,0.0,1305828.01,0,0
7,CASH_OUT,84096.66,C812420617,0.0,0.0,C343534938,169939.99,367724.8,0,0
7,CASH_OUT,200773.62,C142473357,0.0,0.0,C465499079,596507.21,1657750.89,0,0
7,CASH_OUT,113261.2,C1329271270,0.0,0.0,C339099861,329937.9,158489.25,0,0
7,CASH_OUT,60467.94,C685399117,0.0,0.0,C1487669283,80353.46,140821.4,0,0
7,CASH_OUT,133988.46,C2089976729,0.0,0.0,C1931283804,151801.0,297659.82,0,0
7,CASH_OUT,75157.07,C466396438,0.0,0.0,C1313534832,210592.25,1005781.48,0,0
7,CASH_OUT,114482.31,C216998824,0.0,0.0,C766681183,13172771.41,13146711.0,0,0
7,CASH_OUT,578580.68,C1982672460,0.0,0.0,C465499079,797280.83,1657750.89,0,0
7,CASH_OUT,4036.83,C508294491,0.0,0.0,C506903242,4134.0,0.0,0,0
7,CASH_OUT,109261.69,C1615923089,0.0,0.0,C7881234,226519.0,48630.5,0,0
7,CASH_OUT,5746.92,C366381648,0.0,0.0,C1120229752,165622.0,171368.92,0,0
7,CASH_OUT,296590.49,C169249256,0.0,0.0,C1933965693,400444.34,421984.74,0,0
7,CASH_OUT,62068.94,C1270236380,0.0,0.0,C656977363,275033.0,354023.23,0,0
7,CASH_OUT,132361.54,C598978484,0.0,0.0,C1750563752,160101.66,112275.31,0,0
7,CASH_OUT,150082.76,C35005848,0.0,0.0,C1337563431,299693.0,321014.14,0,0
7,CASH_OUT,156103.3,C1022473723,0.0,0.0,C392292416,3324326.81,3267222.75,0,0
7,CASH_OUT,65619.81,C1167627805,0.0,0.0,C1850042097,84362.06,61127.87,0,0
7,CASH_OUT,123472.0,C2078826261,0.0,0.0,C1531333864,243968.25,561728.05,0,0
7,CASH_OUT,32123.83,C1214357269,0.0,0.0,C173783788,41794.93,73918.76,0,0
7,CASH_OUT,37027.98,C2031003023,0.0,0.0,C1453795463,59905.0,96932.98,0,0
7,CASH_OUT,125535.62,C2024275149,0.0,0.0,C1899073220,3725046.94,5632383.36,0,0
7,CASH_OUT,114355.57,C1091437627,0.0,0.0,C1095575585,438038.9,0.0,0,0
7,CASH_OUT,227897.04,C97755704,0.0,0.0,C1334973394,693324.61,982743.75,0,0
7,CASH_OUT,303393.13,C167599568,0.0,0.0,C1515704208,8691197.05,9973139.6,0,0
7,CASH_OUT,50090.81,C1316719030,0.0,0.0,C1926673338,61676.39,905734.51,0,0
7,CASH_OUT,128353.55,C2137351070,0.0,0.0,C1251686742,218737.53,347091.08,0,0
7,CASH_OUT,191484.93,C1732238376,0.0,0.0,C465257140,223361.33,1078685.56,0,0
7,CASH_OUT,183655.61,C80682690,0.0,0.0,C1337741679,374493.52,521100.91,0,0
7,CASH_OUT,290908.18,C384500180,0.0,0.0,C1850180796,954203.23,7837942.9,0,0
7,CASH_OUT,474349.67,C1111947524,0.0,0.0,C836514715,487482.74,1289357.76,0,0
7,CASH_OUT,249361.32,C1526838264,0.0,0.0,C2072865894,498790.16,182117.56,0,0
7,CASH_OUT,140215.27,C667197268,0.0,0.0,C295372946,192280.92,499000.92,0,0
7,CASH_OUT,44265.45,C1777328089,0.0,0.0,C745740822,80592.0,124857.45,0,0
7,CASH_OUT,328596.61,C471110969,0.0,0.0,C665576141,5290290.1,6465767.14,0,0
7,CASH_OUT,7203.57,C1247570736,0.0,0.0,C1951379728,395967.15,757779.01,0,0
7,CASH_OUT,139237.68,C1231119120,0.0,0.0,C1782113663,1993617.65,1655753.7,0,0
7,CASH_OUT,164890.89,C1592225010,0.0,0.0,C1339257929,223377.25,561712.86,0,0
7,CASH_OUT,16181.01,C1717737290,0.0,0.0,C619120762,50555.0,54646.5,0,0
7,CASH_OUT,13305.52,C1338926429,0.0,0.0,C2140846441,34856.89,48162.41,0,0
7,CASH_OUT,132516.81,C234223191,0.0,0.0,C1167066016,448103.33,0.0,0,0
7,CASH_OUT,208855.95,C1754303463,0.0,0.0,C1922859107,218933.09,209838.16,0,0
7,CASH_OUT,129635.19,C448432504,0.0,0.0,C517653428,166267.21,169554.94,0,0
7,CASH_OUT,174535.28,C644015103,0.0,0.0,C1674899618,6344400.76,10006403.16,0,0
7,CASH_OUT,14863.78,C76017194,0.0,0.0,C1379031360,53517.0,0.0,0,0
7,CASH_OUT,54504.93,C1747223278,0.0,0.0,C1060041730,227849.89,916266.8,0,0
7,CASH_OUT,90208.77,C639313883,0.0,0.0,C2034460325,133827.1,378002.16,0,0
7,TRANSFER,161885.95,C391595516,30424.0,0.0,C1354725727,0.0,770830.57,0,0
7,CASH_OUT,217084.88,C1880990481,25986.0,0.0,C1494895909,205663.36,905385.44,0,0
7,CASH_OUT,302560.42,C1024254289,12341.83,0.0,C1303868418,3284714.1,5597078.49,0,0
7,TRANSFER,1685701.48,C505250106,0.0,0.0,C1805683209,4146681.04,5876339.66,0,0
7,TRANSFER,232400.67,C2362977,60096.0,0.0,C773898763,4114.0,272559.94,0,0
7,CASH_OUT,134024.22,C539481455,11590.37,0.0,C1167066016,580620.14,0.0,0,0
7,CASH_OUT,226287.19,C1153778787,0.0,0.0,C2057394816,249272.0,345069.81,0,0
7,CASH_OUT,259134.71,C1687111891,0.0,0.0,C7881234,335780.69,48630.5,0,0
7,CASH_OUT,201063.22,C818837731,0.0,0.0,C991363637,7628774.93,8730306.03,0,0
7,TRANSFER,817307.46,C654958709,87084.0,0.0,C875917495,0.0,815762.64,0,0
7,CASH_OUT,331229.81,C328246330,88720.12,0.0,C1339257929,388268.14,561712.86,0,0
7,TRANSFER,160710.01,C892424348,14884.0,0.0,C1046160944,458.0,162844.14,0,0
7,TRANSFER,226837.37,C861438042,61910.0,0.0,C1825992554,0.0,314551.85,0,0
7,TRANSFER,420976.7,C1331925151,86738.0,0.0,C374625527,18389.0,842508.92,0,0
7,CASH_OUT,151940.71,C2109638031,156109.77,4169.05,C1360767589,4597889.56,6712636.97,0,0
7,TRANSFER,77911.42,C1340662552,73140.0,0.0,C35126588,93689.5,8748005.25,0,0
7,CASH_OUT,47317.52,C565433174,35239.99,0.0,C1083142315,94355.73,141673.25,0,0
7,CASH_OUT,69954.85,C485301524,0.0,0.0,C766681183,13287253.72,13146711.0,0,0
7,CASH_OUT,233539.88,C595285180,0.0,0.0,C347725669,234130.68,266931.55,0,0
7,TRANSFER,328026.09,C156850393,68313.17,0.0,C885951223,11201.36,67923.23,0,0
7,TRANSFER,221158.99,C2062741027,315066.0,93907.01,C1560607671,7.0,433084.38,0,0
7,TRANSFER,453605.59,C1935350482,0.0,0.0,C11003494,13287737.47,15026180.08,0,0
7,TRANSFER,338961.93,C881407635,0.0,0.0,C503195940,394595.62,228783.05,0,0
7,CASH_OUT,383568.25,C1492835531,22143.73,0.0,C1951379728,403170.71,757779.01,0,0
7,TRANSFER,295474.84,C1595780596,72134.0,0.0,C36856762,0.0,480670.65,0,0
7,TRANSFER,27755.35,C819799010,741.0,0.0,C1891834647,164636.56,192391.91,0,0
7,TRANSFER,1223547.78,C143641035,0.0,0.0,C662736689,4766045.33,5677417.44,0,0
7,CASH_OUT,77565.79,C720486234,48726.0,0.0,C1545688642,9141.0,44791.98,0,0
7,CASH_OUT,134103.27,C1005891608,12575.25,0.0,C365212068,169425.4,355690.69,0,0
7,CASH_OUT,65593.85,C227339492,0.0,0.0,C1909597726,147470.0,267798.33,0,0
7,CASH_OUT,22346.99,C1440320443,0.0,0.0,C531076772,99548.0,121894.99,0,0
7,CASH_OUT,397407.29,C782193817,0.0,0.0,C1554565380,935777.38,4625599.45,0,0
7,CASH_OUT,56543.95,C821380386,0.0,0.0,C1357984916,82357.0,138900.95,0,0
7,CASH_OUT,498747.45,C1525969940,0.0,0.0,C991505714,4391509.82,5352935.74,0,0
7,CASH_OUT,139484.1,C1139386530,0.0,0.0,C1354952534,615897.2,755381.3,0,0
7,CASH_OUT,256226.2,C394663898,0.0,0.0,C1028574311,518041.64,1305828.01,0,0
7,CASH_OUT,101717.84,C112765409,15348.0,0.0,C1379589736,0.0,101717.84,0,0
7,TRANSFER,874562.86,C1280441498,31429.0,0.0,C2145942542,0.0,359869.33,0,0
7,TRANSFER,692484.38,C281110571,81918.0,0.0,C886517510,45953.0,153556.92,0,0
7,CASH_OUT,141427.48,C120561697,0.0,0.0,C836514715,961832.41,1289357.76,0,0
7,TRANSFER,447478.26,C473170143,5081.0,0.0,C1145835418,49488.0,952478.33,0,0
7,TRANSFER,23553.39,C1598009290,52701.0,29147.61,C195600860,0.0,23553.39,0,0
7,CASH_OUT,269750.94,C1737176902,61588.0,0.0,C111210112,22991.0,705242.01,0,0
7,CASH_OUT,266061.33,C770519500,134.0,0.0,C2083117811,0.0,373118.84,0,0
7,TRANSFER,231564.18,C6267871,149742.0,0.0,C1991252420,20582.0,53924.65,0,0
7,TRANSFER,362349.62,C1100576285,12242.0,0.0,C505973878,25796.0,922645.99,0,0
7,CASH_OUT,391811.34,C324998670,27374.0,0.0,C1100439041,0.0,168705.77,0,0
7,CASH_OUT,47855.19,C963591154,37770.76,0.0,C1721246982,1515372.59,2575739.64,0,0
7,TRANSFER,385674.22,C1625666472,128.0,0.0,C1373172466,0.0,571846.3,0,0
7,CASH_OUT,6266.97,C953797060,68753.13,62486.16,C451111351,4395659.09,7255066.28,0,0
7,CASH_OUT,16921.29,C172198129,62486.16,45564.87,C656977363,337101.94,354023.23,0,0
7,CASH_OUT,294345.35,C914864188,45564.87,0.0,C787033725,297289.34,1640349.09,0,0
7,TRANSFER,400589.96,C86914267,654103.0,253513.04,C1651945012,128903.15,1556799.98,0,0
7,CASH_OUT,204028.57,C1190500337,123088.83,0.0,C803116137,15420392.77,15651209.26,0,0
7,CASH_OUT,11006.68,C1943529386,552394.47,541387.8,C1213485528,270840.8,234828.48,0,0
7,TRANSFER,1284837.02,C882280168,541387.8,0.0,C11003494,13741343.06,15026180.08,0,0
7,CASH_OUT,116488.0,C281443356,24829.75,0.0,C1419794148,1914351.78,2813795.5,0,0
7,TRANSFER,375736.37,C877918108,0.0,0.0,C257999182,770951.48,2324423.73,0,0
7,TRANSFER,1946101.41,C1868724762,0.0,0.0,C985934102,2167453.17,5827219.22,0,0
7,TRANSFER,128806.24,C1700499817,0.0,0.0,C374625527,439365.7,842508.92,0,0
7,TRANSFER,717318.86,C1226283307,0.0,0.0,C1515704208,8994590.18,9973139.6,0,0
7,TRANSFER,1170389.4,C1526378110,3611.91,0.0,C451111351,4401926.06,7255066.28,0,0
7,CASH_OUT,166347.32,C1935935291,151.0,0.0,C1234059684,178514.46,588891.42,0,0
7,TRANSFER,941502.27,C1345525137,0.0,0.0,C1234776885,2120721.65,4441465.94,0,0
7,TRANSFER,451044.54,C1560142500,0.0,0.0,C451111351,5572315.46,7255066.28,0,0
7,TRANSFER,2102252.96,C1408974363,0.0,0.0,C128870695,10396654.18,14079522.95,0,0
7,TRANSFER,798540.41,C16098944,0.0,0.0,C1554540309,1145076.98,5652054.58,0,0
7,TRANSFER,558601.07,C1218622610,0.0,0.0,C803116137,15624421.34,15651209.26,0,0
7,TRANSFER,261399.78,C2079954912,0.0,0.0,C1060041730,282354.82,916266.8,0,0
7,TRANSFER,1008022.35,C1912104290,0.0,0.0,C214774813,14822289.32,17771335.88,0,0
7,TRANSFER,237177.84,C1544821883,0.0,0.0,C257999182,1146687.85,2324423.73,0,0
7,TRANSFER,185530.93,C21964111,0.0,0.0,C1234059684,344861.78,588891.42,0,0
7,TRANSFER,819668.37,C910091281,0.0,0.0,C1674899618,6518936.04,10006403.16,0,0
7,TRANSFER,436436.54,C81745089,0.0,0.0,C1419794148,2030839.78,2813795.5,0,0
7,TRANSFER,59453.13,C2018801637,0.0,0.0,C1778300121,123372.55,360880.92,0,0
7,TRANSFER,107226.8,C13193469,0.0,0.0,C1931283804,285789.46,297659.82,0,0
7,TRANSFER,177107.38,C1100358297,0.0,0.0,C184253187,4054240.04,4598815.2,0,0
7,TRANSFER,194287.8,C1066471222,0.0,0.0,C1531333864,367440.25,561728.05,0,0
7,TRANSFER,123726.5,C1679932542,0.0,0.0,C863811613,461463.37,1328510.04,0,0
7,TRANSFER,809801.18,C774194879,0.0,0.0,C836514715,1103259.89,1289357.76,0,0
7,TRANSFER,93999.6,C1582770952,0.0,0.0,C1761291320,104561.14,233350.47,0,0
7,TRANSFER,91099.24,C1762158411,0.0,0.0,C2063763486,99457.04,171172.6,0,0
7,TRANSFER,48108.93,C10740824,0.0,0.0,C1427067435,85560.8,27945.5,0,0
7,TRANSFER,133544.47,C79120973,0.0,0.0,C662736689,5536334.27,5677417.44,0,0
7,TRANSFER,86923.76,C1675570872,0.0,0.0,C1777369261,208048.14,4847.15,0,0
7,TRANSFER,20671.86,C1237790647,0.0,0.0,C1701412896,41712.0,24713.54,0,0
7,TRANSFER,44029.69,C1448707059,0.0,0.0,C932493233,150764.0,37015.12,0,0
7,TRANSFER,548784.5,C1130242637,22694.72,0.0,C1303868418,3587274.52,5597078.49,0,0
7,TRANSFER,487344.19,C2022680863,0.0,0.0,C1651945012,529493.11,1556799.98,0,0
7,TRANSFER,371417.6,C1556004794,72679.09,0.0,C1838584624,7481175.85,7852593.45,0,0
7,CASH_OUT,79043.83,C774123810,40130.67,0.0,C634210724,104539.76,98172.83,0,0
7,CASH_OUT,175207.2,C710676827,0.0,0.0,C465257140,414846.27,1078685.56,0,0
7,CASH_OUT,75837.12,C498759457,8892.0,0.0,C1436136891,0.0,113877.36,0,0
7,CASH_OUT,13025.29,C1265615409,75130.98,62105.69,C1577253667,45418.0,16169.71,0,0
7,TRANSFER,251157.83,C615391619,292.0,0.0,C1529115495,52845.35,234087.07,0,0
7,CASH_OUT,429567.2,C672073246,136278.36,0.0,C1360767589,4749830.27,6712636.97,0,0
7,TRANSFER,1486199.17,C611498500,127097.91,0.0,C1880332929,13446188.67,14932387.84,0,0
7,CASH_OUT,131687.79,C1086926330,47443.0,0.0,C919978702,12469.0,0.0,0,0
7,CASH_OUT,84694.13,C870227333,9300.85,0.0,C365212068,303528.68,355690.69,0,0
7,CASH_OUT,127520.73,C795038371,0.0,0.0,C1345063038,179184.52,31831.51,0,0
7,CASH_OUT,77895.39,C608525648,0.0,0.0,C853932876,116829.0,573514.06,0,0
7,CASH_OUT,1388.54,C196174075,0.0,0.0,C1137422246,65372.93,66761.47,0,0
7,CASH_OUT,265088.15,C1287976637,0.0,0.0,C1297685781,298425.79,1120608.72,0,0
7,CASH_OUT,7538.7,C2038911948,0.0,0.0,C662736689,5669878.74,5677417.44,0,0
7,CASH_OUT,55861.27,C1998990961,0.0,0.0,C2144647660,85844.0,60584.47,0,0
7,CASH_OUT,63166.8,C2005937878,0.0,0.0,C1495761010,252329.84,1193550.39,0,0
7,CASH_OUT,343435.88,C1278700356,744.79,0.0,C40075281,351181.52,1674676.75,0,0
7,TRANSFER,180599.7,C545535492,8868.95,0.0,C1337563431,449775.76,321014.14,0,0
7,TRANSFER,181896.67,C685573007,37999.0,0.0,C705265015,0.0,460050.16,0,0
7,TRANSFER,137899.53,C2107660410,20136.0,0.0,C894315519,40797.0,69514.39,0,0
7,CASH_OUT,59189.32,C2027236684,0.0,0.0,C1337563431,630375.46,321014.14,0,0
7,TRANSFER,1197991.95,C1267504937,20651.0,0.0,C289039926,124476.0,1610328.43,0,0
7,TRANSFER,941410.58,C1049204172,14766.0,0.0,C1948471365,0.0,814471.57,0,0
7,TRANSFER,149478.58,C927581868,49745.0,0.0,C384887832,24074.25,157993.5,0,0
7,TRANSFER,787766.57,C661565357,9259.18,0.0,C1721246982,1563227.78,2575739.64,0,0
7,TRANSFER,538645.8,C1831965951,77266.0,0.0,C1147977782,0.0,211301.36,0,0
7,TRANSFER,57573.06,C760960155,122.0,0.0,C621014131,77477.85,27964.11,0,0
7,TRANSFER,255588.22,C629230908,602254.0,346665.78,C1254526270,98209.69,594958.48,0,0
7,TRANSFER,412292.82,C117556243,64796.88,0.0,C929452805,0.0,412292.82,0,0
7,CASH_OUT,263470.87,C675709282,0.0,0.0,C1262822392,17530561.03,17993742.14,0,0
7,CASH_OUT,78749.2,C1442114564,12479.07,0.0,C1805683209,5832382.52,5876339.66,0,0
7,TRANSFER,359325.17,C1303448479,99112.0,0.0,C40075281,694617.4,1674676.75,0,0
7,TRANSFER,126588.51,C926715701,12635.0,0.0,C1438594533,17086.84,143675.35,0,0
7,TRANSFER,253181.89,C1642373234,77145.0,0.0,C773898763,19378.05,272559.94,0,0
7,CASH_OUT,11461.85,C854777436,0.0,0.0,C220766773,19805.0,0.0,0,0
7,CASH_OUT,45311.22,C808573417,54219.19,8907.97,C791512944,79911.0,125222.22,0,0
7,CASH_OUT,41693.6,C1640246868,89652.25,47958.66,C1822045793,54666.14,56676.23,0,0
7,TRANSFER,1123213.77,C87255309,20738.0,0.0,C1728766751,0.0,1033096.57,0,0
7,TRANSFER,1103184.69,C207950470,83873.0,0.0,C470217116,10090.0,986103.34,0,0
7,TRANSFER,1094308.58,C1822325490,15045.46,0.0,C1850180796,1245111.41,7837942.9,0,0
7,TRANSFER,192197.94,C1221309637,23640.0,0.0,C1303868418,3487366.89,5597078.49,0,0
7,TRANSFER,356342.94,C941027243,5042.0,0.0,C1139794020,1122.0,0.0,0,0
7,TRANSFER,164242.82,C1577811800,447.0,0.0,C1807896178,0.0,244360.74,0,0
7,TRANSFER,2222097.28,C1233563882,0.0,0.0,C1870252780,8298716.77,10857989.45,0,0
7,TRANSFER,34987.81,C1484954668,107265.0,72277.19,C1408538096,0.0,34987.81,0,0
7,TRANSFER,445189.67,C1693561595,2073.0,0.0,C2006081398,5850.0,1092234.24,0,0
7,CASH_OUT,94275.66,C352580660,12163.0,0.0,C705265015,23947.52,460050.16,0,0
7,CASH_OUT,12837.77,C1388742949,29867.0,17029.23,C751413576,7063.0,19900.77,0,0
7,TRANSFER,216297.45,C1929713950,393016.26,176718.81,C1495761010,315496.64,1193550.39,0,0
7,CASH_OUT,239781.45,C1501477292,0.0,0.0,C977993101,763267.86,1626304.94,0,0
7,CASH_OUT,256193.3,C1707503556,0.0,0.0,C1494895909,422748.24,905385.44,0,0
7,CASH_OUT,307111.99,C2056319805,0.0,0.0,C766681183,12945885.16,13146711.0,0,0
7,CASH_OUT,585853.28,C130527868,0.0,0.0,C1721246982,1977616.71,2575739.64,0,0
7,CASH_OUT,211258.63,C735627505,0.0,0.0,C1816986148,740474.35,1074318.86,0,0
7,CASH_OUT,276036.61,C2109094401,0.0,0.0,C214774813,15830311.67,17771335.88,0,0
7,CASH_OUT,92754.39,C4339601,0.0,0.0,C194746285,210435.83,303190.22,0,0
7,CASH_OUT,488632.1,C984363447,0.0,0.0,C465257140,590053.46,1078685.56,0,0
7,CASH_OUT,93077.0,C1474230611,0.0,0.0,C631424220,109861.0,112449.9,0,0
7,TRANSFER,234734.39,C469018523,84879.0,0.0,C416519915,136365.0,52136.82,0,0
7,TRANSFER,675184.96,C420266910,2140.0,0.0,C405881980,0.0,392128.01,0,0
7,TRANSFER,297193.49,C665690344,15184.0,0.0,C1477979030,10386528.75,10780596.35,0,0
7,TRANSFER,1465989.27,C1660570248,0.0,0.0,C1850180796,2339419.98,7837942.9,0,0
7,CASH_OUT,288884.1,C2047734670,41357.0,0.0,C979778117,15799.0,0.0,0,0
7,TRANSFER,840288.07,C1627993706,42120.0,0.0,C1626759869,0.0,592376.6,0,0
7,CASH_OUT,103928.78,C2050668346,824119.42,720190.64,C81639848,185922.0,49145.16,0,0
7,TRANSFER,296833.68,C313053243,11528.0,0.0,C466505482,11848.91,232681.17,0,0
7,CASH_OUT,341128.83,C1398998658,5119.15,0.0,C728526866,4641846.68,5251235.25,0,0
7,CASH_OUT,24050.25,C2142820128,1587329.45,1563279.2,C146305349,480973.39,631354.92,0,0
7,TRANSFER,472132.78,C565678786,11087.0,0.0,C1457383927,34128.82,1273838.38,0,0
7,TRANSFER,34789.73,C502805865,0.0,0.0,C1761291320,198560.74,233350.47,0,0
7,CASH_OUT,223690.38,C1600855833,101769.0,0.0,C1071364078,122.0,279042.57,0,0
7,CASH_OUT,530888.87,C1394343499,9710.7,0.0,C1297685781,563513.94,1120608.72,0,0
7,CASH_OUT,167410.09,C1381764980,38232.83,0.0,C2052185144,216747.22,947554.33,0,0
7,CASH_OUT,255496.7,C840106684,8664.2,0.0,C1870252780,10520814.04,10857989.45,0,0
7,CASH_OUT,232784.28,C144560386,0.0,0.0,C909295153,8182056.73,9092634.94,0,0
7,CASH_OUT,147392.81,C1942990808,40159.0,0.0,C2063763486,113164.98,171172.6,0,0
7,TRANSFER,335362.53,C1795102078,10552.0,0.0,C515132998,0.0,776179.51,0,0
7,TRANSFER,608944.62,C2089115376,30598.0,0.0,C1354725727,161885.95,770830.57,0,0
7,TRANSFER,1174893.26,C1281894438,0.0,0.0,C1303868418,3497941.54,5597078.49,0,0
7,TRANSFER,249943.5,C169627497,0.0,0.0,C2011996123,684156.48,1906158.59,0,0
7,TRANSFER,1664987.6,C2049463320,0.0,0.0,C214774813,16106348.28,17771335.88,0,0
7,TRANSFER,1236739.5,C2044934146,0.0,0.0,C1590550415,17420921.0,18698748.85,0,0
7,TRANSFER,572028.89,C1950815744,0.0,0.0,C1303868418,4672834.8,5597078.49,0,0
7,TRANSFER,1532087.16,C482900198,0.0,0.0,C1554540309,1812455.01,5652054.58,0,0
7,TRANSFER,294581.69,C611874803,0.0,0.0,C909295153,8414841.01,9092634.94,0,0
7,TRANSFER,16639.07,C1153132630,0.0,0.0,C486371171,194766.34,237615.79,0,0
7,TRANSFER,40108.55,C134250967,0.0,0.0,C75483598,52796.0,18759.22,0,0
7,TRANSFER,130712.08,C1473300345,0.0,0.0,C1882860489,148315.0,226597.4,0,0
7,TRANSFER,767924.0,C812709279,0.0,0.0,C798678484,1319526.62,2084795.89,0,0
7,TRANSFER,397080.05,C790020639,0.0,0.0,C16344660,471921.87,0.0,0,0
7,TRANSFER,179180.78,C588574739,0.0,0.0,C1778801068,7446492.06,8680195.01,0,0
7,TRANSFER,442422.28,C1924009991,0.0,0.0,C1234776885,3062223.92,4441465.94,0,0
7,TRANSFER,490606.82,C1162203072,0.0,0.0,C1899073220,3459474.62,5632383.36,0,0
7,CASH_OUT,60329.37,C1525027227,13740.47,0.0,C63387985,86242.27,271703.64,0,0
7,CASH_OUT,253387.93,C834072264,0.0,0.0,C515132998,335362.53,776179.51,0,0
7,CASH_OUT,103041.57,C985496352,0.0,0.0,C508000580,505414.75,682530.5,0,0
7,CASH_OUT,72244.19,C848963502,0.0,0.0,C1909597726,213063.85,267798.33,0,0
7,CASH_OUT,329109.11,C1486521007,0.0,0.0,C374625527,568171.94,842508.92,0,0
7,CASH_OUT,140231.37,C1591535578,0.0,0.0,C451111351,5667309.6,7255066.28,0,0
7,CASH_OUT,166504.74,C258597722,0.0,0.0,C295372946,332496.19,499000.92,0,0
7,CASH_OUT,105316.57,C1814893134,0.0,0.0,C634440506,117634.01,154628.64,0,0
7,CASH_OUT,10754.33,C1613658782,0.0,0.0,C2006206648,15395.0,26149.33,0,0
7,CASH_OUT,315257.69,C1509270390,0.0,0.0,C16344660,869001.92,0.0,0,0
7,CASH_OUT,177159.82,C432465953,0.0,0.0,C715819458,240006.15,484595.24,0,0
7,CASH_OUT,156151.52,C503133749,0.0,0.0,C1674899618,7338604.42,10006403.16,0,0
7,CASH_OUT,109654.05,C236213662,0.0,0.0,C1245442940,266821.0,896903.33,0,0
7,CASH_OUT,309043.71,C2047785273,0.0,0.0,C1245442940,376475.04,896903.33,0,0
7,CASH_OUT,109247.89,C1420284345,0.0,0.0,C1303868418,5244863.69,5597078.49,0,0
7,CASH_OUT,191490.24,C547293574,0.0,0.0,C1609562230,4500435.47,4515203.08,0,0
7,CASH_OUT,140158.67,C202051758,0.0,0.0,C1554565380,1333184.67,4625599.45,0,0
7,CASH_OUT,126714.16,C63154023,0.0,0.0,C1641587857,175770.85,460470.54,0,0
7,CASH_OUT,47819.39,C1770230975,0.0,0.0,C1651945012,947551.09,1556799.98,0,0
7,CASH_OUT,78023.16,C831025968,0.0,0.0,C1615804266,568954.63,522428.46,0,0
7,CASH_OUT,55230.19,C1699908559,0.0,0.0,C1071364078,223812.38,279042.57,0,0
7,CASH_OUT,123522.3,C2075455645,0.0,0.0,C1060041730,375260.07,916266.8,0,0
7,CASH_OUT,281934.86,C250062136,0.0,0.0,C1899073220,3950081.44,5632383.36,0,0
7,CASH_OUT,261370.99,C2080658983,0.0,0.0,C1778801068,7625672.84,8680195.01,0,0
7,CASH_OUT,48145.49,C226076315,0.0,0.0,C542220524,50573.64,98719.13,0,0
7,CASH_OUT,284121.32,C1360367537,0.0,0.0,C481402298,3601306.85,3885428.17,0,0
7,CASH_OUT,578514.87,C1650994894,0.0,0.0,C1013700132,1028715.12,1431686.33,0,0
7,CASH_OUT,74364.75,C1015278026,0.0,0.0,C1899073220,4232016.3,5632383.36,0,0
7,CASH_OUT,151749.75,C2081344959,0.0,0.0,C1339257929,321773.68,561712.86,0,0
7,CASH_OUT,72588.32,C26979720,0.0,0.0,C675203915,603559.29,777700.37,0,0
7,CASH_OUT,248431.72,C572980523,0.0,0.0,C1805683209,5911131.72,5876339.66,0,0
7,CASH_OUT,243580.55,C21531932,0.0,0.0,C257999182,1107823.77,2324423.73,0,0
7,CASH_OUT,239998.35,C186764223,0.0,0.0,C71555810,720190.64,960188.98,0,0
7,CASH_OUT,385479.54,C1468711102,0.0,0.0,C914293025,737510.44,1239108.91,0,0
7,CASH_OUT,97217.75,C1112584385,0.0,0.0,C400720732,130815.71,45394.67,0,0
7,CASH_OUT,386367.23,C129361402,0.0,0.0,C991363637,7521139.88,8730306.03,0,0
7,CASH_OUT,128048.76,C38578816,0.0,0.0,C111210112,292741.94,705242.01,0,0
7,CASH_OUT,171905.69,C54658375,0.0,0.0,C237988421,456669.28,628574.97,0,0
7,CASH_OUT,26210.38,C1154706262,0.0,0.0,C486371171,211405.4,237615.79,0,0
7,CASH_OUT,36312.69,C1826737155,0.0,0.0,C804836251,96045.02,108483.43,0,0
7,CASH_OUT,7398.24,C186540981,0.0,0.0,C323761934,52146.76,8759.08,0,0
7,CASH_OUT,67152.15,C409286572,0.0,0.0,C1584119395,349564.0,136576.79,0,0
7,CASH_OUT,306323.63,C1194550829,0.0,0.0,C40075281,1053942.57,1674676.75,0,0
7,CASH_OUT,116600.79,C626010908,0.0,0.0,C507538622,126468.06,243068.85,0,0
7,CASH_OUT,104135.08,C1571547080,0.0,0.0,C508000580,608456.32,682530.5,0,0
7,CASH_OUT,102077.16,C1816294278,0.0,0.0,C1899073220,4306381.05,5632383.36,0,0
7,CASH_OUT,67429.27,C807166509,0.0,0.0,C715819458,417165.97,484595.24,0,0
7,CASH_OUT,13845.82,C347125753,0.0,0.0,C1720078459,17892.0,31737.82,0,0
7,CASH_OUT,64974.45,C380077824,0.0,0.0,C2006081398,451039.67,1092234.24,0,0
7,CASH_OUT,35426.93,C1770391569,0.0,0.0,C384887832,136361.92,157993.5,0,0
7,CASH_OUT,97919.82,C987234822,0.0,0.0,C306206744,6778202.0,7329355.45,0,0
7,CASH_OUT,153966.29,C726037979,0.0,0.0,C2034460325,224035.87,378002.16,0,0
7,CASH_OUT,41309.02,C24344628,0.0,0.0,C127252077,105984.74,147293.76,0,0
7,CASH_OUT,43093.35,C1491877515,0.0,0.0,C125722707,602168.54,779659.14,0,0
7,CASH_OUT,499343.04,C585027490,0.0,0.0,C1234776885,3504646.19,4441465.94,0,0
7,CASH_OUT,379699.71,C984522383,0.0,0.0,C985934102,4113554.58,5827219.22,0,0
7,CASH_OUT,27060.81,C545714998,0.0,0.0,C72565662,99923.0,126983.81,0,0
7,CASH_OUT,402663.46,C430414283,0.0,0.0,C2083562754,6034246.19,6385836.94,0,0
7,CASH_OUT,578730.75,C1297151618,0.0,0.0,C1554565380,1473343.34,4625599.45,0,0
7,CASH_OUT,471390.8,C54809409,0.0,0.0,C128870695,12498907.14,14079522.95,0,0
7,CASH_OUT,405812.31,C348921692,0.0,0.0,C125722707,645261.89,779659.14,0,0
7,CASH_OUT,239972.3,C822130127,0.0,0.0,C1286084959,4050656.56,7488671.79,0,0
7,TRANSFER,233938.4,C2075042187,20946.0,0.0,C553790651,229939.72,32266.57,0,0
7,CASH_OUT,50575.73,C346413038,19972.0,0.0,C1790598448,0.0,50575.73,0,0
7,TRANSFER,520367.43,C2087016410,50368.0,0.0,C2113748097,17321.91,649298.27,0,0
7,TRANSFER,155379.43,C1711349692,532938.0,377558.57,C1615804266,646977.79,522428.46,0,0
7,CASH_OUT,90608.01,C739971314,10382.68,0.0,C1313534832,285749.32,1005781.48,0,0
7,CASH_OUT,60351.62,C53421119,11263.0,0.0,C927008541,144.0,60495.62,0,0
7,CASH_OUT,129760.0,C2057644333,0.0,0.0,C1730752455,1563279.2,1699431.84,0,0
7,CASH_OUT,302317.81,C623450369,0.0,0.0,C1060041730,498782.37,916266.8,0,0
7,CASH_OUT,18019.0,C174933319,0.0,0.0,C2072865894,164098.55,182117.56,0,0
7,CASH_OUT,228162.38,C1880725225,0.0,0.0,C1286084959,4290628.86,7488671.79,0,0
7,CASH_OUT,90962.75,C589706630,0.0,0.0,C2006081398,516014.12,1092234.24,0,0
7,CASH_OUT,284677.82,C1311429106,0.0,0.0,C1651945012,995370.48,1556799.98,0,0
7,CASH_OUT,126296.47,C772661773,0.0,0.0,C1931283804,172466.38,297659.82,0,0
7,CASH_OUT,9140.92,C304060411,0.0,0.0,C2099343080,33109.0,42249.92,0,0
7,CASH_OUT,230623.52,C461371,0.0,0.0,C728526866,4982975.51,5251235.25,0,0
7,CASH_OUT,95485.52,C414903944,0.0,0.0,C1495761010,531794.08,1193550.39,0,0
7,CASH_OUT,135471.58,C1508276760,0.0,0.0,C853932876,194724.39,573514.06,0,0
7,CASH_OUT,126928.94,C925408912,0.0,0.0,C169904524,200163.0,252367.25,0,0
7,CASH_OUT,116598.79,C256253084,0.0,0.0,C184253187,4231347.42,4598815.2,0,0
7,CASH_OUT,8826.61,C1078426962,0.0,0.0,C672137778,40367.0,42950.32,0,0
7,CASH_OUT,112327.1,C706472440,0.0,0.0,C128870695,12970297.94,14079522.95,0,0
7,CASH_OUT,95155.95,C1504984629,0.0,0.0,C977993101,1003049.3,1626304.94,0,0
7,CASH_OUT,65006.66,C1713994595,0.0,0.0,C339099861,232929.44,158489.25,0,0
7,CASH_OUT,120223.54,C494872345,0.0,0.0,C1721246982,2195796.17,2575739.64,0,0
7,CASH_OUT,16322.98,C1751013735,0.0,0.0,C2145041211,155228.0,171550.98,0,0
7,CASH_OUT,86050.93,C274958287,0.0,0.0,C461905695,89834.0,175884.93,0,0
7,CASH_OUT,83162.16,C1027347651,0.0,0.0,C1931283804,298762.85,297659.82,0,0
7,CASH_OUT,115166.62,C1503636370,0.0,0.0,C1060041730,801100.18,916266.8,0,0
7,CASH_OUT,299337.21,C1133532327,0.0,0.0,C1505755152,6620685.75,6647680.95,0,0
7,CASH_OUT,122585.87,C1338109669,0.0,0.0,C1816986148,951732.99,1074318.86,0,0
7,CASH_OUT,25784.58,C302408146,0.0,0.0,C1832532108,27708.6,53493.18,0,0
7,CASH_OUT,713465.67,C912362299,0.0,0.0,C1303868418,5354111.58,5597078.49,0,0
7,CASH_OUT,110439.98,C1997919292,0.0,0.0,C271588719,224552.06,336403.65,0,0
7,CASH_OUT,39048.51,C929278717,0.0,0.0,C794358930,192975.04,34524.7,0,0
7,CASH_OUT,228982.7,C382354738,0.0,0.0,C1234059684,359908.72,588891.42,0,0
7,CASH_OUT,135528.52,C751316099,0.0,0.0,C1554565380,2052074.09,4625599.45,0,0
7,CASH_OUT,455512.07,C1973790994,0.0,0.0,C1145835418,496966.26,952478.33,0,0
7,CASH_OUT,104669.17,C1597751577,0.0,0.0,C553790651,463878.12,32266.57,0,0
7,CASH_OUT,111608.93,C463272985,0.0,0.0,C2113748097,537689.34,649298.27,0,0
7,CASH_OUT,10606.95,C1985832925,0.0,0.0,C1440282299,100424.0,111030.95,0,0
7,CASH_OUT,178055.24,C778616125,0.0,0.0,C1778300121,182825.68,360880.92,0,0
7,CASH_OUT,55593.37,C802853600,0.0,0.0,C1588476205,61609.0,117202.37,0,0
7,CASH_OUT,287860.49,C1398464310,0.0,0.0,C289039926,1322467.95,1610328.43,0,0
7,CASH_OUT,112423.36,C1319381263,0.0,0.0,C97730845,14450751.76,14658353.25,0,0
7,CASH_OUT,41059.08,C634320051,0.0,0.0,C1329589315,148954.23,225460.97,0,0
7,CASH_OUT,357427.06,C1584938872,0.0,0.0,C1313534832,376357.32,1005781.48,0,0
7,CASH_OUT,26205.91,C1541339374,0.0,0.0,C1297685781,1094402.81,1120608.72,0,0
7,CASH_OUT,94641.18,C878530251,0.0,0.0,C187019413,136886.29,72085.7,0,0
7,CASH_OUT,176673.12,C1726238623,0.0,0.0,C1085479446,422281.85,346139.62,0,0
7,CASH_OUT,80085.58,C2046308292,0.0,0.0,C634440506,222950.58,154628.64,0,0
7,TRANSFER,733678.95,C1431155101,33996.0,0.0,C114618982,102226.0,671625.55,0,0
7,CASH_OUT,309799.7,C836211136,0.0,0.0,C1554540309,3344542.18,5652054.58,0,0
7,TRANSFER,915732.43,C607419787,47407.4,0.0,C1286084959,4518791.24,7488671.79,0,0
7,CASH_OUT,175236.79,C873631725,0.0,0.0,C886517510,288424.89,153556.92,0,0
7,CASH_OUT,316493.12,C712147062,27337.32,0.0,C184253187,4347946.2,4598815.2,0,0
7,CASH_OUT,228251.68,C351360092,1120.62,0.0,C909295153,8709422.7,9092634.94,0,0
7,CASH_OUT,156329.61,C1208947473,6497.0,0.0,C870563118,0.0,156329.61,0,0
7,TRANSFER,392940.08,C1623624827,21509.0,0.0,C265108079,31383.27,611272.03,0,0
7,CASH_OUT,175416.04,C1899793595,0.0,0.0,C1778801068,7887043.83,8680195.01,0,0
7,CASH_OUT,107057.5,C1988148908,0.0,0.0,C2083117811,266061.33,373118.84,0,0
7,CASH_OUT,63751.96,C1884530788,0.0,0.0,C1615804266,802357.21,522428.46,0,0
7,CASH_OUT,41210.57,C673216953,0.0,0.0,C954225330,109352.0,150562.57,0,0
7,CASH_OUT,284451.31,C1030517074,0.0,0.0,C111210112,420790.7,705242.01,0,0
7,CASH_OUT,224221.08,C1315626381,0.0,0.0,C1286084959,5434523.66,7488671.79,0,0
7,CASH_OUT,512425.51,C597118124,0.0,0.0,C1266035080,1654365.8,2026441.55,0,0
7,CASH_OUT,185882.89,C139527382,0.0,0.0,C1477979030,10683722.25,10780596.35,0,0
7,CASH_OUT,162684.74,C1458115183,0.0,0.0,C1651945012,1280048.3,1556799.98,0,0
7,CASH_OUT,6392.64,C1316436874,0.0,0.0,C1730752455,1693039.2,1699431.84,0,0
7,CASH_OUT,183547.99,C1469906116,0.0,0.0,C985934102,4493254.29,5827219.22,0,0
7,CASH_OUT,27416.73,C1475028309,0.0,0.0,C1266035080,2166791.31,2026441.55,0,0
7,CASH_OUT,89608.08,C1225732013,0.0,0.0,C716083600,1905990.18,1995598.25,0,0
7,CASH_OUT,78278.45,C14027428,8036.0,0.0,C871895680,114424.75,192703.2,0,0
7,TRANSFER,452835.39,C1584060492,304141.0,0.0,C787033725,591634.69,1640349.09,0,0
7,TRANSFER,141257.69,C1582466166,109101.0,0.0,C1632648448,19891.44,161149.13,0,0
7,CASH_OUT,117762.75,C1318916377,87495.57,0.0,C347725669,467670.57,266931.55,0,0
7,CASH_OUT,29181.32,C946684363,63982.57,34801.25,C443625234,100728.0,129909.32,0,0
7,TRANSFER,393091.2,C837596001,851.0,0.0,C976133979,5625.06,637765.96,0,0
7,TRANSFER,25900.29,C1032122643,19932.0,0.0,C1520366382,24920.0,50820.29,0,0
7,TRANSFER,700223.91,C566974024,159.0,0.0,C1554565380,2187602.61,4625599.45,0,0
7,TRANSFER,229105.83,C1778013494,500415.0,271309.17,C370034120,0.0,229105.83,0,0
7,TRANSFER,351561.05,C2006768185,10569.0,0.0,C158424358,21313.0,480626.37,0,0
7,TRANSFER,740951.52,C1107677641,5034.0,0.0,C1069568462,19812.0,1087007.58,0,0
7,TRANSFER,1626960.47,C1986550448,0.0,0.0,C451111351,5807540.97,7255066.28,0,0
7,TRANSFER,457456.67,C388165089,23574.0,0.0,C1778289781,59800.0,483813.45,0,0
7,CASH_OUT,15325.4,C710778590,11917.0,0.0,C1641169735,45304.0,60629.4,0,0
7,TRANSFER,875756.9,C971578330,2558.0,0.0,C265845794,0.0,645068.66,0,0
7,TRANSFER,399635.37,C1342958495,0.0,0.0,C985934102,4676802.28,5827219.22,0,0
7,CASH_OUT,218466.18,C1742961957,0.0,0.0,C466505482,308682.59,232681.17,0,0
7,CASH_OUT,211384.58,C2027198777,0.0,0.0,C1245442940,685518.75,896903.33,0,0
7,CASH_OUT,72428.51,C1390178738,1423.0,0.0,C296121376,112360.48,371.65,0,0
7,CASH_OUT,329503.27,C1124973744,6340.32,0.0,C1457383927,506261.6,1273838.38,0,0
7,TRANSFER,419296.35,C1919747202,15463.0,0.0,C555334025,618.0,346013.49,0,0
7,CASH_OUT,154960.56,C363529313,0.0,0.0,C909295153,8937674.39,9092634.94,0,0
7,CASH_OUT,286381.33,C792739082,0.0,0.0,C1234776885,4003989.23,4441465.94,0,0
7,TRANSFER,126315.46,C25623662,11910.0,0.0,C1095666481,0.0,126315.46,0,0
7,CASH_OUT,170108.96,C2015935595,9076.0,0.0,C1450133081,26840.75,493580.49,0,0
7,CASH_OUT,116118.94,C102027291,20745.18,0.0,C914293025,1122989.98,1239108.91,0,0
7,CASH_OUT,126589.22,C1730497011,13306.0,0.0,C963383848,32193.0,281641.27,0,0
7,TRANSFER,643137.09,C1200740612,0.0,0.0,C985934102,5076437.65,5827219.22,0,0
7,TRANSFER,548931.88,C1989968081,11204.0,0.0,C814473635,0.0,143817.4,0,0
7,CASH_OUT,267174.86,C1511538598,0.0,0.0,C1636786811,6325419.04,6779300.28,0,0
7,CASH_OUT,506721.82,C1617300769,7511.0,0.0,C2052185144,384157.31,947554.33,0,0
7,TRANSFER,134905.99,C1688211424,77560.0,0.0,C1360767589,5105575.62,6712636.97,0,0
7,CASH_OUT,217951.1,C1729454521,41020.0,0.0,C705265015,118223.18,460050.16,0,0
7,CASH_OUT,252921.55,C961997107,257357.14,4435.59,C1028574311,774267.83,1305828.01,0,0
7,CASH_OUT,396017.83,C800329289,4435.59,0.0,C1457383927,835764.87,1273838.38,0,0
7,CASH_OUT,435330.06,C244842574,0.0,0.0,C1085479446,598954.98,346139.62,0,0
7,CASH_OUT,346519.18,C915307834,0.0,0.0,C1419794148,2467276.32,2813795.5,0,0
7,CASH_OUT,351726.3,C941557161,0.0,0.0,C2006081398,606976.87,1092234.24,0,0
7,CASH_OUT,349036.0,C928416421,0.0,0.0,C1850180796,3805409.26,7837942.9,0,0
7,CASH_OUT,90106.13,C2038595185,0.0,0.0,C517653428,252328.64,169554.94,0,0
7,CASH_OUT,290975.16,C1008774102,0.0,0.0,C505973878,388145.62,922645.99,0,0
7,CASH_OUT,208168.06,C2094191542,0.0,0.0,C1825992554,226837.37,314551.85,0,0
7,CASH_OUT,280436.1,C2140284195,0.0,0.0,C2052185144,890879.13,947554.33,0,0
7,CASH_OUT,107752.32,C352959830,0.0,0.0,C158424358,372874.05,480626.37,0,0
7,CASH_OUT,41088.35,C743365178,0.0,0.0,C1590550415,18657660.51,18698748.85,0,0
7,CASH_OUT,186948.68,C1181479782,0.0,0.0,C265108079,424323.35,611272.03,0,0
7,TRANSFER,27494.69,C776058458,159069.0,131574.31,C1348937989,0.0,27494.69,0,0
7,CASH_OUT,440226.25,C639393055,11067.0,0.0,C875761527,6695.18,392447.25,0,0
7,CASH_OUT,213745.3,C1146076435,11595.0,0.0,C1545688642,86706.79,44791.98,0,0
7,CASH_OUT,456997.53,C633170154,0.0,0.0,C2011996123,934099.98,1906158.59,0,0
7,CASH_OUT,211918.4,C2031423770,0.0,0.0,C1560607671,221165.99,433084.38,0,0
7,CASH_OUT,347259.03,C58387611,0.0,0.0,C40075281,1360266.2,1674676.75,0,0
7,CASH_OUT,192190.94,C877891582,0.0,0.0,C1584119395,416716.15,136576.79,0,0
7,CASH_OUT,205238.71,C2061982630,0.0,0.0,C36856762,295474.84,480670.65,0,0
7,CASH_OUT,171921.96,C732633121,0.0,0.0,C1641587857,302485.0,460470.54,0,0
7,CASH_OUT,64055.98,C2137077755,0.0,0.0,C875917495,751706.66,815762.64,0,0
7,CASH_OUT,197243.16,C1466268566,0.0,0.0,C1870367457,286894.03,484137.19,0,0
7,CASH_OUT,13279.36,C396308663,0.0,0.0,C1346667529,48619.75,61899.11,0,0
7,CASH_OUT,199710.23,C1686521973,0.0,0.0,C1262822392,17794031.91,17993742.14,0,0
7,CASH_OUT,114066.94,C313423345,0.0,0.0,C1651945012,1442733.04,1556799.98,0,0
7,CASH_OUT,66908.47,C1860900345,0.0,0.0,C205300866,100666.0,167574.47,0,0
7,CASH_OUT,59241.82,C2066971,0.0,0.0,C863811613,361386.67,1328510.04,0,0
7,CASH_OUT,77276.07,C1452064653,0.0,0.0,C1013700132,1607230.0,1431686.33,0,0
7,CASH_OUT,123875.88,C929847632,0.0,0.0,C705265015,336174.28,460050.16,0,0
7,CASH_OUT,123168.11,C18794137,0.0,0.0,C347725669,585433.31,266931.55,0,0
7,CASH_OUT,101552.76,C2100157427,0.0,0.0,C675203915,676147.61,777700.37,0,0
7,CASH_OUT,56299.7,C1324249868,0.0,0.0,C1479450980,98590.46,0.0,0,0
7,CASH_OUT,191112.23,C1692204297,147042.85,0.0,C1609562230,4691925.71,4515203.08,0,0
7,CASH_OUT,174895.86,C891978115,108908.11,0.0,C1477979030,10869605.13,10780596.35,0,0
7,CASH_OUT,342464.49,C907875994,42202.0,0.0,C611621587,1452.0,343916.49,0,0
7,TRANSFER,1067743.66,C1369314550,20921.0,0.0,C12793273,0.0,1658746.09,0,0
7,CASH_OUT,98540.13,C1784116580,38302.9,0.0,C1303868418,6067577.26,5597078.49,0,0
7,TRANSFER,133531.07,C681786825,11408.07,0.0,C2006081398,958703.17,1092234.24,0,0
7,TRANSFER,1571619.71,C369749333,0.0,0.0,C1286084959,5658744.75,7488671.79,0,0
7,TRANSFER,1789373.23,C1591550320,0.0,0.0,C1850180796,4154445.26,7837942.9,0,0
7,TRANSFER,1541543.1,C52931619,0.0,0.0,C1899073220,4408458.21,5632383.36,0,0
7,TRANSFER,515061.08,C853251323,0.0,0.0,C2011996123,1391097.51,1906158.59,0,0
7,TRANSFER,2511647.23,C1801561264,0.0,0.0,C1674899618,7494755.93,10006403.16,0,0
7,TRANSFER,822798.92,C1543560717,0.0,0.0,C991363637,7907507.11,8730306.03,0,0
7,TRANSFER,241160.57,C1652045594,0.0,0.0,C1254526270,353797.91,594958.48,0,0
7,TRANSFER,1002954.19,C208280546,0.0,0.0,C1619402333,1255341.31,2258295.49,0,0
7,TRANSFER,3541.16,C1783130875,0.0,0.0,C990398217,6768.24,10309.4,0,0
7,TRANSFER,916428.17,C811741449,61266.0,0.0,C1394526584,308988.67,1360079.51,0,0
7,CASH_OUT,326244.05,C1717442773,348393.86,22149.8,C1069568462,760763.52,1087007.58,0,0
7,CASH_OUT,256641.44,C1200981870,22149.8,0.0,C1636786811,6592593.9,6779300.28,0,0
7,CASH_OUT,409358.66,C288663860,10479.0,0.0,C1491676195,23583.88,432942.54,0,0
7,CASH_OUT,164411.83,C750617950,21236.0,0.0,C225852166,11542.0,421519.16,0,0
7,CASH_OUT,104945.48,C949988699,29802.0,0.0,C1137350304,0.0,104945.48,0,0
7,TRANSFER,115697.98,C629050435,59536.0,0.0,C373928166,0.0,128929.7,0,0
7,TRANSFER,423234.24,C33951224,1183874.19,760639.94,C1721246982,2316019.71,2575739.64,0,0
7,TRANSFER,2241254.39,C1580741277,760639.94,0.0,C1554540309,3654341.88,5652054.58,0,0
7,TRANSFER,1737772.93,C1623105503,0.0,0.0,C1554565380,2887826.52,4625599.45,0,0
7,TRANSFER,401672.66,C2105634098,0.0,0.0,C1334973394,581071.09,982743.75,0,0
7,TRANSFER,1658697.08,C1331353271,0.0,0.0,C1850180796,5943818.49,7837942.9,0,0
7,TRANSFER,140812.05,C1349101851,0.0,0.0,C1899073220,5950001.31,5632383.36,0,0
7,TRANSFER,566270.79,C1144886446,0.0,0.0,C1495761010,627279.6,1193550.39,0,0
7,TRANSFER,243318.08,C841193958,0.0,0.0,C853932876,330195.97,573514.06,0,0
7,TRANSFER,337085.02,C726998651,0.0,0.0,C863811613,420628.49,1328510.04,0,0
7,TRANSFER,2011670.91,C921262971,0.0,0.0,C1789550256,3745099.39,5020386.7,0,0
7,TRANSFER,113688.15,C509157868,0.0,0.0,C343534938,254036.65,367724.8,0,0
7,TRANSFER,114384.61,C815490920,0.0,0.0,C313142474,166570.0,280954.61,0,0
7,TRANSFER,281889.38,C859701702,0.0,0.0,C465499079,1375861.51,1657750.89,0,0
7,TRANSFER,107644.48,C1332786777,0.0,0.0,C985934102,5719574.74,5827219.22,0,0
7,TRANSFER,486780.94,C1251831481,114417.0,0.0,C1832580921,0.0,486780.94,0,0
7,CASH_OUT,24461.49,C44746251,547.0,0.0,C1206868531,44833.94,69295.43,0,0
7,TRANSFER,889053.15,C485281961,206729.0,0.0,C1359484306,0.0,889053.15,0,0
7,TRANSFER,262434.54,C2101686389,262434.54,0.0,C612008977,0.0,0.0,1,0
7,CASH_OUT,262434.54,C383717053,262434.54,0.0,C380242442,19525.79,438233.86,1,0
7,CASH_OUT,134800.04,C1305218621,0.0,0.0,C1313534832,733784.39,1005781.48,0,0
7,CASH_OUT,109259.68,C2146222703,27900.11,0.0,C1207178960,69915.0,179174.68,0,0
7,CASH_OUT,112683.32,C752286440,22993.11,0.0,C1019670582,284590.44,397273.75,0,0
7,CASH_OUT,11830.05,C2103304108,0.0,0.0,C419414024,103266.0,115096.05,0,0
7,CASH_OUT,435704.21,C1927960180,0.0,0.0,C40075281,1707525.23,1674676.75,0,0
7,CASH_OUT,12346.69,C2127390817,0.0,0.0,C631424220,179750.42,112449.9,0,0
7,CASH_OUT,595879.01,C1700257002,0.0,0.0,C787033725,1044470.08,1640349.09,0,0
7,CASH_OUT,170745.6,C1994710867,0.0,0.0,C122086708,253406.27,344137.53,0,0
7,CASH_OUT,172180.99,C1453157901,0.0,0.0,C508000580,712591.4,682530.5,0,0
7,CASH_OUT,109673.97,C1124506335,0.0,0.0,C2016282692,149478.0,162001.93,0,0
7,CASH_OUT,266192.8,C418234073,0.0,0.0,C1816757085,8517643.24,10187847.95,0,0
7,TRANSFER,655143.29,C47491804,34767.0,0.0,C1671179293,22053.28,669932.79,0,0
7,TRANSFER,423000.44,C474647699,13489.0,0.0,C1440325059,0.0,423000.44,0,0
7,CASH_OUT,51861.21,C1947633620,894370.12,842508.92,C1825992554,435005.43,314551.85,0,0
7,CASH_OUT,126331.28,C1670501199,0.0,0.0,C146305349,505023.64,631354.92,0,0
7,CASH_OUT,153179.07,C1789843584,144156.79,0.0,C482950564,47950.28,201129.35,0,0
7,TRANSFER,295226.09,C1698185801,170318.0,0.0,C1956477953,0.0,295226.09,0,0
7,TRANSFER,104225.08,C1682037548,10107.0,0.0,C292665982,109367.96,183517.82,0,0
7,TRANSFER,573285.84,C562851134,17354.2,0.0,C1336996537,0.0,841435.22,0,0
7,CASH_OUT,223310.57,C1677203878,0.0,0.0,C1626759869,517791.72,592376.6,0,0
7,TRANSFER,1277771.78,C1814062048,125352.02,0.0,C128870695,13082625.04,14079522.95,0,0
7,TRANSFER,793967.31,C242495499,50308.0,0.0,C1926673338,111767.2,905734.51,0,0
7,TRANSFER,1167278.82,C242626688,0.0,0.0,C257999182,1351404.32,2324423.73,0,0
7,CASH_OUT,164382.42,C448491930,93467.0,0.0,C124540047,0.0,164382.42,0,0
7,TRANSFER,773026.68,C1295011929,56906.0,0.0,C1233454027,703.11,889115.75,0,0
7,TRANSFER,21172.65,C1711756103,16005.0,0.0,C1467806809,69468.31,90640.96,0,0
7,CASH_OUT,12910.33,C994419686,136.0,0.0,C1692066743,0.0,12910.33,0,0
7,TRANSFER,245565.33,C1953789681,30762.0,0.0,C225852166,175953.83,421519.16,0,0
7,CASH_OUT,88414.44,C650417367,1406.0,0.0,C433115563,51066.0,259622.93,0,0
7,TRANSFER,61824.71,C1048133811,36342.0,0.0,C1898288372,56601.0,0.0,0,0
7,TRANSFER,26544.65,C451116002,103444.0,76899.35,C979778117,19043.17,0.0,0,0
7,CASH_OUT,54120.86,C954269867,460099.0,405978.14,C1759482496,3326.07,57446.93,0,0
7,TRANSFER,591002.43,C280194442,75311.0,0.0,C12793273,1067743.66,1658746.09,0,0
7,TRANSFER,529611.71,C641976998,39330.0,0.0,C1327907419,128264.94,439795.81,0,0
7,CASH_OUT,302788.52,C2082418981,0.0,0.0,C1671179293,367144.26,669932.79,0,0
7,CASH_OUT,371574.2,C698325633,0.0,0.0,C801142660,2193547.2,3504660.25,0,0
7,TRANSFER,388950.76,C1497215635,43053.0,0.0,C872592585,11999.56,532138.2,0,0
7,CASH_OUT,44762.67,C598748983,104587.26,59824.59,C347696158,45948.9,90711.57,0,0
7,TRANSFER,528622.86,C1210252371,582742.0,54119.14,C1439007204,12410.0,541032.86,0,0
7,CASH_OUT,125132.0,C48504332,0.0,0.0,C63387985,146571.64,271703.64,0,0
7,TRANSFER,238567.79,C798836643,3316.0,0.0,C717951588,0.0,238567.79,0,0
7,TRANSFER,514977.05,C487523318,391515.0,0.0,C490150701,3298.05,693505.46,0,0
7,CASH_OUT,183406.12,C559872790,2720.21,0.0,C977993101,1098205.25,1626304.94,0,0
7,CASH_OUT,41829.08,C389916964,0.0,0.0,C854671988,174250.48,0.0,0,0
7,TRANSFER,1656720.92,C1603462635,505302.07,0.0,C1816757085,8528901.93,10187847.95,0,0
7,TRANSFER,617735.13,C155333444,0.0,0.0,C1778801068,8062459.87,8680195.01,0,0
7,TRANSFER,2940764.72,C1942806465,0.0,0.0,C1255024717,10202706.79,12947437.37,0,0
7,TRANSFER,1575365.68,C416864887,0.0,0.0,C1360767589,5137271.29,6712636.97,0,0
7,TRANSFER,243525.21,C1345177914,0.0,0.0,C505973878,679120.78,922645.99,0,0
7,TRANSFER,939538.85,C1215109224,0.0,0.0,C801142660,2565121.4,3504660.25,0,0
7,TRANSFER,1055284.91,C1565193331,0.0,0.0,C665576141,5410482.23,6465767.14,0,0
7,TRANSFER,187429.05,C52401871,0.0,0.0,C515132998,588750.46,776179.51,0,0
7,TRANSFER,453233.63,C1036381071,0.0,0.0,C306206744,6876121.82,7329355.45,0,0
7,TRANSFER,127408.65,C491457031,0.0,0.0,C2083562754,6258428.28,6385836.94,0,0
7,TRANSFER,570796.52,C396926129,0.0,0.0,C863811613,757713.52,1328510.04,0,0
7,TRANSFER,111913.25,C1761528165,0.0,0.0,C266418454,118545.81,230459.06,0,0
7,TRANSFER,462678.47,C2062929510,0.0,0.0,C991505714,4890257.27,5352935.74,0,0
7,TRANSFER,16657.05,C1059846157,0.0,0.0,C1321640594,21262.59,37919.65,0,0
7,TRANSFER,97708.32,C1823843917,0.0,0.0,C1728766751,935388.25,1033096.57,0,0
7,TRANSFER,37636.22,C1923018591,0.0,0.0,C728526866,5213599.03,5251235.25,0,0
7,TRANSFER,253411.19,C642554260,0.0,0.0,C184253187,4510966.6,4598815.2,0,0
7,TRANSFER,134662.68,C1187505856,0.0,0.0,C1394526584,1225416.83,1360079.51,0,0
7,TRANSFER,156273.53,C117548955,0.0,0.0,C380242442,281960.33,438233.86,0,0
7,TRANSFER,85304.05,C39867443,0.0,0.0,C1450133081,196949.7,493580.49,0,0
7,TRANSFER,81678.71,C1084423634,0.0,0.0,C1870252780,10776310.74,10857989.45,0,0
7,TRANSFER,88189.43,C959116000,0.0,0.0,C1339257929,473523.43,561712.86,0,0
7,TRANSFER,95178.13,C857581345,0.0,0.0,C97730845,14563175.12,14658353.25,0,0
7,CASH_OUT,150955.19,C177522915,0.0,0.0,C2059996587,171986.09,322941.28,0,0
7,TRANSFER,703911.36,C1274740515,48039.0,0.0,C1761353343,444.0,704355.36,0,0
7,TRANSFER,1379628.76,C1025979136,125704.0,0.0,C1034584766,0.0,1379628.76,0,0
7,TRANSFER,492198.86,C1072154748,70032.0,0.0,C811597470,27725.43,428593.84,0,0
7,CASH_OUT,92589.97,C26153568,0.0,0.0,C1345063038,306705.25,31831.51,0,0
7,CASH_OUT,42055.67,C2055269325,42361.33,305.66,C1457383927,1231782.7,1273838.38,0,0
7,CASH_OUT,261230.56,C57010927,305.66,0.0,C1515704208,9711909.04,9973139.6,0,0
7,CASH_OUT,35447.66,C1662807796,0.0,0.0,C1329589315,190013.31,225460.97,0,0
7,CASH_OUT,43721.63,C165851545,0.0,0.0,C1636786811,6735578.65,6779300.28,0,0
7,CASH_OUT,175230.37,C1950477803,0.0,0.0,C490150701,518275.09,693505.46,0,0
7,CASH_OUT,137197.06,C1491026718,0.0,0.0,C1313534832,868584.42,1005781.48,0,0
7,CASH_OUT,268149.38,C1479867711,0.0,0.0,C1336996537,573285.84,841435.22,0,0
7,CASH_OUT,285134.78,C1145496025,0.0,0.0,C1951379728,472644.23,757779.01,0,0
7,CASH_OUT,136032.35,C1058238991,0.0,0.0,C1883788127,182524.92,318557.28,0,0
7,CASH_OUT,258307.33,C502661440,0.0,0.0,C1286084959,7230364.46,7488671.79,0,0
7,CASH_OUT,239049.7,C1658116804,0.0,0.0,C976133979,398716.26,637765.96,0,0
7,CASH_OUT,211326.73,C300918638,0.0,0.0,C1450133081,282253.75,493580.49,0,0
7,CASH_OUT,151095.37,C902315094,0.0,0.0,C1234776885,4290370.56,4441465.94,0,0
7,CASH_OUT,69844.46,C412731310,0.0,0.0,C872592585,400950.32,532138.2,0,0
7,CASH_OUT,31980.86,C1558129795,0.0,0.0,C257999182,2518683.14,2324423.73,0,0
7,CASH_OUT,226443.9,C820458657,0.0,0.0,C1494895909,678941.54,905385.44,0,0
7,CASH_OUT,122859.05,C1153012839,0.0,0.0,C963383848,158782.22,281641.27,0,0
7,CASH_OUT,38040.24,C306941929,0.0,0.0,C1436136891,75837.12,113877.36,0,0
7,CASH_OUT,30030.44,C936706583,0.0,0.0,C875761527,362416.81,392447.25,0,0
7,CASH_OUT,133897.63,C1050573424,0.0,0.0,C1233454027,755218.12,889115.75,0,0
7,CASH_OUT,29066.84,C906808168,0.0,0.0,C373928166,99862.85,128929.7,0,0
7,CASH_OUT,344693.57,C2021011079,0.0,0.0,C977993101,1281611.38,1626304.94,0,0
7,CASH_OUT,141623.72,C1730956836,0.0,0.0,C872592585,470794.78,532138.2,0,0
7,CASH_OUT,235427.33,C715978059,0.0,0.0,C1850180796,7602515.57,7837942.9,0,0
7,TRANSFER,457008.04,C292568264,887.0,0.0,C1016689071,0.0,457008.04,0,0
7,TRANSFER,810479.77,C1875395688,341.0,0.0,C683605346,19972.0,830451.77,0,0
7,TRANSFER,595846.21,C1434796930,118425.71,0.0,C935612756,46257.07,642103.28,0,0
7,CASH_OUT,129079.67,C992155575,110282.59,0.0,C1782113663,1526674.03,1655753.7,0,0
7,CASH_OUT,80117.92,C1455581985,0.0,0.0,C1807896178,164242.82,244360.74,0,0
7,TRANSFER,138389.21,C1411151613,30286.0,0.0,C2127862399,0.0,138389.21,0,0
7,TRANSFER,436465.06,C1390694257,25838.0,0.0,C758750856,26547.0,463012.06,0,0
7,TRANSFER,340862.96,C1505720819,374713.0,33850.04,C1373172466,230983.35,571846.3,0,0
7,TRANSFER,154402.33,C1281769434,995.0,0.0,C979387846,15680.66,170082.99,0,0
7,CASH_OUT,55412.64,C973030433,337385.07,281972.44,C1183572822,90698.78,146111.42,0,0
7,CASH_OUT,263017.13,C2052683787,20289.0,0.0,C638590716,128929.73,333751.15,0,0
7,CASH_OUT,143860.31,C626183040,40520.2,0.0,C811597470,519924.29,428593.84,0,0
7,CASH_OUT,98848.63,C267081652,7151.0,0.0,C1434590943,12268.21,111116.84,0,0
7,TRANSFER,528013.15,C905962412,53884.0,0.0,C1028574311,777814.86,1305828.01,0,0
7,TRANSFER,228141.3,C1416807034,120863.0,0.0,C762570948,0.0,228141.3,0,0
7,CASH_OUT,11123.69,C1432043209,20813.0,9689.31,C553790651,21142.88,32266.57,0,0
7,TRANSFER,68814.9,C1455659337,106887.0,38072.1,C66893623,59824.59,128639.49,0,0
7,CASH_OUT,120142.49,C186826428,42244.79,0.0,C433115563,139480.44,259622.93,0,0
7,CASH_OUT,36600.63,C1157016655,0.0,0.0,C169904524,215766.61,252367.25,0,0
7,TRANSFER,162038.0,C112667746,68380.78,0.0,C1937294500,0.0,162038.0,0,0
7,CASH_OUT,6960.63,C766565657,278454.0,271493.37,C362023079,9674.0,16634.63,0,0
7,CASH_OUT,92924.64,C260890108,56231.0,0.0,C304528024,18472.0,0.0,0,0
7,CASH_OUT,107360.06,C26816520,4425.77,0.0,C1028574311,1305828.01,5141218.55,0,0
7,TRANSFER,49395.17,C1454577244,20521.0,0.0,C316486913,193.0,0.0,0,0
7,TRANSFER,636710.53,C86828392,135829.0,0.0,C1475998599,29680.0,1286372.45,0,0
7,TRANSFER,45656.63,C1004229504,2986.51,0.0,C1609562230,4515203.08,11087190.62,0,0
7,TRANSFER,273930.25,C509532371,51342.0,0.0,C1408337297,38709.0,175365.88,0,0
7,TRANSFER,702031.37,C1081587486,13090.0,0.0,C1635341595,6652.0,6191938.31,0,0
7,TRANSFER,618122.62,C311592722,41569.0,0.0,C2125012025,21174.0,371010.98,0,0
7,TRANSFER,603999.01,C85304558,1381.0,0.0,C1003872245,159949.0,114686.09,0,0
7,TRANSFER,247066.24,C976156057,12061.0,0.0,C490150701,693505.46,1983599.05,0,0
7,CASH_OUT,127433.52,C1428903833,18029.53,0.0,C683605346,830451.77,1371546.23,0,0
7,TRANSFER,80218.06,C597100475,20712.0,0.0,C1274461229,150.0,0.0,0,0
7,CASH_OUT,198823.6,C1384801340,9448.47,0.0,C1266035080,2026441.55,3232606.04,0,0
7,TRANSFER,1130828.97,C1469680626,146609.92,0.0,C1286084959,7488671.79,12959765.0,0,0
7,CASH_OUT,285656.95,C747199999,140821.4,0.0,C1603338883,56211.0,46968.69,0,0
7,CASH_OUT,53459.12,C928286087,0.0,0.0,C1850803964,70971.0,0.0,0,0
7,CASH_OUT,461511.97,C172499664,0.0,0.0,C184253187,4598815.2,10206620.58,0,0
7,CASH_OUT,541556.34,C772310098,0.0,0.0,C909295153,9092634.94,10946293.06,0,0
7,CASH_OUT,118750.48,C1208500937,0.0,0.0,C346008447,124748.0,1248456.29,0,0
7,CASH_OUT,93943.96,C1541639922,0.0,0.0,C1459757869,198348.0,4042386.17,0,0
7,CASH_OUT,251863.34,C276195836,0.0,0.0,C898762325,457497.0,0.0,0,0
7,CASH_OUT,102211.82,C2050381236,0.0,0.0,C1627965794,107611.0,1557376.47,0,0
7,CASH_OUT,6448.86,C1881296433,0.0,0.0,C1682264452,82520.0,0.0,0,0
7,CASH_OUT,135720.15,C930204377,0.0,0.0,C1217400138,301337.0,359950.01,0,0
7,CASH_OUT,413692.19,C1049202430,22680.51,0.0,C93518808,150264.0,0.0,0,0
7,CASH_OUT,303693.11,C127384820,0.0,0.0,C1636786811,6779300.28,14456269.9,0,0
7,TRANSFER,69635.1,C1425083484,1590.92,0.0,C1967017653,78985.19,171749.05,0,0
7,CASH_OUT,69299.64,C437893846,75641.0,6341.36,C912252532,41066.0,318681.9,0,0
7,TRANSFER,514750.17,C255964413,63019.95,0.0,C1849933855,2016.0,172707.34,0,0
7,CASH_OUT,290528.69,C486261710,0.0,0.0,C2057394816,345069.81,1655161.56,0,0
7,TRANSFER,1039778.19,C867911989,14230.4,0.0,C1479813516,10738.0,0.0,0,0
7,CASH_OUT,114837.89,C186415926,0.0,0.0,C346008447,243498.48,1248456.29,0,0
7,TRANSFER,398355.54,C83544669,118675.0,0.0,C657255537,497385.0,2036309.01,0,0
7,TRANSFER,840886.94,C1826083903,10046.0,0.0,C1653433120,51744.0,774383.4,0,0
7,TRANSFER,765639.59,C968373819,138036.0,0.0,C416519915,52136.82,65845.79,0,0
7,CASH_OUT,118577.0,C355447775,29655.84,0.0,C1343642221,212461.0,0.0,0,0
7,TRANSFER,246846.74,C47418566,1042.0,0.0,C676931970,35942.0,146457.68,0,0
7,TRANSFER,564581.34,C2060124480,12299.0,0.0,C2113508588,258886.0,0.0,0,0
7,TRANSFER,317806.64,C1021138110,10901.0,0.0,C1935506329,103168.0,0.0,0,0
7,TRANSFER,929560.4,C1329505805,150562.57,0.0,C1787868648,8171.0,15128076.87,0,0
7,TRANSFER,584124.34,C563103055,199009.0,0.0,C1621383518,12159.0,1190896.64,0,0
7,CASH_OUT,45447.15,C459023120,365.99,0.0,C1508631684,107777.0,104710.0,0,0
7,CASH_OUT,32500.9,C1968444456,0.0,0.0,C30079792,51622.0,1536473.0,0,0
7,TRANSFER,585352.48,C945113652,117202.37,0.0,C968448640,20966.38,3438487.71,0,0
7,TRANSFER,836758.63,C1563466959,84860.0,0.0,C1052170153,2323.0,151635.37,0,0
7,TRANSFER,472352.26,C841178080,6596.17,0.0,C11003494,15026180.08,15487289.9,0,0
7,CASH_OUT,178836.34,C954323652,6283.32,0.0,C1805683209,5876339.66,7428081.5,0,0
7,CASH_OUT,480586.86,C266737868,0.0,0.0,C977993101,1626304.94,3373302.83,0,0
7,TRANSFER,581780.99,C548454569,4296.54,0.0,C1787868648,937731.4,15128076.87,0,0
7,CASH_OUT,210066.44,C1528391146,0.0,0.0,C295372946,499000.92,472083.92,0,0
7,TRANSFER,1298848.87,C1053035032,8439.13,0.0,C1787868648,1519512.39,15128076.87,0,0
7,TRANSFER,731485.29,C751320808,0.0,0.0,C801142660,3504660.25,16408480.12,0,0
7,TRANSFER,2943845.35,C1360289756,0.0,0.0,C1262822392,17993742.14,22641471.24,0,0
7,TRANSFER,2861134.92,C1326904973,0.0,0.0,C991505714,5352935.74,13994753.4,0,0
7,TRANSFER,80485.6,C1369223613,0.0,0.0,C465257140,1078685.56,1761413.49,0,0
7,TRANSFER,19991.02,C1020193304,0.0,0.0,C1915624447,21586.0,17795.02,0,0
7,CASH_OUT,298799.54,C932023579,426690.68,127891.14,C1761353343,704355.36,5270364.19,0,0
7,CASH_OUT,423159.63,C61395726,127891.14,0.0,C1298316171,610479.0,749621.53,0,0
7,TRANSFER,613468.52,C129012340,52978.0,0.0,C1648214200,59956.0,130529.79,0,0
7,CASH_OUT,372942.88,C716949678,19900.77,0.0,C911380925,9947.0,348075.46,0,0
7,TRANSFER,458037.88,C698080447,0.0,0.0,C459172227,511318.0,2591462.11,0,0
7,CASH_OUT,80184.8,C847413359,1752.0,0.0,C1475395523,41304.43,147988.14,0,0
7,CASH_OUT,81469.92,C284500039,1957.03,0.0,C2040603986,384817.0,1930179.38,0,0
7,CASH_OUT,155717.05,C424629592,0.0,0.0,C1315729466,496381.0,803908.4,0,0
7,TRANSFER,178797.33,C336879403,31554.0,0.0,C1554540309,5652054.58,9235911.02,0,0
7,TRANSFER,59660.29,C969639517,24593.0,0.0,C1410669831,167.0,252392.49,0,0
7,CASH_OUT,249515.86,C195202331,0.0,0.0,C1797686173,254239.0,1474093.6,0,0
7,CASH_OUT,467481.03,C964449255,0.0,0.0,C1145835418,952478.33,1236584.82,0,0
7,CASH_OUT,387388.92,C1020775060,666682.71,279293.79,C914293025,1239108.91,2755264.61,0,0
7,TRANSFER,1315556.51,C1653980726,38960.2,0.0,C257999182,2324423.73,14960679.69,0,0
7,TRANSFER,1154104.37,C234458729,0.0,0.0,C766681183,13146711.0,17356500.26,0,0
7,TRANSFER,44461.84,C16431391,0.0,0.0,C309167705,558303.18,102587.94,0,0
7,TRANSFER,1719356.16,C14302379,0.0,0.0,C1636786811,7082993.39,14456269.9,0,0
7,TRANSFER,2153550.39,C1332823688,0.0,0.0,C935808590,12679862.3,18381668.73,0,0
7,TRANSFER,20862.07,C247071689,0.0,0.0,C1040847151,3538273.83,7984433.54,0,0
7,TRANSFER,599428.2,C1532850496,0.0,0.0,C476182975,783267.0,3671968.73,0,0
7,TRANSFER,72353.8,C171127268,0.0,0.0,C33524623,126232.09,1459243.0,0,0
7,TRANSFER,1174905.93,C1337156396,0.0,0.0,C801142660,4236145.54,16408480.12,0,0
7,TRANSFER,621032.74,C298419544,0.0,0.0,C675203915,777700.37,5398127.54,0,0
7,CASH_OUT,3387.85,C1242647123,20869.68,17481.83,C451433836,16148.0,0.0,0,0
7,CASH_OUT,34311.33,C429051494,8566.31,0.0,C578294406,272678.0,1909674.3,0,0
7,CASH_OUT,32123.94,C515387645,758.0,0.0,C577628476,41933.3,61767.63,0,0
7,TRANSFER,804308.42,C923032710,14550.0,0.0,C366015139,94651.0,4555236.24,0,0
7,TRANSFER,591779.39,C673081565,7080.0,0.0,C1286885448,102459.0,0.0,0,0
7,CASH_OUT,39554.84,C641649995,0.0,0.0,C1998750048,52256.0,553336.6,0,0
7,CASH_OUT,412605.77,C251447581,0.0,0.0,C1899073220,5632383.36,7366811.1,0,0
7,TRANSFER,678907.35,C880465164,10644.0,0.0,C978740207,117351.0,1428005.14,0,0
7,TRANSFER,485485.3,C495348201,3661.84,0.0,C667346055,10194649.73,17132106.53,0,0
7,TRANSFER,1097404.76,C87144317,0.0,0.0,C803116137,15651209.26,23768107.88,0,0
7,TRANSFER,340812.62,C1205080215,1265.0,0.0,C1501701470,10073.0,4463342.32,0,0
7,TRANSFER,168393.3,C1001304973,107168.0,0.0,C1556995360,0.0,158574.02,0,0
7,TRANSFER,789994.82,C1948618894,29724.0,0.0,C34231099,40172.0,0.0,0,0
7,TRANSFER,461344.77,C43411802,140535.0,0.0,C1163480574,31452.0,1798734.57,0,0
7,CASH_OUT,117254.52,C1219863424,23650.0,0.0,C1182148067,50771.0,0.0,0,0
7,CASH_OUT,108200.36,C29370682,0.0,0.0,C1069568462,1087007.58,845203.91,0,0
7,TRANSFER,21729.0,C1686905633,21729.0,0.0,C824421402,0.0,0.0,1,0
7,CASH_OUT,21729.0,C693427358,21729.0,0.0,C1101441872,27335.0,0.0,1,0
7,TRANSFER,517051.23,C1248664781,941711.0,424659.77,C219416103,5012.0,1530956.05,0,0
7,TRANSFER,616154.22,C912490602,288.0,0.0,C423580937,20317.0,12682009.97,0,0
7,CASH_OUT,143704.16,C1220280312,0.0,0.0,C991505714,8214070.65,13994753.4,0,0
7,TRANSFER,968033.2,C421297614,14596.0,0.0,C1065997164,6177.0,2826797.81,0,0
7,TRANSFER,346119.91,C694577502,3072.26,0.0,C1772085663,31685.0,188971.33,0,0
7,CASH_OUT,148947.17,C852887758,0.0,0.0,C849038219,413595.0,1337271.15,0,0
7,CASH_OUT,175207.25,C1480254471,9003.04,0.0,C39713115,244076.0,0.0,0,0
7,CASH_OUT,122312.38,C1999653946,9972.93,0.0,C929452805,412292.82,872104.29,0,0
7,CASH_OUT,67688.53,C931320294,0.0,0.0,C853932876,573514.06,380655.71,0,0
7,CASH_OUT,313077.82,C941035981,0.0,0.0,C531511436,662523.0,1230912.07,0,0
7,CASH_OUT,455406.52,C613652899,0.0,0.0,C716083600,1995598.25,7382990.5,0,0
7,CASH_OUT,484513.1,C1370968215,0.0,0.0,C1727565779,729718.0,7117684.54,0,0
7,CASH_OUT,435778.46,C1889253030,0.0,0.0,C1728766751,1033096.57,6385532.2,0,0
7,CASH_OUT,282015.74,C1879201793,0.0,0.0,C843774579,400835.0,899588.81,0,0
7,CASH_OUT,93514.34,C247457543,601324.87,507810.53,C1479813516,1050516.19,0.0,0,0
7,TRANSFER,417121.35,C314309022,20132.0,0.0,C2047373618,1198.0,0.0,0,0
7,CASH_OUT,244749.98,C104268516,66372.08,0.0,C2083562754,6385836.94,18123750.85,0,0
7,CASH_OUT,104222.23,C11458750,0.0,0.0,C861958315,105946.89,531628.29,0,0
7,TRANSFER,135356.28,C518948956,33038.0,0.0,C543634584,21480.0,0.0,0,0
7,TRANSFER,14275.08,C360405502,990.0,0.0,C1354725727,770830.57,4529886.44,0,0
7,CASH_OUT,44970.28,C308195913,4413.96,0.0,C796028148,688.0,536073.63,0,0
7,TRANSFER,401345.69,C396113647,50499.0,0.0,C199582547,3746.0,0.0,0,0
7,TRANSFER,573581.36,C1527894041,136241.0,0.0,C1825389809,132157.0,1077837.29,0,0
7,TRANSFER,1068093.31,C1766011135,38916.0,0.0,C1434389049,31212.0,0.0,0,0
7,CASH_OUT,432548.66,C152533088,12512.97,0.0,C2127862399,138389.21,1388195.29,0,0
7,TRANSFER,629259.17,C2110274435,0.0,0.0,C1504109395,2554285.76,4324988.42,0,0
7,CASH_OUT,126719.5,C2016368303,25873.0,0.0,C929452805,534605.2,872104.29,0,0
7,TRANSFER,110057.99,C588506478,67107.0,0.0,C1354183876,0.0,287722.96,0,0
7,CASH_OUT,16121.79,C648533844,52084.0,35962.21,C127252077,147293.76,309837.2,0,0
7,CASH_OUT,20752.77,C1350082590,20539.0,0.0,C79685693,0.0,670941.67,0,0
7,TRANSFER,458380.89,C1194204975,829.0,0.0,C1761353343,1003154.9,5270364.19,0,0
7,CASH_OUT,74032.66,C2115622555,51218.82,0.0,C410033330,161722.17,78487.87,0,0
7,CASH_OUT,125802.97,C581069777,0.0,0.0,C1060041730,916266.8,16532032.16,0,0
7,CASH_OUT,507127.44,C873099730,0.0,0.0,C366015139,898959.42,4555236.24,0,0
7,CASH_OUT,161789.69,C32936035,0.0,0.0,C1501701470,350885.62,4463342.32,0,0
7,CASH_OUT,1365.97,C837493704,0.0,0.0,C1588901702,675577.0,2320452.13,0,0
7,CASH_OUT,209887.2,C2505415,0.0,0.0,C1619402333,2258295.49,5810930.82,0,0
7,CASH_OUT,348029.5,C1740988400,0.0,0.0,C1303868418,5597078.49,10007761.88,0,0
7,CASH_OUT,264335.16,C1384492771,0.0,0.0,C2040603986,466286.92,1930179.38,0,0
7,TRANSFER,5460002.91,C666654362,5460002.91,0.0,C1726301214,0.0,0.0,1,0
7,CASH_OUT,5460002.91,C1588880909,5460002.91,0.0,C1570256460,0.0,9281535.44,1,0
7,TRANSFER,505484.07,C1097965321,8437.0,0.0,C413177525,0.0,3489392.77,0,0
7,TRANSFER,260113.13,C1349750372,0.0,0.0,C309167705,507810.53,102587.94,0,0
7,TRANSFER,192786.84,C2030201697,10845.0,0.0,C836514715,1289357.76,2511051.14,0,0
7,TRANSFER,554865.85,C1515971318,1253.0,0.0,C1196694338,11558.0,212911.64,0,0
7,CASH_OUT,100449.07,C441422253,222739.14,122290.08,C1933965693,421984.74,2074668.33,0,0
7,CASH_OUT,395740.76,C2059638742,0.0,0.0,C1028574311,1413188.07,5141218.55,0,0
7,CASH_OUT,465013.97,C1348000346,14262.42,0.0,C1169903663,649723.0,2312335.17,0,0
7,TRANSFER,93499.66,C1665846986,1264485.25,1170985.59,C1396297158,199098.0,185524.89,0,0
7,TRANSFER,2316902.39,C1606705685,1170985.59,0.0,C1505755152,6647680.95,14646239.59,0,0
7,TRANSFER,2301415.25,C1290500300,0.0,0.0,C453211571,5214288.59,9831503.72,0,0
7,TRANSFER,455496.65,C1034899044,0.0,0.0,C306206744,7329355.45,9637803.63,0,0
7,TRANSFER,819441.7,C136768389,0.0,0.0,C170899621,7569059.16,10464208.87,0,0
7,TRANSFER,782274.42,C1955521630,114294.0,0.0,C1746150957,113988.19,262823.5,0,0
7,CASH_OUT,203230.58,C580445650,11533.0,0.0,C2128665553,48413.0,262835.22,0,0
7,TRANSFER,246439.06,C1829156287,593933.0,347493.94,C1277694634,12211.0,425085.65,0,0
7,TRANSFER,369295.21,C851273176,10684.0,0.0,C1954751748,3028.0,738409.98,0,0
7,TRANSFER,161067.02,C1791919485,340576.0,179508.98,C232834050,0.0,155491.95,0,0
7,CASH_OUT,347205.56,C1315421994,0.0,0.0,C1615804266,522428.46,4512194.13,0,0
7,CASH_OUT,221087.88,C1344028406,0.0,0.0,C345603257,925605.0,9917629.77,0,0
7,CASH_OUT,165507.3,C1214031634,0.0,0.0,C1494895909,905385.44,1362678.43,0,0
7,CASH_OUT,34329.61,C861361568,0.0,0.0,C373415859,102287.0,184532.58,0,0
7,CASH_OUT,230547.04,C1085944335,0.0,0.0,C2145942542,359869.33,226184.3,0,0
7,CASH_OUT,191386.22,C1902137184,0.0,0.0,C582320549,201502.0,1382676.85,0,0
7,CASH_OUT,78658.29,C1554580073,0.0,0.0,C1661048214,79617.0,141652.86,0,0
7,CASH_OUT,215344.3,C1432004105,0.0,0.0,C1954751748,372323.21,738409.98,0,0
7,CASH_OUT,230972.18,C1147260135,0.0,0.0,C1060041730,1042069.77,16532032.16,0,0
7,CASH_OUT,166483.05,C931762244,0.0,0.0,C2063763486,171172.6,610701.41,0,0
7,CASH_OUT,233656.54,C589788822,0.0,0.0,C1849933855,516766.17,172707.34,0,0
7,CASH_OUT,103478.46,C600696341,0.0,0.0,C9916873,195285.0,790472.9,0,0
7,CASH_OUT,87126.99,C1770066047,0.0,0.0,C373928166,128929.7,20427.19,0,0
7,CASH_OUT,84416.9,C309438139,0.0,0.0,C1273939873,360353.0,1525464.32,0,0
7,CASH_OUT,11647.48,C175825317,0.0,0.0,C603023442,31174.0,15991.49,0,0
7,CASH_OUT,249989.97,C1187730353,0.0,0.0,C1635341595,708683.37,6191938.31,0,0
7,CASH_OUT,191162.18,C665367039,0.0,0.0,C789195255,370106.0,839166.91,0,0
7,CASH_OUT,114680.03,C955486159,0.0,0.0,C248609774,6779118.04,13033871.02,0,0
7,CASH_OUT,59392.35,C1700345533,0.0,0.0,C1247600089,82238.0,6965916.76,0,0
7,CASH_OUT,111290.78,C2031331196,0.0,0.0,C952610115,502723.0,278135.86,0,0
7,CASH_OUT,53789.76,C458675944,0.0,0.0,C1016689071,457008.04,1024005.37,0,0
7,CASH_OUT,89450.86,C1065336762,0.0,0.0,C1049804269,253327.0,905142.44,0,0
7,CASH_OUT,71585.64,C331319862,0.0,0.0,C2145041211,171550.98,143252.84,0,0
7,CASH_OUT,232661.42,C2012473210,0.0,0.0,C1060041730,1273041.95,16532032.16,0,0
7,CASH_OUT,210814.54,C1514118906,0.0,0.0,C1315729466,652098.05,803908.4,0,0
7,CASH_OUT,194890.11,C411007080,0.0,0.0,C667504652,285932.0,2175372.0,0,0
7,CASH_OUT,234671.63,C2004795243,0.0,0.0,C1504109395,3183544.93,4324988.42,0,0
7,CASH_OUT,426280.15,C526274249,0.0,0.0,C125722707,779659.14,1188993.0,0,0
7,CASH_OUT,40613.87,C959503254,0.0,0.0,C1039865382,159698.0,326496.58,0,0
7,CASH_OUT,366371.09,C1525635296,0.0,0.0,C1359484306,889053.15,7364724.84,0,0
7,CASH_OUT,82828.35,C1491611953,0.0,0.0,C2007792854,95712.0,539670.33,0,0
7,CASH_OUT,413101.04,C900531427,0.0,0.0,C289039926,1610328.43,0.0,0,0
7,CASH_OUT,210065.03,C184456619,0.0,0.0,C1406749291,434239.0,1357168.27,0,0
7,CASH_OUT,82096.41,C720823372,0.0,0.0,C1300183775,107716.0,232493.54,0,0
7,CASH_OUT,183401.54,C856570266,0.0,0.0,C551545010,247798.0,692434.8,0,0
7,CASH_OUT,234420.64,C1851373828,0.0,0.0,C717951588,238567.79,989801.23,0,0
7,CASH_OUT,113631.7,C284437161,0.0,0.0,C1529115495,234087.07,2956183.79,0,0
7,CASH_OUT,11505.89,C230516863,0.0,0.0,C787033725,1640349.09,4547905.63,0,0
7,CASH_OUT,165651.69,C1337803451,0.0,0.0,C1778801068,8680195.01,11835842.92,0,0
7,CASH_OUT,294650.88,C1821332433,0.0,0.0,C801142660,5411051.47,16408480.12,0,0
7,CASH_OUT,171161.48,C1562353035,0.0,0.0,C691636444,900090.0,4439070.28,0,0
7,CASH_OUT,71711.34,C990378183,0.0,0.0,C2113748097,649298.27,1409734.26,0,0
7,CASH_OUT,222190.68,C512417158,0.0,0.0,C1671179293,669932.79,686937.33,0,0
7,CASH_OUT,37100.48,C143459421,0.0,0.0,C1247658278,664617.0,1133629.28,0,0
7,CASH_OUT,28713.03,C702489346,0.0,0.0,C1289453529,57884.0,136750.07,0,0
7,CASH_OUT,176404.56,C765077310,0.0,0.0,C2036762590,234411.0,987490.04,0,0
7,CASH_OUT,5708.65,C1697954278,0.0,0.0,C904861071,31039.0,0.0,0,0
7,CASH_OUT,94757.48,C92010225,0.0,0.0,C349015546,107066.0,1784885.44,0,0
7,CASH_OUT,24433.25,C1433145967,0.0,0.0,C127252077,163415.55,309837.2,0,0
7,CASH_OUT,85079.37,C699624491,0.0,0.0,C1475395523,121489.23,147988.14,0,0
7,CASH_OUT,111468.41,C1770527602,0.0,0.0,C705265015,460050.16,55845.9,0,0
7,CASH_OUT,33318.17,C857650380,0.0,0.0,C405804899,67068.0,26642.91,0,0
7,CASH_OUT,32460.88,C114571178,0.0,0.0,C1334272276,49238.0,220712.61,0,0
7,CASH_OUT,5747.2,C884261231,0.0,0.0,C1619282151,25674.0,88947.02,0,0
7,CASH_OUT,442300.06,C491659008,0.0,0.0,C1354725727,785105.65,4529886.44,0,0
7,CASH_OUT,104615.13,C1538285745,0.0,0.0,C2040603986,730622.08,1930179.38,0,0
7,CASH_OUT,298259.74,C2097050890,0.0,0.0,C1721246982,2575739.64,8953314.93,0,0
7,CASH_OUT,151698.57,C1533380014,168661.0,16962.43,C1261940766,268054.0,129579.09,0,0
7,CASH_OUT,154934.38,C548304840,9995.96,0.0,C861720625,206604.0,1752674.41,0,0
7,CASH_OUT,155223.39,C1243608583,111.0,0.0,C51626955,32142.0,1129092.65,0,0
7,CASH_OUT,258522.98,C495896897,0.0,0.0,C1538961175,339544.0,0.0,0,0
7,TRANSFER,286943.52,C672447289,2380.0,0.0,C1446521801,6129845.09,11698172.69,0,0
7,TRANSFER,113114.68,C1159805856,1159.0,0.0,C1954751748,587667.51,738409.98,0,0
7,TRANSFER,544536.24,C1028218889,29999.0,0.0,C62593131,10468.0,208013.13,0,0
7,CASH_OUT,1070.13,C1912188987,1419959.36,1418889.24,C128870695,14079522.95,14456678.26,0,0
7,CASH_OUT,432476.85,C1255348633,1418889.24,986412.38,C977993101,2106891.8,3373302.83,0,0
7,TRANSFER,358110.78,C1580825201,713.0,0.0,C372017580,837226.0,4122268.38,0,0
7,CASH_OUT,72414.71,C1175443716,20162.0,0.0,C423580937,636471.22,12682009.97,0,0
7,CASH_OUT,194799.84,C571654982,119.17,0.0,C2063763486,337655.65,610701.41,0,0
7,TRANSFER,442758.45,C1820655018,20256.0,0.0,C1549086472,0.0,801366.03,0,0
7,CASH_OUT,166607.58,C984041165,0.0,0.0,C1327907419,439795.81,1204577.24,0,0
7,TRANSFER,454463.49,C2038412674,10743.0,0.0,C1805445027,39764.0,0.0,0,0
7,CASH_OUT,173258.28,C158544997,111182.0,0.0,C767544292,410897.0,46364.32,0,0
7,TRANSFER,585749.39,C1699101571,13810.93,0.0,C242131142,7965.05,58521.62,0,0
7,CASH_OUT,28094.03,C62775994,0.0,0.0,C35263828,104226.0,0.0,0,0
7,TRANSFER,12655.46,C1906236265,14534.0,1878.54,C945327594,0.0,33383.17,0,0
7,CASH_OUT,270635.99,C1233913425,102973.21,0.0,C667346055,10680135.03,17132106.53,0,0
7,TRANSFER,149059.17,C283900751,510404.0,361344.83,C2036926986,5870.0,45538.4,0,0
7,TRANSFER,172317.33,C1599468504,0.0,0.0,C580441921,317268.0,1278933.03,0,0
7,CASH_OUT,172271.62,C688373515,0.0,0.0,C1588318071,206991.0,0.0,0,0
7,CASH_OUT,381194.72,C1100251915,0.0,0.0,C703957828,422049.0,4327929.06,0,0
7,CASH_OUT,288041.32,C1491418151,0.0,0.0,C1085479446,346139.62,1423850.27,0,0
7,TRANSFER,45402.17,C1756864819,167413.0,122010.83,C760563749,0.0,243495.26,0,0
7,CASH_OUT,42190.57,C85624364,51073.63,8883.06,C991505714,8357774.81,13994753.4,0,0
7,CASH_OUT,137664.09,C1357133367,8883.06,0.0,C1234059684,588891.42,588641.6,0,0
7,TRANSFER,313365.02,C983556308,407.0,0.0,C329829198,11094.0,5102121.72,0,0
7,CASH_OUT,135854.4,C1150574999,0.0,0.0,C1181708889,140135.0,684138.15,0,0
7,TRANSFER,386540.33,C1982208187,21374.0,0.0,C1938348365,19818.0,854916.91,0,0
7,TRANSFER,351301.51,C68748013,10884.0,0.0,C522632546,25726.0,1210658.29,0,0
7,TRANSFER,621098.47,C1300093979,44951.16,0.0,C1856036778,661477.0,13688613.94,0,0
7,CASH_OUT,148814.86,C1934412679,16762.66,0.0,C306206744,7784852.1,9637803.63,0,0
7,TRANSFER,152344.04,C1456077639,49560.0,0.0,C2043257128,79506.0,0.0,0,0
7,CASH_OUT,320481.31,C674190226,27761.66,0.0,C1705929636,0.0,228714.72,0,0
7,CASH_OUT,205811.8,C1512946355,195.0,0.0,C219913687,101808.0,858972.95,0,0
7,TRANSFER,293745.25,C231617596,36107.0,0.0,C2109470512,0.0,6787849.45,0,0
7,TRANSFER,224214.26,C1854210091,107440.0,0.0,C1009195400,0.0,96262.11,0,0
7,TRANSFER,280694.93,C323203128,31438.0,0.0,C1502143342,47068.0,506053.47,0,0
7,CASH_OUT,304048.04,C2062915095,20275.0,0.0,C534662976,0.0,116168.96,0,0
7,CASH_OUT,214185.34,C1668543966,54898.0,0.0,C1340904400,31067.0,0.0,0,0
7,TRANSFER,192849.29,C1181373061,26298.0,0.0,C545707113,0.0,15719.79,0,0
7,TRANSFER,354667.89,C1637956318,15715.0,0.0,C1465478513,908.0,225167.61,0,0
7,CASH_OUT,424136.95,C1976283669,0.0,0.0,C526035976,613584.0,404380.68,0,0
7,CASH_OUT,53962.0,C415511173,0.0,0.0,C141213117,413219.0,0.0,0,0
7,TRANSFER,576234.57,C114787065,121261.0,0.0,C1036454560,11406.0,0.0,0,0
7,TRANSFER,218539.52,C706369509,6427.0,0.0,C1182461167,0.0,2329693.31,0,0
7,TRANSFER,1020207.06,C1124897607,21738.85,0.0,C863811613,1328510.04,14247328.87,0,0
7,TRANSFER,610912.97,C610554977,714.0,0.0,C151400576,41294.0,1276550.33,0,0
7,CASH_OUT,206619.06,C2141655281,134.0,0.0,C1440325059,423000.44,2156169.36,0,0
7,CASH_OUT,87436.99,C862162495,9072.0,0.0,C1207178960,157327.75,240727.2,0,0
7,TRANSFER,394011.3,C1905811488,30586.0,0.0,C382934088,4016.0,1030696.9,0,0
7,TRANSFER,418477.87,C2138448723,41848.13,0.0,C716442925,1051.0,4271358.73,0,0
7,CASH_OUT,362901.1,C1688160502,131632.78,0.0,C1842297286,553945.0,0.0,0,0
7,CASH_OUT,21098.49,C998380779,81092.0,59993.51,C1803078638,9239.0,401570.48,0,0
7,TRANSFER,596861.13,C633611157,11085.0,0.0,C1487669283,0.0,2349962.91,0,0
7,CASH_OUT,8627.32,C861078454,19946.0,11318.68,C464345779,8216.0,16843.32,0,0
7,CASH_OUT,247202.14,C728553590,2111.47,0.0,C1894575391,290799.0,3443379.49,0,0
7,TRANSFER,183353.82,C1320998364,15424.0,0.0,C2033711470,30487.0,370146.12,0,0
7,CASH_OUT,106696.42,C1256767272,273874.0,167177.58,C899625985,0.0,0.0,0,0
7,TRANSFER,101702.35,C35005153,13187.0,0.0,C1525409936,0.0,122617.61,0,0
7,TRANSFER,135457.75,C182523154,55242.0,0.0,C1761865559,298.0,0.0,0,0
7,CASH_OUT,125848.94,C267976223,246277.27,120428.33,C1262016786,197147.0,198601.85,0,0
7,TRANSFER,183250.54,C1192313527,70463.93,0.0,C1474120649,33659.0,23013.03,0,0
7,CASH_OUT,262672.42,C1706440361,6591.3,0.0,C1746150957,896262.61,262823.5,0,0
7,CASH_OUT,55194.12,C1082694913,1092234.24,1037040.13,C1874138331,39991.0,0.0,0,0
7,CASH_OUT,153144.67,C1492087849,15769.0,0.0,C1384149246,85.0,379333.69,0,0
7,TRANSFER,669084.89,C2030022858,0.0,0.0,C772070337,177.0,0.0,0,0
7,CASH_OUT,263974.26,C71808371,0.0,0.0,C1479813516,1144030.53,0.0,0,0
7,CASH_OUT,99856.81,C1700890775,57270.0,0.0,C425298744,210074.0,0.0,0,0
7,TRANSFER,22525.72,C606434255,28949.0,6423.28,C23426726,11170.0,33695.72,0,0
7,CASH_OUT,461957.47,C772103506,3123.39,0.0,C667346055,10950771.03,17132106.53,0,0
7,TRANSFER,1076787.83,C95553305,6013.0,0.0,C1628737580,0.0,875254.1,0,0
7,TRANSFER,338528.85,C771785986,596.0,0.0,C1917105166,73945.0,0.0,0,0
7,TRANSFER,150938.41,C1871454898,480626.37,329687.96,C378081024,33175.17,828631.98,0,0
7,CASH_OUT,181040.62,C1166967508,329687.96,148647.34,C1207178960,244764.74,240727.2,0,0
7,CASH_OUT,112522.86,C845966017,5033.0,0.0,C2029310301,3843.6,1315451.65,0,0
7,CASH_OUT,131956.33,C882260291,0.0,0.0,C71555810,960188.98,318323.43,0,0
7,CASH_OUT,27773.14,C1214753381,0.0,0.0,C1185567380,151360.0,36565.34,0,0
7,CASH_OUT,332545.08,C1208686227,0.0,0.0,C935808590,14833412.69,18381668.73,0,0
7,CASH_OUT,331392.9,C1139543842,0.0,0.0,C1220897602,766023.0,10388904.22,0,0
7,CASH_OUT,54306.51,C1186298429,0.0,0.0,C909295153,9634191.29,10946293.06,0,0
7,CASH_OUT,82870.06,C871678988,0.0,0.0,C1982740534,106408.0,319066.74,0,0
7,CASH_OUT,227626.61,C593228655,0.0,0.0,C1504109395,3418216.56,4324988.42,0,0
7,CASH_OUT,264388.17,C15564089,0.0,0.0,C405881980,392128.01,3078509.79,0,0
7,CASH_OUT,444890.24,C1835305867,0.0,0.0,C151400576,652206.97,1276550.33,0,0
7,CASH_OUT,452538.24,C2015749775,0.0,0.0,C1423992712,9689179.38,13803333.72,0,0
7,CASH_OUT,222036.14,C68788847,0.0,0.0,C767544292,584155.28,46364.32,0,0
7,CASH_OUT,79673.72,C1870005088,0.0,0.0,C455218098,402202.0,0.0,0,0
7,CASH_OUT,158784.29,C646444502,0.0,0.0,C798678484,2084795.89,3249604.9,0,0
7,CASH_OUT,37094.63,C1908506135,0.0,0.0,C832279283,47921.23,231746.48,0,0
7,CASH_OUT,30447.35,C948084890,0.0,0.0,C2013091073,49766.0,0.0,0,0
7,CASH_OUT,138227.14,C1739639273,0.0,0.0,C1917105166,412473.85,0.0,0,0
7,CASH_OUT,146219.48,C2122361228,0.0,0.0,C1956477953,295226.09,0.0,0,0
7,CASH_OUT,77053.84,C80433549,0.0,0.0,C599726537,343211.0,528200.34,0,0
7,CASH_OUT,58569.06,C694200318,0.0,0.0,C311662903,81606.0,0.0,0,0
7,CASH_OUT,159440.74,C1216273594,0.0,0.0,C1333404258,251171.0,0.0,0,0
7,CASH_OUT,87959.21,C868860144,0.0,0.0,C1141049797,176335.0,1404288.87,0,0
7,CASH_OUT,143107.12,C1842391101,0.0,0.0,C978740207,796258.35,1428005.14,0,0
7,CASH_OUT,65563.08,C1101249838,0.0,0.0,C1070146065,200766.0,457426.18,0,0
7,CASH_OUT,335382.77,C2131112620,0.0,0.0,C1671179293,892123.47,686937.33,0,0
7,CASH_OUT,188489.01,C37069820,0.0,0.0,C1891834647,192391.91,193463.03,0,0
7,TRANSFER,604352.69,C1870933697,33404.0,0.0,C1347890180,567.0,85026.63,0,0
7,TRANSFER,590514.54,C517323317,292.0,0.0,C459857341,11932.35,542963.38,0,0
7,TRANSFER,1292069.69,C1780862882,29507.06,0.0,C2011996123,1906158.59,9264344.9,0,0
7,TRANSFER,906937.39,C2027645838,0.0,0.0,C988138425,983714.0,4310701.91,0,0
7,TRANSFER,1286043.09,C572037439,0.0,0.0,C1778801068,8845846.7,11835842.92,0,0
7,TRANSFER,875962.31,C2054357976,0.0,0.0,C665576141,6465767.14,14786300.22,0,0
7,TRANSFER,854862.16,C1047497707,0.0,0.0,C1787868648,2818361.27,15128076.87,0,0
7,TRANSFER,991772.38,C499847347,0.0,0.0,C935808590,15165957.77,18381668.73,0,0
7,TRANSFER,36511.67,C2080154452,0.0,0.0,C942226723,41308.0,0.0,0,0
7,TRANSFER,89962.38,C426971696,0.0,0.0,C373928166,216056.69,20427.19,0,0
7,TRANSFER,859671.84,C1526854182,0.0,0.0,C248609774,6893798.07,13033871.02,0,0
7,TRANSFER,107763.89,C503988093,0.0,0.0,C755355682,108139.0,349159.65,0,0
7,TRANSFER,1259217.34,C15915499,0.0,0.0,C248609774,7753469.9,13033871.02,0,0
7,TRANSFER,432170.15,C26323287,0.0,0.0,C1797686173,503754.86,1474093.6,0,0
7,TRANSFER,486523.99,C1431694209,0.0,0.0,C872592585,532138.2,2265853.97,0,0
7,TRANSFER,343369.3,C451663745,0.0,0.0,C1621383518,596283.34,1190896.64,0,0
7,TRANSFER,11494.72,C205551798,0.0,0.0,C1181733275,340262.0,54458.08,0,0
7,TRANSFER,334693.87,C9941880,0.0,0.0,C1262822392,20937587.49,22641471.24,0,0
7,TRANSFER,249214.41,C2061785352,0.0,0.0,C1894575391,538001.14,3443379.49,0,0
7,TRANSFER,632033.35,C277443105,20218.0,0.0,C1982828534,0.0,1912526.2,0,0
7,TRANSFER,736191.4,C1938667057,20973.0,0.0,C1317731757,28330.5,322519.15,0,0
7,CASH_OUT,284510.68,C1464838154,0.0,0.0,C914293025,1626497.83,2755264.61,0,0
7,TRANSFER,403951.98,C580933160,46689.0,0.0,C1491676195,432942.54,1800557.56,0,0
7,CASH_OUT,135777.06,C1621783367,13707.0,0.0,C85102332,5827.0,537185.56,0,0
7,TRANSFER,440301.55,C70518662,504530.0,64228.45,C1149273771,43356.24,6347068.5,0,0
7,CASH_OUT,62061.61,C617915401,166072.19,104010.58,C1474120649,216909.54,23013.03,0,0
7,TRANSFER,350127.97,C128855442,31737.82,0.0,C726762476,70682.37,255127.82,0,0
7,CASH_OUT,12128.6,C106636674,0.0,0.0,C50317758,15956.0,0.0,0,0
7,CASH_OUT,183075.73,C724714293,101418.0,0.0,C221632586,82748.0,0.0,0,0
7,CASH_OUT,234439.41,C1739894898,15233.27,0.0,C295372946,709067.37,472083.92,0,0
7,CASH_OUT,161349.9,C2091197707,362544.0,201194.1,C777790557,0.0,54958.06,0,0
7,TRANSFER,609783.23,C142959117,34781.0,0.0,C1076835071,63012.65,2161457.75,0,0
7,TRANSFER,86005.87,C848779808,19834.0,0.0,C1945802665,206872.0,1471945.15,0,0
7,CASH_OUT,317213.98,C1037963083,0.0,0.0,C1477979030,10780596.35,11875848.5,0,0
7,TRANSFER,563689.92,C3257569,22808.34,0.0,C1209271652,0.0,1488576.94,0,0
7,TRANSFER,497197.67,C1890986276,9924.0,0.0,C1311325237,61716.0,5465400.62,0,0
7,CASH_OUT,263970.64,C1970948345,38922.82,0.0,C884262954,288757.0,3043577.11,0,0
7,CASH_OUT,64195.58,C1893417330,2110.9,0.0,C1144318801,127030.0,0.0,0,0
7,CASH_OUT,468596.43,C2036406021,0.0,0.0,C345603257,1146692.88,9917629.77,0,0
7,CASH_OUT,130170.13,C1394280842,0.0,0.0,C1031639563,661357.0,5739012.22,0,0
7,CASH_OUT,111651.06,C1321268078,355690.69,244039.63,C1161865950,29256.0,2076683.64,0,0
7,CASH_OUT,29433.2,C2102233821,244039.63,214606.43,C952876299,47868.0,0.0,0,0
7,CASH_OUT,173115.79,C227038490,31347.0,0.0,C444920847,43708.94,107074.77,0,0
7,TRANSFER,747998.54,C264425599,175884.93,0.0,C1233191588,52677.0,0.0,0,0
7,CASH_OUT,42127.06,C1981647392,34887.0,0.0,C461640598,126583.0,11547845.68,0,0
7,CASH_OUT,454129.67,C682227570,93259.62,0.0,C481402298,3885428.17,8144736.91,0,0
7,CASH_OUT,164672.33,C1704496975,1424.93,0.0,C2052185144,947554.33,951130.52,0,0
7,CASH_OUT,220602.97,C551027852,16426.0,0.0,C1628737580,1076787.83,875254.1,0,0
7,TRANSFER,233296.4,C964389101,184985.0,0.0,C410816406,736.0,0.0,0,0
7,TRANSFER,141011.62,C1715442810,42452.0,0.0,C1723463463,23040.0,113248.95,0,0
7,CASH_OUT,177637.8,C887608263,0.0,0.0,C1298316171,1033638.63,749621.53,0,0
7,TRANSFER,446584.73,C558279906,100582.0,0.0,C1615443145,11680.0,2907944.14,0,0
7,TRANSFER,307555.83,C644298692,1070892.74,763336.9,C724821526,0.0,440324.4,0,0
7,TRANSFER,33803.19,C974286189,763336.9,729533.72,C782432613,235512.0,561064.37,0,0
7,CASH_OUT,310072.69,C294308211,226281.24,0.0,C1408337297,312639.25,175365.88,0,0
7,TRANSFER,378993.85,C1582921957,10660.0,0.0,C1645903235,54791.0,31924.63,0,0
7,TRANSFER,448242.98,C1165674253,145428.62,0.0,C405881980,656516.18,3078509.79,0,0
7,TRANSFER,322464.5,C1483430324,25475.0,0.0,C344247127,125807.0,0.0,0,0
7,TRANSFER,739813.54,C428579363,0.0,0.0,C1856036778,1282575.47,13688613.94,0,0
7,CASH_OUT,299997.55,C847371359,36869.82,0.0,C1894575391,787215.55,3443379.49,0,0
7,CASH_OUT,72043.59,C1392581421,0.0,0.0,C33524623,198585.89,1459243.0,0,0
7,CASH_OUT,549890.25,C1510983373,0.0,0.0,C1515704208,9973139.6,15505523.11,0,0
7,CASH_OUT,25196.04,C285249653,0.0,0.0,C713961699,39340.68,0.0,0,0
7,CASH_OUT,46433.51,C761255214,0.0,0.0,C158876320,104901.0,2984846.84,0,0
7,CASH_OUT,156138.02,C1994161115,0.0,0.0,C1060041730,1505703.37,16532032.16,0,0
7,CASH_OUT,85401.81,C1380049507,0.0,0.0,C531511436,975600.82,1230912.07,0,0
7,CASH_OUT,275196.32,C1205289830,0.0,0.0,C1207178960,425805.36,240727.2,0,0
7,CASH_OUT,90566.06,C351406103,0.0,0.0,C265845794,645068.66,3060592.01,0,0
7,CASH_OUT,190258.63,C23440369,0.0,0.0,C1621383518,939652.64,1190896.64,0,0
7,CASH_OUT,13469.46,C1558844228,0.0,0.0,C500153041,157465.0,212257.37,0,0
7,CASH_OUT,115724.12,C559654860,0.0,0.0,C306285887,269883.0,1458658.26,0,0
7,CASH_OUT,33576.35,C627941696,0.0,0.0,C758750856,463012.06,945056.48,0,0
7,CASH_OUT,101739.65,C167488575,0.0,0.0,C413177525,505484.07,3489392.77,0,0
7,CASH_OUT,290084.83,C92794487,0.0,0.0,C1286084959,8300755.73,12959765.0,0,0
7,CASH_OUT,120246.43,C2032028876,0.0,0.0,C1359484306,1255424.24,7364724.84,0,0
7,CASH_OUT,208419.78,C833721614,0.0,0.0,C114618982,671625.55,206147.08,0,0
7,CASH_OUT,65222.52,C1711234387,0.0,0.0,C372017580,1195336.78,4122268.38,0,0
7,CASH_OUT,51649.08,C1597105101,0.0,0.0,C1865370526,60607.0,83658.63,0,0
7,CASH_OUT,161904.51,C1413655755,0.0,0.0,C219913687,307619.8,858972.95,0,0
7,CASH_OUT,146558.24,C1776700072,0.0,0.0,C1541385794,202850.0,47342.1,0,0
7,CASH_OUT,404233.2,C1995216642,0.0,0.0,C306206744,7337075.9,9637803.63,0,0
7,CASH_OUT,80977.97,C286791577,414.0,0.0,C2046578329,19340.53,156065.37,0,0
7,CASH_OUT,216031.85,C1098211719,0.0,0.0,C1948471365,814471.57,4628857.24,0,0
7,TRANSFER,2283519.94,C876744147,0.0,0.0,C1360767589,6712636.97,18482735.85,0,0
7,TRANSFER,1129025.89,C1590770565,0.0,0.0,C1034584766,1379628.76,7164410.37,0,0
7,TRANSFER,378197.48,C1911215792,0.0,0.0,C1003872245,763948.01,114686.09,0,0
7,TRANSFER,1060923.35,C802348124,0.0,0.0,C1354725727,1227405.72,4529886.44,0,0
7,TRANSFER,1125081.99,C190476512,0.0,0.0,C803116137,16748614.03,23768107.88,0,0
7,TRANSFER,123078.15,C1551920925,10379.0,0.0,C578102596,0.0,229219.73,0,0
7,TRANSFER,951655.0,C145157816,0.0,0.0,C1013700132,1431686.33,4619940.36,0,0
7,TRANSFER,1588560.25,C1343639685,0.0,0.0,C40075281,1674676.75,7088323.13,0,0
7,TRANSFER,11216.6,C1771780052,0.0,0.0,C123428105,16669.0,0.0,0,0
7,TRANSFER,902316.95,C1129742282,0.0,0.0,C1504109395,3645843.17,4324988.42,0,0
7,TRANSFER,1104078.54,C2092599862,0.0,0.0,C932583850,5670581.45,9546432.01,0,0
7,TRANSFER,1119241.86,C516583260,0.0,0.0,C728526866,5251235.25,10520267.05,0,0
7,TRANSFER,1119739.24,C778030790,0.0,0.0,C248609774,9012687.24,13033871.02,0,0
7,TRANSFER,128538.61,C1577536744,0.0,0.0,C161140376,204760.0,166122.68,0,0
7,TRANSFER,1196065.21,C1984202276,0.0,0.0,C1916720513,5906231.2,14711326.65,0,0
7,TRANSFER,664272.52,C993638207,0.0,0.0,C1419794148,2813795.5,4871037.9,0,0
7,TRANSFER,1106508.19,C1807775584,0.0,0.0,C991505714,8399965.38,13994753.4,0,0
7,TRANSFER,422306.38,C256120572,0.0,0.0,C1169903663,951210.34,2312335.17,0,0
7,TRANSFER,98789.88,C1566823574,0.0,0.0,C534662976,304048.04,116168.96,0,0
7,TRANSFER,983787.95,C731185226,0.0,0.0,C991363637,8730306.03,11956594.11,0,0
7,TRANSFER,216571.95,C1132861743,0.0,0.0,C710481910,304087.49,0.0,0,0
7,TRANSFER,190771.1,C1826227285,0.0,0.0,C1531333864,561728.05,1754717.64,0,0
7,TRANSFER,151060.75,C803121724,0.0,0.0,C861720625,320934.47,1752674.41,0,0
7,TRANSFER,2245813.81,C743078109,0.0,0.0,C257999182,3639980.24,14960679.69,0,0
7,TRANSFER,64440.66,C1609974554,0.0,0.0,C388527192,65942.0,106885.07,0,0
7,TRANSFER,31544.0,C1672616989,0.0,0.0,C1825775199,40503.0,8309015.71,0,0
7,TRANSFER,13182.9,C963101981,0.0,0.0,C1410669831,59827.29,252392.49,0,0
7,TRANSFER,151966.81,C1175768700,0.0,0.0,C1590550415,18698748.85,21939087.4,0,0
7,TRANSFER,355907.13,C722975543,0.0,0.0,C459857341,602446.89,542963.38,0,0
7,TRANSFER,682376.86,C1610510730,9332.0,0.0,C571435580,11501.46,1530653.61,0,0
7,CASH_OUT,22506.79,C1064907559,817.0,0.0,C1856036778,2022389.01,13688613.94,0,0
7,TRANSFER,494533.55,C916514423,253.0,0.0,C1092318644,69337.0,2525331.77,0,0
7,TRANSFER,8588.72,C2116251487,41096.0,32507.28,C1210879412,52993.0,145138.11,0,0
7,TRANSFER,58329.95,C1971977353,90894.0,32564.05,C1808652004,0.0,246975.01,0,0
7,TRANSFER,204710.49,C1543570655,666521.89,461811.41,C1619402333,2468182.69,5810930.82,0,0
7,TRANSFER,241629.32,C2126618194,461811.41,220182.09,C306206744,7741309.11,9637803.63,0,0
7,TRANSFER,587043.85,C1865523042,220182.09,0.0,C1954751748,700782.19,738409.98,0,0
7,TRANSFER,274504.37,C1780885275,0.0,0.0,C766681183,14300815.38,17356500.26,0,0
7,TRANSFER,2271227.47,C1054204284,0.0,0.0,C1515704208,10523029.85,15505523.11,0,0
7,TRANSFER,1034199.55,C1284824058,0.0,0.0,C1636786811,8438509.72,14456269.9,0,0
7,TRANSFER,663141.8,C800954245,0.0,0.0,C863811613,2348717.1,14247328.87,0,0
7,TRANSFER,310856.44,C1954046870,0.0,0.0,C1040847151,3559135.9,7984433.54,0,0
7,TRANSFER,43136.46,C1698148964,0.0,0.0,C2086207545,180565.0,202129.37,0,0
7,TRANSFER,497520.49,C261549619,0.0,0.0,C1423992712,10141717.62,13803333.72,0,0
7,CASH_OUT,40647.7,C2064117540,59145.7,18498.0,C285527187,46157.0,1728663.24,0,0
7,CASH_OUT,120794.13,C1964085902,24095.28,0.0,C1440325059,629619.5,2156169.36,0,0
7,CASH_OUT,32833.98,C139777755,1849.4,0.0,C653593128,63053.0,2388.99,0,0
7,CASH_OUT,185647.99,C924150779,0.0,0.0,C1107146140,198984.0,1655416.88,0,0
7,CASH_OUT,149463.96,C1463192690,271352.67,121888.7,C1626759869,592376.6,1845436.06,0,0
7,TRANSFER,1667085.27,C1279653627,11249.17,0.0,C306206744,7982938.43,9637803.63,0,0
7,TRANSFER,2063647.78,C364989629,0.0,0.0,C40075281,3263237.0,7088323.13,0,0
7,TRANSFER,844962.54,C991406851,0.0,0.0,C1034584766,2508654.66,7164410.37,0,0
7,TRANSFER,2552176.18,C1147487483,0.0,0.0,C991363637,9714093.97,11956594.11,0,0
7,TRANSFER,114554.74,C661946530,0.0,0.0,C872592585,1018662.18,2265853.97,0,0
7,TRANSFER,1899080.51,C944735317,0.0,0.0,C1059781259,10172117.91,13649019.57,0,0
7,TRANSFER,253521.71,C1048997868,0.0,0.0,C1570256460,5460002.91,9281535.44,0,0
7,TRANSFER,302813.66,C1344976475,0.0,0.0,C1092318644,563870.55,2525331.77,0,0
7,TRANSFER,771141.14,C1406684524,0.0,0.0,C801142660,5705702.35,16408480.12,0,0
7,TRANSFER,872126.35,C393283182,0.0,0.0,C1926673338,905734.51,2125199.85,0,0
7,CASH_OUT,355557.26,C247110324,0.0,0.0,C1983747920,1234939.31,3578328.97,0,0
7,TRANSFER,286621.58,C300400507,13393.0,0.0,C609116570,189072.94,41156.33,0,0
7,CASH_OUT,309066.58,C562960526,0.0,0.0,C1838584624,7852593.45,11889776.25,0,0
7,CASH_OUT,235315.19,C1852064845,0.0,0.0,C998255530,298400.0,331925.12,0,0
7,CASH_OUT,126659.3,C485826434,65481.0,0.0,C1246134024,102201.0,252670.01,0,0
7,CASH_OUT,272536.09,C190930973,10931.0,0.0,C566698125,6233.24,2281735.27,0,0
7,CASH_OUT,14507.3,C840915526,168079.14,153571.84,C1825174365,198503.0,6657580.62,0,0
7,CASH_OUT,206164.85,C1867883491,124857.45,0.0,C1308497108,22820.0,781219.89,0,0
7,CASH_OUT,138268.63,C748629954,0.0,0.0,C1589477624,183324.0,0.0,0,0
7,TRANSFER,314342.55,C944980004,0.0,0.0,C803116137,17873696.02,23768107.88,0,0
7,TRANSFER,981780.4,C1285789872,15484.03,0.0,C675203915,1398733.11,5398127.54,0,0
7,TRANSFER,283706.36,C658914902,152726.0,0.0,C188246551,122290.08,3439878.27,0,0
7,CASH_OUT,90470.87,C1327620630,173457.0,82986.13,C1862972704,152949.0,0.0,0,0
7,TRANSFER,56607.7,C1549724759,34748.0,0.0,C954723689,0.0,580053.83,0,0
7,TRANSFER,165942.83,C707146457,10065.0,0.0,C2141994208,128799.0,0.0,0,0
7,CASH_OUT,165482.39,C1683459702,236733.0,71250.61,C569675628,69574.0,242656.13,0,0
7,TRANSFER,570896.76,C2147277023,10966.0,0.0,C755583709,24349.0,127533.46,0,0
7,TRANSFER,95219.13,C589415456,72788.0,0.0,C1685837139,91645.0,0.0,0,0
7,TRANSFER,562679.12,C1842548211,33666.56,0.0,C392292416,3267222.75,6564973.2,0,0
7,CASH_OUT,62777.12,C632184683,23707.18,0.0,C1973538135,102947.56,204873.45,0,0
7,CASH_OUT,91559.81,C1197650624,10373.0,0.0,C1387567249,0.0,154903.48,0,0
7,CASH_OUT,61953.01,C490324942,178.0,0.0,C893339434,0.0,1686521.23,0,0
7,TRANSFER,551806.42,C1294947444,62439.0,0.0,C604555852,21120.0,508591.09,0,0
7,CASH_OUT,220358.45,C762391479,0.0,0.0,C199582547,405091.69,0.0,0,0
7,CASH_OUT,424207.68,C199425383,0.0,0.0,C1531333864,752499.15,1754717.64,0,0
7,TRANSFER,32367.77,C458223499,219.0,0.0,C1220911229,328857.0,2261741.99,0,0
7,CASH_OUT,304466.7,C1426919585,871.0,0.0,C1983025922,10718.23,55701.65,0,0
7,TRANSFER,489357.18,C304767649,32235.0,0.0,C1426908073,79871.0,0.0,0,0
7,TRANSFER,61758.98,C1237196994,201927.0,140168.02,C49388214,431.0,52831.5,0,0
7,CASH_OUT,264370.67,C404191804,20329.09,0.0,C1256732367,519613.0,1564770.58,0,0
7,CASH_OUT,488671.23,C749869636,0.0,0.0,C872592585,1133216.92,2265853.97,0,0
7,CASH_OUT,114523.12,C1462305353,105989.0,0.0,C1297804967,8075.0,321898.58,0,0
7,CASH_OUT,75547.46,C248287314,20271.0,0.0,C18928637,4792.35,31266.23,0,0
7,TRANSFER,672102.16,C1345380280,615.0,0.0,C1231842708,0.0,751281.48,0,0
7,TRANSFER,593334.36,C1511993347,99610.0,0.0,C1556875182,67211.0,3585215.55,0,0
7,CASH_OUT,362692.33,C448652889,0.0,0.0,C1772085663,377804.91,188971.33,0,0
7,TRANSFER,185909.6,C271780574,28635.0,0.0,C935001848,52853.0,7695.38,0,0
7,TRANSFER,24035.27,C445147378,321274.0,297238.73,C503485607,60343.92,341838.45,0,0
7,TRANSFER,359461.46,C1996415966,21085.0,0.0,C981198566,90888.0,1039842.77,0,0
7,TRANSFER,8870.19,C857173294,12970.0,4099.81,C1479813516,1408004.79,0.0,0,0
7,TRANSFER,555485.91,C1254743126,370152.0,0.0,C1373172466,571846.3,4791597.89,0,0
7,CASH_OUT,457385.7,C1280708176,29190.0,0.0,C801412408,10224.0,67124.59,0,0
7,CASH_OUT,28372.72,C908585290,36844.0,8471.28,C1316198760,27280.0,325657.17,0,0
7,CASH_OUT,366045.61,C2110502629,10477.0,0.0,C928023753,0.0,636296.03,0,0
7,TRANSFER,330914.42,C1512085123,12743.0,0.0,C955097010,51576.0,202447.46,0,0
7,TRANSFER,45819.53,C401992365,216.0,0.0,C824009085,0.0,120565.89,0,0
7,TRANSFER,139668.86,C941473466,0.0,0.0,C861958315,210169.12,531628.29,0,0
7,TRANSFER,805875.53,C40258964,676.0,0.0,C1095587424,14750.0,1261611.22,0,0
7,CASH_OUT,91102.49,C198434567,0.0,0.0,C1189861498,298528.0,922482.19,0,0
7,TRANSFER,165983.16,C2079896624,397064.0,231080.84,C1385126783,0.0,195623.75,0,0
7,CASH_OUT,237745.89,C996871156,24533.45,0.0,C413177525,607223.72,3489392.77,0,0
7,CASH_OUT,132869.64,C1216628320,22710.0,0.0,C769342184,12450400.32,16681340.95,0,0
7,CASH_OUT,390880.52,C739754161,0.0,0.0,C2083562754,6630586.92,18123750.85,0,0
7,CASH_OUT,58957.76,C1559326570,95275.08,36317.32,C339082934,122860.0,0.0,0,0
7,CASH_OUT,273637.81,C1316040205,36317.32,0.0,C1907159141,607048.0,2541785.35,0,0
7,TRANSFER,607872.0,C914385651,979.15,0.0,C1983747920,1590496.57,3578328.97,0,0
7,TRANSFER,261949.85,C1467876194,18355.38,0.0,C766681183,14575319.75,17356500.26,0,0
7,TRANSFER,1755891.7,C2016187005,0.0,0.0,C347696158,12149578.41,15639132.7,0,0
7,TRANSFER,2848328.52,C1479426296,0.0,0.0,C801142660,6476843.49,16408480.12,0,0
7,TRANSFER,1536499.0,C1705150695,0.0,0.0,C1856036778,2044895.8,13688613.94,0,0
7,TRANSFER,1550574.82,C1113649698,0.0,0.0,C1028574311,1808928.83,5141218.55,0,0
7,TRANSFER,1021582.12,C1589849961,0.0,0.0,C184253187,5060327.18,10206620.58,0,0
7,TRANSFER,568394.9,C1950391753,0.0,0.0,C1850180796,7837942.9,8257071.34,0,0
7,TRANSFER,474871.01,C97830422,0.0,0.0,C1085479446,634180.94,1423850.27,0,0
7,TRANSFER,899400.53,C1088476524,0.0,0.0,C1234776885,4441465.94,5424661.74,0,0
7,TRANSFER,641342.41,C127865470,0.0,0.0,C1297685781,1120608.72,3258726.36,0,0
7,TRANSFER,471979.68,C2000775569,0.0,0.0,C1076835071,672795.88,2161457.75,0,0
7,TRANSFER,213620.13,C1409742105,0.0,0.0,C1060041730,1661841.39,16532032.16,0,0
7,TRANSFER,125334.37,C311103808,0.0,0.0,C1566246889,200584.0,0.0,0,0
7,TRANSFER,626896.1,C1836645773,0.0,0.0,C423580937,708885.93,12682009.97,0,0
7,TRANSFER,306129.69,C285805650,0.0,0.0,C715819458,467845.48,926737.45,0,0
7,TRANSFER,116151.53,C1917095255,0.0,0.0,C906718881,268497.0,137466.79,0,0
7,CASH_OUT,30256.66,C1178566191,20045.0,0.0,C316106307,21382.0,44531.29,0,0
7,CASH_OUT,156344.14,C2102167046,515.0,0.0,C264843581,69026.0,909963.8,0,0
7,TRANSFER,450239.94,C1324742957,51232.0,0.0,C1103621993,21059.0,129998.25,0,0
7,TRANSFER,207748.22,C984538706,1473.1,0.0,C1909597726,267798.33,494709.81,0,0
7,CASH_OUT,356269.63,C845560880,10722.0,0.0,C1869228744,321682.38,2528711.98,0,0
7,CASH_OUT,80243.86,C1509109108,11318.0,0.0,C1213485528,18962.38,134678.86,0,0
7,CASH_OUT,115821.89,C1507289310,0.0,0.0,C591862575,150531.0,0.0,0,0
7,CASH_OUT,379642.73,C1172046282,0.0,0.0,C861720625,471995.22,1752674.41,0,0
7,CASH_OUT,218118.95,C270763925,0.0,0.0,C2093546827,249882.0,43336.92,0,0
7,TRANSFER,474244.25,C1770759795,216145.0,0.0,C952610115,210007.87,278135.86,0,0
7,TRANSFER,692863.1,C2126145321,7.0,0.0,C904383922,32203.0,2065619.02,0,0
7,CASH_OUT,57599.48,C698228848,0.0,0.0,C1401316767,108024.69,2085232.92,0,0
7,TRANSFER,850870.76,C1270272746,52091.0,0.0,C189963646,0.0,1592418.7,0,0
7,CASH_OUT,216725.26,C1848972999,0.0,0.0,C1149273771,483657.79,6347068.5,0,0
7,CASH_OUT,146071.73,C95162408,2292.0,0.0,C803116137,18188038.57,23768107.88,0,0
7,CASH_OUT,285481.29,C1130999156,0.0,0.0,C372017580,1260559.3,4122268.38,0,0
7,CASH_OUT,477861.32,C1729514938,0.0,0.0,C1023714065,2770581.98,8398562.84,0,0
7,CASH_OUT,79268.74,C890946759,0.0,0.0,C71555810,1092145.31,318323.43,0,0
7,CASH_OUT,3338.0,C1355988764,0.0,0.0,C846947180,13519.1,314203.37,0,0
7,CASH_OUT,500739.74,C1583262335,0.0,0.0,C1426908073,569228.18,0.0,0,0
7,CASH_OUT,53055.01,C200296339,0.0,0.0,C98102770,259670.0,77202.51,0,0
7,CASH_OUT,141949.9,C1747949270,0.0,0.0,C423580937,1335782.04,12682009.97,0,0
7,CASH_OUT,343153.08,C759230096,0.0,0.0,C1347890180,604919.69,85026.63,0,0
7,CASH_OUT,339281.94,C115782677,0.0,0.0,C345603257,1615289.32,9917629.77,0,0
7,CASH_OUT,319764.6,C253998981,0.0,0.0,C1036454560,587640.57,0.0,0,0
7,TRANSFER,1808695.65,C1649204117,62210.0,0.0,C349015546,201823.48,1784885.44,0,0
7,CASH_OUT,515787.54,C842520591,0.0,0.0,C1429623854,674406.0,2256720.17,0,0
7,CASH_OUT,365794.83,C1181346106,0.0,0.0,C1869228744,677952.01,2528711.98,0,0
7,CASH_OUT,8876.26,C484804041,0.0,0.0,C1726408169,46391.0,0.0,0,0
7,CASH_OUT,98525.29,C410088883,0.0,0.0,C1311325237,394496.95,5465400.62,0,0
7,CASH_OUT,524419.27,C344600850,0.0,0.0,C1406749291,644304.03,1357168.27,0,0
7,CASH_OUT,214303.97,C488848000,0.0,0.0,C1313534832,1005781.48,4605990.97,0,0
7,CASH_OUT,139160.75,C760758048,0.0,0.0,C466505482,232681.17,655453.06,0,0
7,CASH_OUT,72304.62,C1050090453,0.0,0.0,C1916720513,7102296.41,14711326.65,0,0
7,CASH_OUT,3026.95,C2068885428,0.0,0.0,C1260434481,50321.0,0.0,0,0
7,CASH_OUT,61581.93,C2141416804,0.0,0.0,C1530856786,61863.0,193704.45,0,0
7,CASH_OUT,44455.66,C326040719,0.0,0.0,C232812328,156847.0,2096642.77,0,0
7,CASH_OUT,100153.56,C354485380,0.0,0.0,C1389405694,656372.0,1738350.23,0,0
7,TRANSFER,309088.03,C402762479,123.0,0.0,C1595278145,0.0,97805.68,0,0
7,TRANSFER,349038.25,C1291664766,49307.0,0.0,C787028959,20924.0,0.0,0,0
7,CASH_OUT,194171.45,C1683336603,231998.59,37827.13,C1894575391,1087213.1,3443379.49,0,0
7,CASH_OUT,29181.47,C112570258,37827.13,8645.66,C1964390106,60184.0,0.0,0,0
7,TRANSFER,735281.72,C1210168825,2575.0,0.0,C1888439681,30745.0,3476255.29,0,0
7,TRANSFER,610828.94,C89143842,12723.0,0.0,C1530856786,123444.93,193704.45,0,0
7,TRANSFER,55723.02,C721945700,53238.0,0.0,C919331070,828.0,0.0,0,0
7,TRANSFER,415944.54,C1520397420,6004.49,0.0,C1031639563,791527.13,5739012.22,0,0
7,CASH_OUT,409061.77,C1311532394,48394.89,0.0,C8290162,2602508.25,6650282.66,0,0
7,TRANSFER,741449.27,C119981379,107550.0,0.0,C1515979807,20837.0,12141425.39,0,0
7,CASH_OUT,141890.27,C697210349,10404.0,0.0,C1305830291,73907.0,1653198.69,0,0
7,TRANSFER,461935.65,C273697735,19833.0,0.0,C428796726,15796.0,847656.86,0,0
7,CASH_OUT,35988.35,C727640804,17408.52,0.0,C1520941958,89315.0,31936.26,0,0
7,TRANSFER,1314921.93,C1158296893,75951.0,0.0,C1121453612,0.0,1975007.49,0,0
7,TRANSFER,973619.91,C1436419591,185740.0,0.0,C1247600089,141630.35,6965916.76,0,0
7,CASH_OUT,142126.45,C46742397,74079.0,0.0,C1476213591,82582.0,407437.54,0,0
7,CASH_OUT,180157.65,C587650668,112554.25,0.0,C683605346,938240.41,1371546.23,0,0
7,CASH_OUT,170821.76,C56812069,0.0,0.0,C1446521801,6416788.6,11698172.69,0,0
7,TRANSFER,467052.17,C1681179849,53016.0,0.0,C444613285,10926.0,1025383.76,0,0
7,TRANSFER,453804.86,C567908971,11082.0,0.0,C1300519073,4559.0,807759.84,0,0
7,TRANSFER,310027.49,C936869842,61594.0,0.0,C1518728219,10089.0,1157398.83,0,0
7,CASH_OUT,98320.38,C1967390324,15833.29,0.0,C439917369,103900.0,1503528.24,0,0
7,CASH_OUT,32501.34,C2005263499,0.0,0.0,C420398953,279610.0,963198.49,0,0
7,CASH_OUT,182108.86,C1885887661,0.0,0.0,C1121453612,1314921.93,1975007.49,0,0
7,CASH_OUT,108454.97,C1048743606,0.0,0.0,C569675628,235056.39,242656.13,0,0
7,CASH_OUT,84816.24,C1423472460,0.0,0.0,C1453382929,87858.0,126859.14,0,0
7,CASH_OUT,228835.74,C211902688,0.0,0.0,C1189861498,389630.49,922482.19,0,0
7,CASH_OUT,42175.72,C1042204909,0.0,0.0,C1934714849,47055.59,89231.32,0,0
7,CASH_OUT,201868.78,C339941030,0.0,0.0,C392292416,3829901.87,6564973.2,0,0
7,CASH_OUT,188877.41,C62284149,0.0,0.0,C1401721023,239999.0,1602681.63,0,0
7,CASH_OUT,181945.17,C77051779,0.0,0.0,C611621587,343916.49,4336721.33,0,0
7,CASH_OUT,23183.6,C1283870300,0.0,0.0,C1916873789,52078.0,805294.76,0,0
7,CASH_OUT,18946.12,C1081907020,0.0,0.0,C1075238398,123871.0,683602.27,0,0
7,CASH_OUT,110369.29,C1894902783,0.0,0.0,C1354952534,755381.3,1868994.9,0,0
7,CASH_OUT,187130.17,C1231249869,0.0,0.0,C1360767589,8996156.91,18482735.85,0,0
7,CASH_OUT,66614.19,C938025491,0.0,0.0,C1564931235,110408.0,742404.44,0,0
7,CASH_OUT,66340.17,C327877973,0.0,0.0,C662736689,5677417.44,8488789.41,0,0
7,CASH_OUT,124616.96,C1826273992,0.0,0.0,C435161028,167754.0,0.0,0,0
7,CASH_OUT,55862.36,C1046856599,0.0,0.0,C1027017168,107972.0,1361101.48,0,0
7,CASH_OUT,43206.18,C1080199154,0.0,0.0,C374625527,842508.92,5175906.61,0,0
7,CASH_OUT,114959.23,C193499910,0.0,0.0,C476800120,148694.43,1595598.78,0,0
7,CASH_OUT,59950.41,C851276869,0.0,0.0,C1373172466,1127332.21,4791597.89,0,0
7,CASH_OUT,64439.05,C584343806,0.0,0.0,C483370168,280697.0,0.0,0,0
7,CASH_OUT,145378.85,C1985822273,0.0,0.0,C1543005080,182307.0,0.0,0,0
7,CASH_OUT,23134.52,C964854575,0.0,0.0,C1281898359,50210.0,0.0,0,0
7,CASH_OUT,97881.35,C1623512838,0.0,0.0,C132058033,145207.0,0.0,0,0
7,CASH_OUT,375559.65,C1628866672,0.0,0.0,C1487669283,596861.13,2349962.91,0,0
7,CASH_OUT,91297.93,C2116422949,0.0,0.0,C657255537,895740.54,2036309.01,0,0
7,CASH_OUT,161565.83,C1393582645,0.0,0.0,C935612756,373146.57,0.0,0,0
7,CASH_OUT,114172.33,C363520950,0.0,0.0,C332391051,160095.0,6647.0,0,0
7,CASH_OUT,101195.42,C1084931195,0.0,0.0,C2145041211,243136.62,143252.84,0,0
7,CASH_OUT,154592.13,C246144622,0.0,0.0,C1315729466,732942.15,803908.4,0,0
7,CASH_OUT,273536.21,C1593447492,0.0,0.0,C968448640,281837.22,3438487.71,0,0
7,CASH_OUT,241018.32,C470809470,0.0,0.0,C188246551,267916.59,3439878.27,0,0
7,CASH_OUT,248040.36,C156489184,0.0,0.0,C803116137,18334110.3,23768107.88,0,0
7,CASH_OUT,246049.45,C1499144714,0.0,0.0,C580441921,489585.33,1278933.03,0,0
7,CASH_OUT,45461.68,C1468876113,0.0,0.0,C801142660,9325172.01,16408480.12,0,0
7,CASH_OUT,148100.79,C876249301,0.0,0.0,C875761527,392447.25,1238942.28,0,0
7,CASH_OUT,49373.87,C592559975,0.0,0.0,C1092318644,866684.21,2525331.77,0,0
7,CASH_OUT,119103.09,C597328501,0.0,0.0,C1883840933,18056399.48,25330272.63,0,0
7,CASH_OUT,25045.22,C511769754,0.0,0.0,C56868765,25120.0,0.0,0,0
7,CASH_OUT,85474.84,C2128407479,0.0,0.0,C1297685781,1761951.13,3258726.36,0,0
7,CASH_OUT,164556.03,C1356384652,0.0,0.0,C1273939873,444769.9,1525464.32,0,0
7,CASH_OUT,91029.57,C656830664,0.0,0.0,C965197768,248805.0,0.0,0,0
7,CASH_OUT,127917.12,C1046162586,0.0,0.0,C265108079,568124.6,4937135.42,0,0
7,CASH_OUT,255736.89,C658762165,0.0,0.0,C801142660,9370633.69,16408480.12,0,0
7,CASH_OUT,212202.33,C834785400,0.0,0.0,C12793273,1258806.07,1918654.56,0,0
7,CASH_OUT,35889.43,C636831416,0.0,0.0,C1019670582,385398.22,2098492.52,0,0
7,CASH_OUT,101628.27,C1118671200,0.0,0.0,C423580937,1477731.93,12682009.97,0,0
7,CASH_OUT,10118.23,C2057029313,0.0,0.0,C33837320,29207.0,0.0,0,0
7,CASH_OUT,8730.15,C1172737018,0.0,0.0,C569675628,343511.36,242656.13,0,0
7,CASH_OUT,100516.88,C1244255608,0.0,0.0,C1914282536,104938.0,126832.89,0,0
7,CASH_OUT,88238.79,C1688304588,0.0,0.0,C1545454825,276566.0,5171229.64,0,0
7,CASH_OUT,67564.24,C1076368471,0.0,0.0,C1216745400,146565.0,0.0,0,0
7,CASH_OUT,34899.04,C828440307,0.0,0.0,C465257140,862936.74,1761413.49,0,0
7,CASH_OUT,158834.1,C895909810,0.0,0.0,C1627965794,209822.82,1557376.47,0,0
7,CASH_OUT,78771.91,C1517690313,0.0,0.0,C22918364,85221.0,168910.66,0,0
7,CASH_OUT,269206.3,C1526476924,0.0,0.0,C1065997164,974210.2,2826797.81,0,0
7,CASH_OUT,45275.45,C1826474678,0.0,0.0,C1523536343,46152.83,748485.22,0,0
7,TRANSFER,164.0,C1455969984,164.0,0.0,C2119910556,0.0,0.0,1,0
7,CASH_OUT,164.0,C1173659886,164.0,0.0,C1769947269,4068.0,0.0,1,0
7,CASH_OUT,86346.82,C697549160,29147.99,0.0,C1787868648,3673223.43,15128076.87,0,0
7,CASH_OUT,220454.04,C1724220122,772406.86,551952.83,C2040603986,414275.09,1930179.38,0,0
7,TRANSFER,590321.78,C520925360,6981.0,0.0,C2122200303,148909.0,1003439.91,0,0
7,TRANSFER,21571.0,C786114805,21571.0,0.0,C1666314150,0.0,0.0,1,0
7,CASH_OUT,21571.0,C452475723,21571.0,0.0,C2089016471,30797.41,71140.3,1,0
7,CASH_OUT,269032.52,C798475098,42415.89,0.0,C1059781259,12071198.42,13649019.57,0,0
7,CASH_OUT,307802.46,C1062881864,0.0,0.0,C1335946878,828787.26,3529395.92,0,0
7,CASH_OUT,225034.45,C2075850492,0.0,0.0,C686592713,265001.94,1989877.01,0,0
7,CASH_OUT,386758.53,C58846105,0.0,0.0,C515132998,476250.73,4460317.7,0,0
7,CASH_OUT,10476.67,C312305056,0.0,0.0,C1447218435,363842.0,0.0,0,0
7,CASH_OUT,180961.95,C2146985393,0.0,0.0,C1234059684,595507.01,588641.6,0,0
7,CASH_OUT,75121.26,C1398370724,0.0,0.0,C232812328,201302.66,2096642.77,0,0
7,CASH_OUT,269160.8,C1594398069,0.0,0.0,C413177525,844969.6,3489392.77,0,0
7,CASH_OUT,5608.07,C641813329,0.0,0.0,C19422918,15744.0,0.0,0,0
7,CASH_OUT,228907.74,C438855621,0.0,0.0,C9916873,274942.44,790472.9,0,0
7,CASH_OUT,264071.62,C48554357,0.0,0.0,C458582664,8176105.68,12776817.91,0,0
7,TRANSFER,569793.07,C1691044638,4778.74,0.0,C1588901702,676942.97,2320452.13,0,0
7,TRANSFER,1493929.59,C1680194126,0.0,0.0,C716083600,2451004.77,7382990.5,0,0
7,CASH_OUT,74408.42,C786847550,151538.82,77130.4,C1538264524,146417.0,555348.58,0,0
7,CASH_OUT,2274.92,C92558884,77130.4,74855.48,C1846530780,23956.14,0.0,0,0
7,CASH_OUT,34028.37,C673020973,103964.0,69935.63,C1545121117,50538.0,60899.67,0,0
7,CASH_OUT,110246.47,C628175152,31904.0,0.0,C1987564320,49837.0,225457.61,0,0
7,CASH_OUT,13306.45,C1563853878,0.0,0.0,C1137350304,104945.48,212657.82,0,0
7,CASH_OUT,253932.77,C354892520,0.0,0.0,C2059996587,322941.28,1216696.84,0,0
7,CASH_OUT,132153.76,C807647049,53.0,0.0,C977993101,2269623.12,3373302.83,0,0
7,TRANSFER,69364.4,C501956473,13917.0,0.0,C281632155,2747.0,0.0,0,0
7,TRANSFER,382189.06,C393004587,177952.0,0.0,C836514715,1015070.61,2511051.14,0,0
7,CASH_OUT,83107.23,C972734442,0.0,0.0,C2031368275,116131.0,473124.86,0,0
7,CASH_OUT,264180.92,C1906582038,3491.63,0.0,C2006081398,627583.71,4743010.67,0,0
7,CASH_OUT,213876.56,C1138603069,0.0,0.0,C1174600239,250505.0,729214.48,0,0
7,CASH_OUT,188028.76,C1556414135,0.0,0.0,C1076835071,745429.36,2161457.75,0,0
7,CASH_OUT,24227.51,C660566924,0.0,0.0,C1948558238,25837.0,11604362.04,0,0
7,CASH_OUT,57950.66,C2008764899,0.0,0.0,C295081230,72988.0,1679841.2,0,0
7,CASH_OUT,76225.25,C1508474741,0.0,0.0,C1408337297,622711.94,175365.88,0,0
7,CASH_OUT,142984.74,C572720057,0.0,0.0,C179678995,549007.0,0.0,0,0
7,CASH_OUT,326602.71,C2117912418,0.0,0.0,C147647618,401957.0,980396.86,0,0
7,CASH_OUT,195686.23,C1403368719,0.0,0.0,C312537393,535165.0,4810603.67,0,0
7,CASH_OUT,268913.2,C1101359833,0.0,0.0,C1549086472,398843.78,801366.03,0,0
7,CASH_OUT,27330.91,C2065794975,0.0,0.0,C1157297801,65124.0,6008.17,0,0
7,CASH_OUT,117898.28,C1673418830,0.0,0.0,C1538264524,220825.42,555348.58,0,0
7,CASH_OUT,218927.93,C491619579,0.0,0.0,C70895366,237078.0,1396863.34,0,0
7,CASH_OUT,81721.37,C2002048553,0.0,0.0,C306285887,385607.12,1458658.26,0,0
7,CASH_OUT,100436.61,C4106787,0.0,0.0,C1556875182,536895.57,3585215.55,0,0
7,CASH_OUT,48929.59,C290713154,0.0,0.0,C942226723,77819.67,0.0,0,0
7,CASH_OUT,133980.84,C1615383247,0.0,0.0,C2017484544,204405.0,12.82,0,0
7,CASH_OUT,242154.0,C838643057,0.0,0.0,C1983025922,315184.94,55701.65,0,0
7,CASH_OUT,73457.16,C1155950303,0.0,0.0,C1009972184,152240.0,361559.69,0,0
7,CASH_OUT,24002.6,C1254728191,0.0,0.0,C380242442,438233.86,140189.52,0,0
7,TRANSFER,602720.75,C40931593,41039.0,0.0,C348708793,5164.0,1164655.76,0,0
7,TRANSFER,1028204.63,C1925323935,9887.64,0.0,C1169903663,1373516.72,2312335.17,0,0
7,TRANSFER,977370.39,C1715938535,0.0,0.0,C1554540309,5813449.6,9235911.02,0,0
7,CASH_OUT,256487.78,C1197212341,15577.0,0.0,C1326243087,0.0,39790.43,0,0
7,CASH_OUT,275999.68,C46222975,651.0,0.0,C170899621,7771512.66,10464208.87,0,0
7,CASH_OUT,305871.8,C1908173076,54163.3,0.0,C1315729466,887534.29,803908.4,0,0
7,TRANSFER,650609.2,C903989520,32233.0,0.0,C1761291320,233350.47,470920.19,0,0
7,TRANSFER,608604.9,C1570013189,63916.0,0.0,C1945802665,292877.87,1471945.15,0,0
7,TRANSFER,156112.17,C60592754,5501.0,0.0,C1136811657,16685.0,57238.59,0,0
7,CASH_OUT,71248.08,C1910930902,16551.35,0.0,C1348373832,209546.0,1072919.03,0,0
7,CASH_OUT,258996.43,C277924729,0.0,0.0,C1778300121,360880.92,3089439.33,0,0
7,CASH_OUT,503336.24,C668460433,0.0,0.0,C1354725727,2288329.07,4529886.44,0,0
7,CASH_OUT,200941.23,C925686013,0.0,0.0,C1163480574,492796.77,1798734.57,0,0
7,TRANSFER,408611.16,C1969625859,289437.8,0.0,C1495724689,918.0,0.0,0,0
7,CASH_OUT,39251.66,C1673256405,0.0,0.0,C1341257842,85496.0,94314.25,0,0
7,TRANSFER,441445.58,C1023505879,441445.58,0.0,C847761155,0.0,0.0,1,0
7,CASH_OUT,441445.58,C398085606,441445.58,0.0,C2072030256,98993.5,0.0,1,0
7,CASH_OUT,153326.44,C207210836,29804.66,0.0,C1220911229,361224.77,2261741.99,0,0
7,CASH_OUT,7069.85,C192320682,14660.36,7590.52,C1796712971,10760.0,1513416.04,0,0
7,TRANSFER,149277.08,C1330356714,1214330.29,1065053.21,C1182148067,168025.52,0.0,0,0
7,TRANSFER,155634.57,C2130060023,1065053.21,909418.64,C366015139,1406086.86,4555236.24,0,0
7,TRANSFER,1104966.48,C1785954017,909418.64,0.0,C1354725727,2791665.3,4529886.44,0,0
7,TRANSFER,643803.0,C558017385,0.0,0.0,C1728766751,1468875.03,6385532.2,0,0
7,CASH_OUT,374612.29,C223320645,0.0,0.0,C991363637,12266270.15,11956594.11,0,0
7,CASH_OUT,244191.05,C971141478,0.0,0.0,C2103065350,407060.0,1135043.98,0,0
7,CASH_OUT,332783.95,C716663514,0.0,0.0,C2072030256,540439.08,0.0,0,0
7,CASH_OUT,411994.59,C93855894,0.0,0.0,C667346055,11220141.54,17132106.53,0,0
7,CASH_OUT,126161.05,C1962155986,0.0,0.0,C1495001462,140372.0,2528788.63,0,0
7,CASH_OUT,14176.13,C1589066091,0.0,0.0,C68113386,20447.0,12099108.35,0,0
7,CASH_OUT,168001.31,C1330080221,0.0,0.0,C2113748097,721009.61,1409734.26,0,0
7,CASH_OUT,197133.14,C194997299,0.0,0.0,C1832580921,486780.94,2003455.42,0,0
7,CASH_OUT,39558.34,C1598154781,0.0,0.0,C444613285,477978.17,1025383.76,0,0
7,CASH_OUT,122173.5,C953872127,0.0,0.0,C1109485117,238968.0,0.0,0,0
7,CASH_OUT,76510.16,C1286037944,0.0,0.0,C566698125,278769.33,2281735.27,0,0
7,CASH_OUT,317142.1,C1017733867,0.0,0.0,C932583850,6774659.99,9546432.01,0,0
7,CASH_OUT,172491.78,C1819833443,0.0,0.0,C2104165942,225514.0,331061.49,0,0
7,CASH_OUT,135291.74,C54182405,0.0,0.0,C1495001462,266533.05,2528788.63,0,0
7,CASH_OUT,82176.1,C1961351547,0.0,0.0,C1495001462,401824.79,2528788.63,0,0
7,CASH_OUT,142953.17,C61752118,0.0,0.0,C1234776885,5340866.46,5424661.74,0,0
7,CASH_OUT,257175.67,C752546892,0.0,0.0,C2040603986,634729.13,1930179.38,0,0
7,TRANSFER,1316171.95,C1778057146,52711.61,0.0,C1651379334,49553.38,696383.06,0,0
7,CASH_OUT,313352.5,C1107925328,0.0,0.0,C188246551,508934.9,3439878.27,0,0
7,TRANSFER,283346.9,C410200876,8130.0,0.0,C79467401,0.0,287210.83,0,0
7,TRANSFER,320228.94,C549538872,24380.72,0.0,C36437323,0.0,160083.17,0,0
7,CASH_OUT,3893.92,C1892247975,0.0,0.0,C1964947881,10747.0,252633.42,0,0
7,CASH_OUT,254671.0,C204364500,0.0,0.0,C2110180989,564040.0,0.0,0,0
7,CASH_OUT,303121.78,C1127052664,0.0,0.0,C1231842708,423870.43,751281.48,0,0
7,CASH_OUT,342342.56,C1764184489,0.0,0.0,C1163480574,693738.0,1798734.57,0,0
7,TRANSFER,78754.77,C586177793,61182.0,0.0,C259915853,0.0,163762.98,0,0
7,CASH_OUT,158702.35,C782495135,56924.0,0.0,C1640961071,61081.0,0.0,0,0
7,CASH_OUT,30896.4,C1221699762,0.0,0.0,C283923651,233185.0,121107.61,0,0
7,TRANSFER,649121.74,C1803718523,20135.0,0.0,C208427878,19095.0,1454807.63,0,0
7,TRANSFER,1813449.52,C1214519292,45851.54,0.0,C1446521801,6587610.36,11698172.69,0,0
7,TRANSFER,2234288.78,C809030285,0.0,0.0,C662736689,5743757.61,8488789.41,0,0
7,TRANSFER,767854.93,C1329494694,0.0,0.0,C1635341595,958673.35,6191938.31,0,0
7,TRANSFER,657235.58,C2024698614,0.0,0.0,C1373172466,1187282.62,4791597.89,0,0
7,TRANSFER,592016.23,C1511061752,886097.25,294081.02,C1948471365,1030503.42,4628857.24,0,0
7,TRANSFER,40638.56,C1361184910,294081.02,253442.46,C79708552,52699.0,0.0,0,0
7,TRANSFER,797301.86,C726270291,253442.46,0.0,C97730845,14658353.25,23005385.41,0,0
7,TRANSFER,168190.75,C2004834499,0.0,0.0,C1679546686,174818.0,506581.24,0,0
7,TRANSFER,616066.42,C712358380,0.0,0.0,C728526866,5818055.8,10520267.05,0,0
7,TRANSFER,265835.71,C1800581716,0.0,0.0,C1505755152,8964583.35,14646239.59,0,0
7,TRANSFER,270857.81,C275347188,0.0,0.0,C312537393,730851.23,4810603.67,0,0
7,TRANSFER,765391.77,C492674426,0.0,0.0,C1359484306,1375670.67,7364724.84,0,0
7,TRANSFER,300219.21,C450952676,0.0,0.0,C490150701,940571.7,1983599.05,0,0
7,TRANSFER,700027.52,C1683893502,0.0,0.0,C1315729466,1193406.09,803908.4,0,0
7,TRANSFER,335174.65,C1062938711,0.0,0.0,C1040847151,3869992.34,7984433.54,0,0
7,TRANSFER,138313.31,C1310508171,0.0,0.0,C1251686742,347091.08,1311387.88,0,0
7,TRANSFER,568697.7,C1393434481,0.0,0.0,C1031639563,1207471.66,5739012.22,0,0
7,TRANSFER,600308.8,C1185083442,0.0,0.0,C2006081398,891764.63,4743010.67,0,0
7,TRANSFER,53332.91,C551379233,0.0,0.0,C1759482496,57446.93,2912335.58,0,0
7,TRANSFER,250020.0,C139317549,0.0,0.0,C1501701470,512675.31,4463342.32,0,0
7,TRANSFER,131438.66,C731624130,0.0,0.0,C1538264524,338723.7,555348.58,0,0
7,TRANSFER,957116.22,C2053764323,0.0,0.0,C8290162,3011570.02,6650282.66,0,0
7,TRANSFER,51344.26,C838227686,0.0,0.0,C1938348365,406358.33,854916.91,0,0
7,TRANSFER,139957.67,C1465138508,0.0,0.0,C160284738,149781.0,44049.23,0,0
7,TRANSFER,138158.77,C565151942,0.0,0.0,C1679546686,343008.75,506581.24,0,0
7,TRANSFER,156073.92,C349482748,0.0,0.0,C1436838899,407023.0,0.0,0,0
7,CASH_OUT,164741.03,C632424468,493829.87,329088.84,C928023753,165920.79,636296.03,0,0
7,CASH_OUT,107444.4,C239656879,921306.6,813862.2,C1089993541,130454.13,1741771.65,0,0
7,TRANSFER,276471.85,C407336353,13279.0,0.0,C1966562224,78605.0,556885.26,0,0
7,TRANSFER,208606.29,C709141216,19503.0,0.0,C2089779261,0.0,29515.69,0,0
7,CASH_OUT,24121.96,C160243828,0.0,0.0,C1450828900,102785.0,0.0,0,0
7,TRANSFER,236372.58,C1636709817,50238.0,0.0,C2088104872,14488.0,213957.86,0,0
7,CASH_OUT,218773.42,C1395746800,4809.8,0.0,C188246551,822287.4,3439878.27,0,0
7,CASH_OUT,56143.73,C1483691730,0.0,0.0,C1520941958,125303.35,31936.26,0,0
7,CASH_OUT,42260.56,C703036225,0.0,0.0,C1325626015,52124.0,224986.09,0,0
7,CASH_OUT,60663.91,C928355588,0.0,0.0,C1805445027,323039.36,0.0,0,0
7,CASH_OUT,23066.77,C909407946,0.0,0.0,C1337720486,31761.0,0.0,0,0
7,CASH_OUT,245603.06,C349138712,0.0,0.0,C686592713,490036.4,1989877.01,0,0
7,CASH_OUT,496483.55,C106963891,0.0,0.0,C929452805,661324.7,872104.29,0,0
7,CASH_OUT,52850.1,C486964174,0.0,0.0,C306285887,426941.29,1458658.26,0,0
7,CASH_OUT,357079.24,C135388290,0.0,0.0,C105002686,465473.0,1212223.31,0,0
7,CASH_OUT,280778.74,C1741280567,0.0,0.0,C1832580921,683914.08,2003455.42,0,0
7,CASH_OUT,19583.21,C1613959110,0.0,0.0,C811597470,115701.44,150792.03,0,0
7,CASH_OUT,20003.85,C1321586693,0.0,0.0,C289045778,122676.0,699161.9,0,0
7,CASH_OUT,31608.21,C1211555987,0.0,0.0,C1467806809,90640.96,27457.45,0,0
7,CASH_OUT,414927.41,C1644160207,0.0,0.0,C1849933855,750422.72,172707.34,0,0
7,CASH_OUT,133698.64,C424315401,0.0,0.0,C2109470512,293745.25,6787849.45,0,0
7,CASH_OUT,38920.12,C2037331165,0.0,0.0,C527175306,58240.0,0.0,0,0
7,CASH_OUT,105260.33,C111309083,0.0,0.0,C1627965794,368656.92,1557376.47,0,0
7,CASH_OUT,300912.32,C409281692,0.0,0.0,C1256732367,783983.67,1564770.58,0,0
7,CASH_OUT,71469.19,C1429401435,0.0,0.0,C653745564,96646.3,2463244.43,0,0
7,CASH_OUT,31976.95,C1442570492,0.0,0.0,C929856893,46262.61,146537.63,0,0
7,CASH_OUT,138246.33,C1078229489,0.0,0.0,C1369695156,304713.0,5966884.67,0,0
7,CASH_OUT,3463.81,C1907684513,0.0,0.0,C373928166,306019.07,20427.19,0,0
7,CASH_OUT,143320.57,C868128251,0.0,0.0,C728885526,211120.9,608211.84,0,0
7,CASH_OUT,196365.09,C961052528,0.0,0.0,C101571284,508218.15,191289.18,0,0
7,CASH_OUT,277584.34,C1520439897,0.0,0.0,C505973878,813862.2,1461299.3,0,0
7,CASH_OUT,107136.96,C216523856,0.0,0.0,C1013700132,2383341.33,4619940.36,0,0
7,CASH_OUT,26158.55,C1269934458,0.0,0.0,C2086207545,223701.46,202129.37,0,0
7,CASH_OUT,217171.13,C838401155,0.0,0.0,C1360767589,8945540.14,18482735.85,0,0
7,CASH_OUT,509266.74,C1796215359,0.0,0.0,C1635341595,1726528.27,6191938.31,0,0
7,CASH_OUT,261708.18,C1483124329,0.0,0.0,C875761527,540548.04,1238942.28,0,0
7,CASH_OUT,169954.62,C517613158,0.0,0.0,C935612756,534712.4,0.0,0,0
7,CASH_OUT,403008.53,C1748032986,0.0,0.0,C2040603986,891904.8,1930179.38,0,0
7,CASH_OUT,366030.81,C64662281,0.0,0.0,C1220911229,514551.21,2261741.99,0,0
7,CASH_OUT,379964.2,C1856129277,0.0,0.0,C374625527,885715.1,5175906.61,0,0
7,CASH_OUT,76595.52,C562342489,0.0,0.0,C1583408697,106099.0,638228.31,0,0
7,CASH_OUT,54538.09,C1328840126,0.0,0.0,C2137734988,61796.0,0.0,0,0
7,CASH_OUT,117294.0,C434116018,0.0,0.0,C1786622318,318646.0,327601.69,0,0
7,CASH_OUT,84602.17,C1710838739,0.0,0.0,C2096900616,102762.0,0.0,0,0
7,CASH_OUT,95178.8,C1630272343,0.0,0.0,C1722141669,105024.0,1118549.36,0,0
7,CASH_OUT,70218.79,C220115777,0.0,0.0,C875761527,802256.22,1238942.28,0,0
7,CASH_OUT,362017.51,C340425429,0.0,0.0,C70895366,456005.93,1396863.34,0,0
7,CASH_OUT,44299.99,C990041156,0.0,0.0,C1887692104,210559.0,0.0,0,0
7,CASH_OUT,85353.61,C88957232,0.0,0.0,C1676792692,118294.0,92583.01,0,0
7,CASH_OUT,22210.09,C2100383331,0.0,0.0,C996907393,22650.0,0.0,0,0
7,CASH_OUT,118179.74,C988417986,0.0,0.0,C1315729466,1893433.61,803908.4,0,0
7,CASH_OUT,171733.7,C392649775,0.0,0.0,C2078011503,235531.0,880510.54,0,0
7,CASH_OUT,56253.91,C2043542290,0.0,0.0,C1998750048,91810.84,553336.6,0,0
7,CASH_OUT,15396.52,C242806814,0.0,0.0,C1242584406,131062.59,203751.7,0,0
7,CASH_OUT,115917.56,C1686534668,0.0,0.0,C1834186423,421706.0,195248.73,0,0
7,CASH_OUT,25516.29,C1227740311,0.0,0.0,C836514715,1397259.67,2511051.14,0,0
7,CASH_OUT,265794.88,C1605280715,0.0,0.0,C1570256460,5713524.61,9281535.44,0,0
7,TRANSFER,104629.21,C754169465,6072.0,0.0,C988705496,20626.0,654641.84,0,0
7,TRANSFER,1419119.02,C181507281,36371.0,0.0,C1178471274,90765.0,2096994.78,0,0
7,TRANSFER,70589.51,C1506047692,4087.0,0.0,C843467284,104468.87,18970.78,0,0
7,CASH_OUT,64891.08,C762001285,316.71,0.0,C381605910,65238.0,759872.18,0,0
7,TRANSFER,23199.36,C397540837,9194.0,0.0,C1283595719,3081.0,0.0,0,0
7,CASH_OUT,297433.87,C37565677,501407.0,203973.13,C711248671,11192.0,1522032.15,0,0
7,CASH_OUT,78487.3,C1353516783,605.06,0.0,C716083600,3944934.36,7382990.5,0,0
7,TRANSFER,685777.9,C1280915434,103161.0,0.0,C1435804085,96.88,1501855.54,0,0
7,TRANSFER,573169.17,C1419833501,48660.0,0.0,C1782704802,0.0,2380934.8,0,0
7,TRANSFER,120945.46,C1688281985,1698.74,0.0,C495071437,255252.35,48172.64,0,0
7,TRANSFER,594724.36,C1393962652,0.0,0.0,C1220897602,1097415.9,10388904.22,0,0
7,CASH_OUT,207500.34,C928347618,1205939.29,998438.95,C1527761090,46412.99,117014.68,0,0
7,CASH_OUT,283024.64,C380675952,998438.95,715414.31,C1894575391,1281384.56,3443379.49,0,0
7,TRANSFER,379800.29,C1902147027,25653.0,0.0,C650657798,7395.0,2164952.74,0,0
7,CASH_OUT,30236.6,C459916882,44747.31,14510.72,C1790831319,110220.0,66958.78,0,0
7,CASH_OUT,354744.01,C1502876697,30128.35,0.0,C1028574311,3291426.08,5141218.55,0,0
7,CASH_OUT,48093.42,C11702225,9737.37,0.0,C1379289710,149591.0,1820155.85,0,0
7,CASH_OUT,391044.19,C554536785,0.0,0.0,C458582664,8440177.31,12776817.91,0,0
7,TRANSFER,548825.59,C1326595662,20859.0,0.0,C47827984,21275.17,207790.0,0,0
7,CASH_OUT,215832.42,C475952542,0.0,0.0,C884262954,552727.64,3043577.11,0,0
7,CASH_OUT,197091.08,C143044035,0.0,0.0,C1531333864,1176706.82,1754717.64,0,0
7,CASH_OUT,122856.89,C1948196425,1873.0,0.0,C1450828900,126906.96,0.0,0,0
7,CASH_OUT,275282.73,C1229606332,0.0,0.0,C1870252780,10857989.45,16667982.08,0,0
7,TRANSFER,638258.37,C1846279080,13295.0,0.0,C2144647660,60584.47,0.0,0,0
7,TRANSFER,308866.85,C1568276332,227143.0,0.0,C1137350304,118251.93,212657.82,0,0
7,TRANSFER,441707.09,C762175304,22312.0,0.0,C1027017168,163834.36,1361101.48,0,0
7,CASH_OUT,109340.15,C699614151,0.0,0.0,C1698704934,138761.87,0.0,0,0
7,TRANSFER,872458.01,C1989111678,801455.84,0.0,C1504109395,4548160.12,4324988.42,0,0
7,TRANSFER,1607754.67,C2088237225,0.0,0.0,C451111351,7255066.28,13101828.29,0,0
7,TRANSFER,2702697.15,C1156269888,0.0,0.0,C1916720513,7174601.03,14711326.65,0,0
7,TRANSFER,1107283.97,C581771665,0.0,0.0,C1360767589,9162711.27,18482735.85,0,0
7,TRANSFER,2022478.14,C794054181,0.0,0.0,C1635341595,2235795.01,6191938.31,0,0
7,TRANSFER,276486.01,C1822771670,0.0,0.0,C861720625,851637.95,1752674.41,0,0
7,TRANSFER,652011.16,C1919603269,0.0,0.0,C1945802665,901482.77,1471945.15,0,0
7,TRANSFER,833899.71,C964744240,0.0,0.0,C1266035080,2225265.15,3232606.04,0,0
7,TRANSFER,490783.39,C875073603,0.0,0.0,C1982828534,632033.35,1912526.2,0,0
7,TRANSFER,111935.03,C1921357033,0.0,0.0,C287711177,201862.0,252857.3,0,0
7,TRANSFER,1060628.02,C1448708102,0.0,0.0,C1870252780,11133272.18,16667982.08,0,0
7,TRANSFER,891178.35,C1766320041,0.0,0.0,C1487669283,972420.78,2349962.91,0,0
7,TRANSFER,286915.64,C421386314,0.0,0.0,C872592585,1621888.15,2265853.97,0,0
7,TRANSFER,674735.04,C1205937500,0.0,0.0,C2083562754,7021467.43,18123750.85,0,0
7,TRANSFER,346724.57,C1575132190,0.0,0.0,C2103065350,651251.05,1135043.98,0,0
7,TRANSFER,131120.32,C189682340,0.0,0.0,C1945802665,1553493.93,1471945.15,0,0
7,CASH_OUT,117516.91,C1684137658,479736.79,362219.88,C295081230,130938.66,1679841.2,0,0
7,TRANSFER,554974.86,C1101292803,31222.0,0.0,C1434389049,422551.97,0.0,0,0
7,TRANSFER,469034.5,C1045186833,56173.0,0.0,C1722141669,200202.8,1118549.36,0,0
7,CASH_OUT,33643.16,C2051596422,11383.0,0.0,C1661355634,30947.0,47751.43,0,0
7,CASH_OUT,287634.02,C1564510985,17889.13,0.0,C985934102,5827219.22,8663416.6,0,0
7,TRANSFER,695882.07,C1205860315,61480.0,0.0,C1979563377,0.0,385148.8,0,0
7,TRANSFER,437865.77,C175429755,53383.0,0.0,C1340123681,21290.0,824371.62,0,0
7,CASH_OUT,307489.88,C562613126,0.0,0.0,C1761291320,883959.67,470920.19,0,0
7,TRANSFER,7147.25,C1834651144,1526.32,0.0,C1757533511,19576.0,1472554.74,0,0
7,TRANSFER,126053.66,C174697694,0.0,0.0,C1303868418,5945107.99,10007761.88,0,0
7,TRANSFER,1531222.64,C466056285,0.0,0.0,C863811613,2695588.45,14247328.87,0,0
7,TRANSFER,885690.72,C1038479778,0.0,0.0,C1031639563,1776169.36,5739012.22,0,0
7,TRANSFER,834813.74,C74842840,0.0,0.0,C1394526584,1050820.41,5038256.49,0,0
7,TRANSFER,932376.52,C1136546260,0.0,0.0,C1360767589,10269995.24,18482735.85,0,0
7,TRANSFER,52223.34,C1677439074,0.0,0.0,C1805683209,6055176.0,7428081.5,0,0
7,TRANSFER,705156.96,C1895900510,0.0,0.0,C490150701,1240790.91,1983599.05,0,0
7,TRANSFER,93151.16,C1171622244,0.0,0.0,C481402298,4339557.84,8144736.91,0,0
7,TRANSFER,593433.25,C1960071419,0.0,0.0,C374625527,1265679.29,5175906.61,0,0
7,TRANSFER,427648.13,C1251120803,0.0,0.0,C1450133081,493580.49,1062758.67,0,0
7,TRANSFER,178365.22,C851538298,0.0,0.0,C2086207545,249860.01,202129.37,0,0
7,TRANSFER,171635.38,C273617420,30861.0,0.0,C1343134043,101420.75,99085.03,0,0
7,CASH_OUT,145688.12,C495332867,24973.0,0.0,C1457383927,0.0,242997.39,0,0
7,TRANSFER,528826.09,C1598973752,1157231.83,628405.74,C1163480574,1036080.56,1798734.57,0,0
7,CASH_OUT,426481.02,C1157398688,173.0,0.0,C1339765646,40403.0,165103.45,0,0
7,CASH_OUT,121928.82,C1928689478,1982.8,0.0,C1529115495,347718.78,2956183.79,0,0
7,CASH_OUT,117556.26,C664869723,0.0,0.0,C1450828900,249763.85,0.0,0,0
7,CASH_OUT,159697.51,C1463879840,52075.0,0.0,C1725548614,0.0,279809.81,0,0
7,CASH_OUT,170019.56,C1000292364,50054.0,0.0,C582320549,283901.67,1382676.85,0,0
7,CASH_OUT,66567.49,C514975239,25327.0,0.0,C404923931,0.0,40666.15,0,0
7,TRANSFER,584283.47,C108878855,698842.84,114559.37,C1373467808,65726.18,1031613.74,0,0
7,CASH_OUT,441723.63,C401408785,114559.37,0.0,C459172227,720741.01,2591462.11,0,0
7,TRANSFER,798390.38,C297833437,12425.0,0.0,C420561530,49049.0,366505.7,0,0
7,TRANSFER,79742.88,C851602984,11617.0,0.0,C1601071362,7282.69,0.0,0,0
7,TRANSFER,45162.78,C37282500,17772.0,0.0,C1052170153,839081.63,151635.37,0,0
7,TRANSFER,147799.96,C1100692677,11409.0,0.0,C1257704323,5503.83,0.0,0,0
7,TRANSFER,435108.64,C689156474,16861.0,0.0,C1978557426,8184.0,1581167.12,0,0
7,TRANSFER,302239.82,C201046075,220974.57,0.0,C35534346,10317.66,0.0,0,0
7,CASH_OUT,35567.12,C1143313176,136507.0,100939.88,C5592464,4714.8,41955.54,0,0
7,TRANSFER,2059918.28,C1648294933,100939.88,0.0,C2083562754,7696202.47,18123750.85,0,0
7,TRANSFER,124347.46,C638603948,0.0,0.0,C591862575,266352.89,0.0,0,0
7,TRANSFER,2206784.53,C1234540159,0.0,0.0,C1787868648,3759570.24,15128076.87,0,0
7,TRANSFER,1068020.61,C566255878,192.0,0.0,C314245922,8564.0,1294258.89,0,0
7,CASH_OUT,98559.87,C1969820772,164150.92,65591.04,C1533182537,115995.69,80452.71,0,0
7,TRANSFER,57745.79,C1468240798,502803.0,445057.21,C339082934,181817.76,0.0,0,0
7,TRANSFER,740162.43,C348433835,27102.0,0.0,C1218365329,506.0,1347353.23,0,0
7,TRANSFER,355428.35,C2125697331,19934.0,0.0,C1027017168,605541.45,1361101.48,0,0
7,TRANSFER,681857.19,C1606384221,14579.0,0.0,C2120528456,11429.0,657124.13,0,0
7,CASH_OUT,185374.5,C327397254,0.0,0.0,C2083562754,9756120.75,18123750.85,0,0
7,CASH_OUT,225025.33,C1915997554,0.0,0.0,C8290162,3968686.24,6650282.66,0,0
7,CASH_OUT,269419.55,C1702158344,0.0,0.0,C716083600,4023421.66,7382990.5,0,0
7,CASH_OUT,471135.51,C859637788,0.0,0.0,C787033725,1651854.98,4547905.63,0,0
7,CASH_OUT,256920.65,C1036807778,0.0,0.0,C1880332929,14397864.35,14299084.37,0,0
7,CASH_OUT,162113.78,C1375235316,0.0,0.0,C490150701,1945947.87,1983599.05,0,0
7,CASH_OUT,25065.56,C323924579,0.0,0.0,C1808652004,58329.95,246975.01,0,0
7,CASH_OUT,137879.15,C1223177726,0.0,0.0,C638590716,333751.15,4592962.92,0,0
7,CASH_OUT,91481.71,C369753599,0.0,0.0,C1149273771,700383.04,6347068.5,0,0
7,CASH_OUT,29833.23,C67415046,0.0,0.0,C1902797635,55032.0,41317.86,0,0
7,CASH_OUT,257782.11,C1648347983,0.0,0.0,C490150701,2108061.65,1983599.05,0,0
7,TRANSFER,568556.25,C1850414569,798.0,0.0,C641009714,160.0,0.0,0,0
7,TRANSFER,258559.5,C483145802,5102.0,0.0,C193864812,302931.44,461760.23,0,0
7,TRANSFER,22332.44,C1388809463,132.0,0.0,C90250170,0.0,22332.44,0,0
7,TRANSFER,1027015.31,C1095134072,339.0,0.0,C158876320,133344.4,2984846.84,0,0
7,TRANSFER,914395.61,C754692194,20286.0,0.0,C465499079,1264563.9,6457094.34,0,0
7,TRANSFER,371492.92,C960060793,79345.0,0.0,C1286084959,8590840.56,12959765.0,0,0
7,CASH_OUT,183330.39,C12075363,0.0,0.0,C619068319,239186.0,225745.92,0,0
7,CASH_OUT,139359.19,C481275262,0.0,0.0,C382934088,398027.3,1030696.9,0,0
7,TRANSFER,328683.58,C973970201,30227.0,0.0,C1360767589,11202371.76,18482735.85,0,0
7,TRANSFER,89659.74,C1397283620,17424.0,0.0,C1002031672,0.0,0.0,0,0
7,CASH_OUT,223046.78,C1166478592,341709.32,118662.54,C1856036778,3581394.8,13688613.94,0,0
7,CASH_OUT,215955.28,C1890676535,31153.91,0.0,C1211297851,42502.98,862194.34,0,0
7,TRANSFER,343174.41,C1547251961,96.0,0.0,C75457651,22257.86,323253.31,0,0
7,CASH_OUT,79133.28,C1825562344,10612.55,0.0,C110721357,13682.0,1018381.44,0,0
7,TRANSFER,923783.27,C1166648980,15595.0,0.0,C439078113,20520.0,1886598.11,0,0
7,TRANSFER,272865.29,C322842778,45618.0,0.0,C1211297851,258458.25,862194.34,0,0
7,CASH_OUT,342442.83,C320006189,102192.0,0.0,C1937962514,10549.51,1581311.49,0,0
7,TRANSFER,431801.97,C2084236508,106591.0,0.0,C1174600239,464381.56,729214.48,0,0
7,TRANSFER,768235.45,C178759475,402186.0,0.0,C814900611,11638.0,4893599.98,0,0
7,CASH_OUT,41857.11,C1333842722,182615.17,140758.06,C1207946845,66320.0,1079004.45,0,0
7,CASH_OUT,455594.8,C795600289,140758.06,0.0,C1083142315,1078062.48,1930535.01,0,0
7,CASH_OUT,315307.95,C520255529,0.0,0.0,C1926673338,1777860.86,2125199.85,0,0
7,CASH_OUT,68554.29,C290672305,0.0,0.0,C758750856,329088.84,945056.48,0,0
7,CASH_OUT,92724.47,C1476626042,0.0,0.0,C1501701470,762695.31,4463342.32,0,0
7,CASH_OUT,185444.75,C674575926,0.0,0.0,C306206744,9650023.7,9637803.63,0,0
7,CASH_OUT,84336.04,C620417065,0.0,0.0,C128870695,13958695.54,14456678.26,0,0
7,CASH_OUT,432672.34,C802628801,0.0,0.0,C1948471365,1622519.65,4628857.24,0,0
7,CASH_OUT,522371.25,C1797478167,0.0,0.0,C875917495,714377.17,6097795.83,0,0
7,CASH_OUT,772223.54,C1789286595,0.0,0.0,C1060041730,1875461.52,16532032.16,0,0
7,CASH_OUT,256043.45,C414168614,0.0,0.0,C875761527,872475.01,1238942.28,0,0
7,CASH_OUT,75492.16,C239626462,0.0,0.0,C216890954,99108.0,0.0,0,0
7,CASH_OUT,186722.07,C2141330927,0.0,0.0,C295372946,943506.78,472083.92,0,0
7,CASH_OUT,113989.39,C664416920,0.0,0.0,C1450133081,921228.61,1062758.67,0,0
7,CASH_OUT,36020.53,C1122086603,0.0,0.0,C1453128758,42270.49,336777.18,0,0
7,CASH_OUT,57154.02,C262287569,0.0,0.0,C1266035080,3059164.86,3232606.04,0,0
7,CASH_OUT,133210.0,C1619007919,0.0,0.0,C599726537,143040.45,528200.34,0,0
7,CASH_OUT,114585.11,C377022933,0.0,0.0,C1559145228,380676.0,82996.57,0,0
7,CASH_OUT,14942.57,C1503697447,0.0,0.0,C459172227,1162464.63,2591462.11,0,0
7,CASH_OUT,42327.16,C1201282426,0.0,0.0,C533866202,79310.0,0.0,0,0
7,CASH_OUT,34798.28,C666315079,0.0,0.0,C2078522098,112759.0,0.0,0,0
7,CASH_OUT,66231.84,C1993361957,0.0,0.0,C1092318644,916058.09,2525331.77,0,0
7,CASH_OUT,28247.26,C729581434,0.0,0.0,C1754599205,30087.0,45454.38,0,0
7,CASH_OUT,277736.81,C1008352930,0.0,0.0,C1317731757,764521.9,322519.15,0,0
7,CASH_OUT,47855.66,C586798455,0.0,0.0,C72565662,120362.02,0.0,0,0
7,CASH_OUT,7863.42,C1443639919,0.0,0.0,C1601071362,87025.57,0.0,0,0
7,CASH_OUT,91589.47,C428091523,0.0,0.0,C643996026,104739.0,38124.05,0,0
7,CASH_OUT,442011.3,C1955002943,0.0,0.0,C798678484,1894390.69,3249604.9,0,0
7,CASH_OUT,266237.57,C406375349,0.0,0.0,C1933965693,522433.81,2074668.33,0,0
7,CASH_OUT,58987.95,C797969815,0.0,0.0,C646059443,134693.0,537463.33,0,0
7,CASH_OUT,335704.28,C401139926,0.0,0.0,C1149273771,791864.76,6347068.5,0,0
7,CASH_OUT,376966.61,C1425850134,0.0,0.0,C1103621993,471298.94,129998.25,0,0
7,TRANSFER,670961.13,C1932853810,4089.0,0.0,C611621587,525861.66,4336721.33,0,0
7,TRANSFER,1364790.3,C1761328019,2301.4,0.0,C1394526584,1885634.16,5038256.49,0,0
7,TRANSFER,1919855.45,C864288812,0.0,0.0,C1816757085,9803563.12,14048634.13,0,0
7,TRANSFER,1114525.24,C306871276,0.0,0.0,C766681183,14837269.6,17356500.26,0,0
7,TRANSFER,2026545.3,C695348647,0.0,0.0,C1590550415,18850715.66,21939087.4,0,0
7,TRANSFER,504032.05,C484453433,0.0,0.0,C459172227,1177407.2,2591462.11,0,0
7,TRANSFER,255863.02,C259447529,0.0,0.0,C1727565779,1214231.1,7117684.54,0,0
7,TRANSFER,65457.92,C1310868976,0.0,0.0,C1334272276,81698.88,220712.61,0,0
7,TRANSFER,662052.68,C1988445830,0.0,0.0,C97730845,15455655.11,23005385.41,0,0
7,CASH_OUT,239823.8,C240173558,60055.0,0.0,C1541743053,198.0,0.0,0,0
7,CASH_OUT,417913.15,C1379731404,0.0,0.0,C413177525,1114130.4,3489392.77,0,0
7,CASH_OUT,47128.23,C1970814233,77827.91,30699.68,C35534346,312557.48,0.0,0,0
7,CASH_OUT,394537.91,C178076624,44150.79,0.0,C1782704802,573169.17,2380934.8,0,0
7,TRANSFER,140028.64,C988344688,124590.0,0.0,C1247037042,30378.0,5136.56,0,0
7,TRANSFER,201314.94,C950397749,6090.0,0.0,C2065199032,17481.83,349087.32,0,0
7,TRANSFER,604933.61,C24682673,41.0,0.0,C1424731356,198.0,0.0,0,0
7,TRANSFER,345357.47,C2026365267,149.0,0.0,C118648358,0.0,948711.06,0,0
7,CASH_OUT,125291.85,C79061114,59670.43,0.0,C2011996123,2983761.68,9264344.9,0,0
7,TRANSFER,164630.93,C1358484723,25340.0,0.0,C559483701,6051.0,0.0,0,0
7,TRANSFER,153720.69,C1970855888,257055.0,103334.31,C1113848808,1116.0,166522.15,0,0
7,CASH_OUT,62061.18,C1984786708,30539.0,0.0,C811037326,9092.0,41482.56,0,0
7,CASH_OUT,67622.13,C1766028077,61724.3,0.0,C1921838990,74847.0,261434.22,0,0
7,CASH_OUT,194733.84,C828110785,0.0,0.0,C1036454560,808636.09,0.0,0,0
7,CASH_OUT,402702.56,C951799119,0.0,0.0,C1311325237,493022.24,5465400.62,0,0
7,CASH_OUT,208004.96,C643050567,0.0,0.0,C9916873,503850.18,790472.9,0,0
7,CASH_OUT,67360.57,C1425861051,0.0,0.0,C1473237843,130705.1,347898.56,0,0
7,CASH_OUT,155547.47,C980941082,0.0,0.0,C728885526,354441.47,608211.84,0,0
7,CASH_OUT,39339.79,C1489246766,0.0,0.0,C439917369,202220.38,1503528.24,0,0
7,CASH_OUT,235827.23,C1601516389,0.0,0.0,C1233191588,800675.54,0.0,0,0
7,CASH_OUT,288456.86,C1819781121,0.0,0.0,C1389405694,756525.56,1738350.23,0,0
7,CASH_OUT,202232.48,C1766667196,0.0,0.0,C578294406,306989.33,1909674.3,0,0
7,CASH_OUT,365690.6,C287330769,0.0,0.0,C1036454560,1003369.93,0.0,0,0
7,CASH_OUT,135.29,C1740158603,0.0,0.0,C420398953,312111.34,963198.49,0,0
7,CASH_OUT,207296.07,C912145885,0.0,0.0,C1916720513,9877298.18,14711326.65,0,0
7,CASH_OUT,129369.53,C906901625,0.0,0.0,C295081230,248455.57,1679841.2,0,0
7,CASH_OUT,90530.89,C624122288,0.0,0.0,C1759482496,110779.84,2912335.58,0,0
7,CASH_OUT,302997.69,C119390067,0.0,0.0,C1979563377,695882.07,385148.8,0,0
7,CASH_OUT,262048.86,C1080744600,0.0,0.0,C683605346,939219.94,1371546.23,0,0
7,CASH_OUT,33433.88,C123797276,0.0,0.0,C381605910,130129.08,759872.18,0,0
7,CASH_OUT,8803.59,C941742233,0.0,0.0,C914293025,1911008.51,2755264.61,0,0
7,CASH_OUT,84709.47,C1378684617,0.0,0.0,C1348373832,147389.41,1072919.03,0,0
7,CASH_OUT,109451.51,C1141219342,0.0,0.0,C1674899618,10006403.16,12588180.96,0,0
7,CASH_OUT,89515.64,C1151156109,0.0,0.0,C1161820020,125105.0,0.0,0,0
7,CASH_OUT,147982.87,C1926156951,0.0,0.0,C717951588,472988.43,989801.23,0,0
7,CASH_OUT,76725.26,C575983040,0.0,0.0,C1113848808,154836.69,166522.15,0,0
7,CASH_OUT,85646.71,C1347095152,4977.57,0.0,C1076835071,807019.05,2161457.75,0,0
7,TRANSFER,88610.01,C187226364,855722.02,767112.01,C991363637,12640882.44,11956594.11,0,0
7,CASH_OUT,227883.23,C1310406374,10391.0,0.0,C1369695156,442959.33,5966884.67,0,0
7,TRANSFER,709574.97,C1040689511,773.0,0.0,C1321139761,11231.0,1521202.97,0,0
7,CASH_OUT,100893.48,C239380282,71430.0,0.0,C1978557426,443292.64,1581167.12,0,0
7,TRANSFER,489221.61,C1895032440,52.46,0.0,C1174600239,491437.49,729214.48,0,0
7,CASH_OUT,181738.3,C1913161514,2017628.57,1835890.27,C483370168,345136.05,0.0,0,0
7,CASH_OUT,328382.12,C365983168,1835890.27,1507508.16,C1825389809,705738.36,1077837.29,0,0
7,CASH_OUT,225586.11,C706328141,1507508.16,1281922.04,C423580937,1579360.2,12682009.97,0,0
7,CASH_OUT,248495.72,C779315020,1281922.04,1033426.33,C8733802,255206.17,303705.52,0,0
7,CASH_OUT,326315.22,C418681983,1033426.33,707111.1,C505973878,1017410.12,1461299.3,0,0
7,CASH_OUT,454200.46,C245144788,707111.1,252910.65,C641009714,568716.25,0.0,0,0
7,CASH_OUT,190799.5,C1775298708,252910.65,62111.14,C392292416,4031770.65,6564973.2,0,0
7,CASH_OUT,264780.41,C1554824165,62111.14,0.0,C968448640,555373.44,3438487.71,0,0
7,CASH_OUT,52689.81,C1615305571,0.0,0.0,C35263828,132320.03,0.0,0,0
7,CASH_OUT,29193.22,C181916035,0.0,0.0,C776404949,57904.0,50199.24,0,0
7,CASH_OUT,172998.37,C1680677893,0.0,0.0,C1982828534,1122816.74,1912526.2,0,0
7,CASH_OUT,238899.06,C1575477494,0.0,0.0,C158876320,1160359.71,2984846.84,0,0
7,CASH_OUT,28901.37,C19395754,0.0,0.0,C23678140,124625.0,0.0,0,0
7,CASH_OUT,93436.22,C893937348,0.0,0.0,C1887692104,254858.99,0.0,0,0
7,CASH_OUT,95404.44,C956930396,0.0,0.0,C183354406,4861702.48,4267082.25,0,0
7,CASH_OUT,125966.96,C1535852251,0.0,0.0,C1628737580,513463.1,875254.1,0,0
7,CASH_OUT,57850.69,C1698104228,0.0,0.0,C122086708,344137.53,0.0,0,0
7,CASH_OUT,63322.59,C322905984,0.0,0.0,C998255530,415105.48,331925.12,0,0
7,CASH_OUT,73088.73,C1711902658,0.0,0.0,C533866202,121637.16,0.0,0,0
7,CASH_OUT,85746.19,C1693849662,0.0,0.0,C571514738,203191.0,0.0,0,0
7,CASH_OUT,24501.27,C964758823,0.0,0.0,C1898859288,36741.44,896323.73,0,0
7,CASH_OUT,299917.08,C2007561282,3387.0,0.0,C1207946845,108177.11,1079004.45,0,0
7,CASH_OUT,83839.61,C2050944630,137.0,0.0,C596299019,11490.57,644344.55,0,0
7,CASH_OUT,226467.65,C27741797,0.0,0.0,C657255537,987038.48,2036309.01,0,0
7,TRANSFER,576852.15,C1126540006,164289.0,0.0,C668345982,0.0,879599.54,0,0
7,CASH_OUT,342723.28,C728521845,177475.59,0.0,C665576141,7107261.39,14786300.22,0,0
7,CASH_OUT,125178.51,C584782680,0.0,0.0,C1634190383,195766.6,323327.96,0,0
7,CASH_OUT,531211.6,C650879565,0.0,0.0,C1327907419,606403.39,1204577.24,0,0
7,CASH_OUT,186388.22,C1687977967,0.0,0.0,C1369695156,670842.55,5966884.67,0,0
7,CASH_OUT,87364.19,C1455886255,8511.39,0.0,C1888439681,766026.72,3476255.29,0,0
7,TRANSFER,173483.88,C692643156,315350.16,141866.28,C2057394816,635598.5,1655161.56,0,0
7,TRANSFER,337830.04,C1193029029,141866.28,0.0,C405881980,972460.41,3078509.79,0,0
7,TRANSFER,218462.58,C1773172519,9915.0,0.0,C1934634055,4251.0,474803.34,0,0
7,CASH_OUT,171405.65,C1653420323,68939.99,0.0,C2128665553,251643.58,262835.22,0,0
7,CASH_OUT,144193.56,C2125637225,63830.65,0.0,C1373172466,1844518.2,4791597.89,0,0
7,TRANSFER,532718.19,C1694645625,119.0,0.0,C1619402333,2672893.18,5810930.82,0,0
7,TRANSFER,307871.02,C1339519577,14474.0,0.0,C288106800,26779.28,147892.68,0,0
7,CASH_OUT,318765.21,C1458619976,1528.0,0.0,C1973191571,30459.0,127424.27,0,0
7,TRANSFER,507939.66,C318197400,152290.0,0.0,C1414529337,1448.0,0.0,0,0
7,TRANSFER,80402.49,C1539364397,8.0,0.0,C806667375,13081.0,64458.63,0,0
7,CASH_OUT,78648.45,C45745864,24336.53,0.0,C1337741679,513965.47,4670415.04,0,0
7,TRANSFER,913261.08,C1410686574,20920.0,0.0,C492997256,5086.0,3791280.72,0,0
7,CASH_OUT,21453.68,C1395165116,1777.23,0.0,C1825634724,164540.69,1542240.66,0,0
7,CASH_OUT,48208.33,C2029329313,0.0,0.0,C1251686742,485404.38,1311387.88,0,0
7,CASH_OUT,99582.52,C1820575855,0.0,0.0,C2117043942,148900.44,256754.9,0,0
7,CASH_OUT,210453.37,C1758165678,0.0,0.0,C439917369,241560.16,1503528.24,0,0
7,CASH_OUT,68107.22,C2135496044,0.0,0.0,C216890954,174600.16,0.0,0,0
7,CASH_OUT,162664.32,C791748919,0.0,0.0,C219543946,207305.0,718573.51,0,0
7,CASH_OUT,53310.28,C1560499214,0.0,0.0,C2100990049,190117.0,0.0,0,0
7,CASH_OUT,192600.03,C1856920330,0.0,0.0,C1938348365,457702.59,854916.91,0,0
7,CASH_OUT,21367.91,C1501282758,0.0,0.0,C1674899618,10115854.67,12588180.96,0,0
7,CASH_OUT,119162.63,C2145741639,0.0,0.0,C863811613,4226811.09,14247328.87,0,0
7,CASH_OUT,359613.53,C1571846873,55511.56,0.0,C1651945012,1291909.41,2542356.18,0,0
7,TRANSFER,101143.04,C223998357,70145.0,0.0,C316486913,49588.17,0.0,0,0
7,TRANSFER,437410.02,C1478168970,100589.0,0.0,C1456465598,17384.73,87715.94,0,0
7,TRANSFER,307058.55,C200028247,92809.0,0.0,C1137422246,41640.8,60079.51,0,0
7,CASH_OUT,193412.89,C41753255,0.0,0.0,C490150701,2068134.97,1983599.05,0,0
7,CASH_OUT,75122.41,C1752820791,0.0,0.0,C405881980,1310290.45,3078509.79,0,0
7,TRANSFER,320521.87,C1875145128,304980.0,0.0,C1808652004,83395.51,246975.01,0,0
7,TRANSFER,705326.95,C991634229,10868.0,0.0,C985934102,6114853.24,8663416.6,0,0
7,CASH_OUT,63361.61,C987991758,22082.01,0.0,C1834186423,537623.56,195248.73,0,0
7,CASH_OUT,304741.92,C1484984364,0.0,0.0,C906718881,384648.53,137466.79,0,0
7,CASH_OUT,188026.05,C445817401,9586.07,0.0,C1334973394,926508.06,1421615.52,0,0
7,CASH_OUT,102519.32,C1967723073,432.0,0.0,C670244241,1571.66,8209.39,0,0
7,CASH_OUT,222215.17,C782948288,5951.0,0.0,C1689262323,0.0,14639.3,0,0
7,TRANSFER,275663.45,C755680968,3006.0,0.0,C674913323,20760.0,4984485.97,0,0
7,CASH_OUT,492941.08,C2088061107,20834.67,0.0,C423580937,1804946.31,12682009.97,0,0
7,CASH_OUT,115068.84,C120778099,197250.0,82181.16,C1246297699,15217.0,0.0,0,0
7,CASH_OUT,167377.53,C358143210,39691.0,0.0,C653593128,23725.92,2388.99,0,0
7,CASH_OUT,30814.24,C374559056,412215.0,381400.76,C1573641401,11015.0,17919.18,0,0
7,CASH_OUT,163632.11,C1828844657,38159.0,0.0,C208341157,20830.0,0.0,0,0
7,TRANSFER,792938.33,C1919545589,7117.82,0.0,C665576141,7449984.67,14786300.22,0,0
7,TRANSFER,1295720.56,C279519413,1420.0,0.0,C748014372,11131.0,5263349.98,0,0
7,CASH_OUT,392546.09,C925494289,246291.45,0.0,C1778300121,619877.35,3089439.33,0,0
7,CASH_OUT,43935.06,C2115162896,0.0,0.0,C2112142735,47485.0,39612.46,0,0
7,TRANSFER,161197.69,C1014141231,39046.0,0.0,C571435580,693878.31,1530653.61,0,0
7,TRANSFER,435944.41,C1418743778,20607.0,0.0,C1532153384,1700.0,3614408.95,0,0
7,TRANSFER,357663.13,C1936728619,19048.28,0.0,C1643855278,9110751.15,9680855.68,0,0
7,CASH_OUT,289543.52,C792662185,21506.0,0.0,C363475076,1135.0,0.0,0,0
7,TRANSFER,940401.29,C1812311653,5084.0,0.0,C1395746279,71056.44,1391020.69,0,0
7,TRANSFER,379856.57,C1668523859,28170.0,0.0,C75629578,58934.99,707849.71,0,0
7,CASH_OUT,97166.14,C745484168,36516.76,0.0,C1728766751,2112678.03,6385532.2,0,0
7,CASH_OUT,88295.03,C2008566835,90563.83,2268.8,C1300519073,458363.86,807759.84,0,0
7,CASH_OUT,384036.22,C605105860,53145.33,0.0,C1728766751,2209844.17,6385532.2,0,0
7,CASH_OUT,164353.06,C1784709811,0.0,0.0,C1181708889,275989.4,684138.15,0,0
7,CASH_OUT,240780.85,C1046702013,157702.0,0.0,C1564931235,177022.19,742404.44,0,0
7,CASH_OUT,24591.6,C8392646,53561.0,28969.4,C619120762,0.0,25709.37,0,0
7,TRANSFER,1331086.47,C1982404838,15432.0,0.0,C1210180003,59949.22,1313362.94,0,0
7,CASH_OUT,183013.09,C285297947,71698.74,0.0,C1541385794,349408.24,47342.1,0,0
7,TRANSFER,606149.34,C1663011970,1866.0,0.0,C115885991,925.0,4215505.1,0,0
7,CASH_OUT,120788.89,C2004600256,19095.74,0.0,C1954751748,622309.71,738409.98,0,0
7,CASH_OUT,431246.31,C245277367,37128.9,0.0,C70895366,818023.44,1396863.34,0,0
7,CASH_OUT,359122.16,C1329675084,0.0,0.0,C1060041730,2633307.62,16532032.16,0,0
7,CASH_OUT,481547.02,C267762692,0.0,0.0,C861720625,623571.16,1752674.41,0,0
7,CASH_OUT,344090.58,C2030785009,0.0,0.0,C798678484,2336402.0,3249604.9,0,0
7,CASH_OUT,88716.34,C41672573,0.0,0.0,C1991274064,95998.0,0.0,0,0
7,CASH_OUT,308546.93,C1143349029,0.0,0.0,C1554540309,6790820.0,9235911.02,0,0
7,CASH_OUT,201657.61,C1712426553,0.0,0.0,C1982828534,1295815.11,1912526.2,0,0
7,CASH_OUT,571361.67,C1161220051,0.0,0.0,C158876320,1089955.25,2984846.84,0,0
7,CASH_OUT,294939.52,C426405951,0.0,0.0,C1394526584,3250424.46,5038256.49,0,0
7,CASH_OUT,76730.31,C1833011968,0.0,0.0,C800288141,82374.0,63838.87,0,0
7,CASH_OUT,13017.73,C122396887,0.0,0.0,C1671386208,48719.0,6214174.81,0,0
7,CASH_OUT,163429.05,C1961934778,0.0,0.0,C1181708889,440342.46,684138.15,0,0
7,TRANSFER,186331.92,C1053934227,1786.0,0.0,C988138425,1572214.09,4310701.91,0,0
7,TRANSFER,463128.71,C1604933570,0.0,0.0,C611621587,1196822.8,4336721.33,0,0
7,TRANSFER,407955.83,C96340472,0.0,0.0,C128870695,14043031.58,14456678.26,0,0
7,TRANSFER,270453.42,C1370862296,1114534.11,844080.69,C1195378184,0.0,1613158.27,0,0
7,CASH_OUT,75912.15,C1098773229,12829.0,0.0,C1725548614,159697.51,279809.81,0,0
7,TRANSFER,239745.92,C235787922,28433.0,0.0,C907892387,20942.0,239739.51,0,0
7,TRANSFER,328632.66,C973131211,4778.0,0.0,C1354952534,849307.49,1868994.9,0,0
7,CASH_OUT,76228.96,C1727643675,2272.48,0.0,C2072865894,182117.56,520068.82,0,0
7,TRANSFER,258938.55,C1638384551,14657.0,0.0,C1014923261,43439.81,1434633.69,0,0
7,TRANSFER,55289.69,C228052690,622.0,0.0,C1826334428,48477.94,42329.95,0,0
7,TRANSFER,1220563.82,C1377095440,9136.73,0.0,C748014372,1306851.56,5263349.98,0,0
7,CASH_OUT,167538.42,C394159238,696714.01,529175.59,C118648358,345357.47,948711.06,0,0
7,CASH_OUT,613578.07,C1221735562,529175.59,0.0,C872592585,1908803.79,2265853.97,0,0
7,CASH_OUT,209333.15,C418980705,16640.51,0.0,C1369695156,857230.77,5966884.67,0,0
7,CASH_OUT,100812.25,C1530469330,0.0,0.0,C1401721023,120585.82,1602681.63,0,0
7,CASH_OUT,476994.4,C209381734,0.0,0.0,C884262954,768560.06,3043577.11,0,0
7,CASH_OUT,171842.82,C2048630710,8648.0,0.0,C294900736,15254.0,384446.11,0,0
7,TRANSFER,160854.75,C714560927,213911.29,53056.54,C97730845,16117707.78,23005385.41,0,0
7,TRANSFER,78966.11,C1236880933,53056.54,0.0,C189963646,844978.25,1592418.7,0,0
7,TRANSFER,134029.75,C2019909865,982.77,0.0,C904383922,725066.1,2065619.02,0,0
7,TRANSFER,1686679.57,C953697072,0.0,0.0,C423580937,2297887.4,12682009.97,0,0
7,TRANSFER,1741813.1,C888690253,0.0,0.0,C453211571,7515703.84,9831503.72,0,0
7,TRANSFER,1310262.22,C1717884393,0.0,0.0,C1040847151,4205166.98,7984433.54,0,0
7,TRANSFER,810561.98,C894796772,0.0,0.0,C1609562230,4560859.71,11087190.62,0,0
7,TRANSFER,1860431.8,C1341036477,0.0,0.0,C716083600,4292841.2,7382990.5,0,0
7,TRANSFER,41324.88,C961739315,0.0,0.0,C1013700132,2306192.98,4619940.36,0,0
7,TRANSFER,179787.29,C2035919725,0.0,0.0,C1255024717,12792920.89,17020715.36,0,0
7,TRANSFER,785724.89,C1611291905,0.0,0.0,C1870252780,12193900.2,16667982.08,0,0
7,TRANSFER,732167.83,C1541565890,0.0,0.0,C1220897602,1692140.25,10388904.22,0,0
7,TRANSFER,1795820.94,C1976535023,0.0,0.0,C1870252780,12979625.09,16667982.08,0,0
7,TRANSFER,312817.97,C1106860280,0.0,0.0,C1065997164,1243416.5,2826797.81,0,0
7,TRANSFER,404364.55,C1940518803,0.0,0.0,C439078113,944303.27,1886598.11,0,0
7,TRANSFER,352961.29,C997001305,0.0,0.0,C1982828534,1497472.72,1912526.2,0,0
7,TRANSFER,193190.22,C840171556,0.0,0.0,C1475395523,206568.6,147988.14,0,0
7,TRANSFER,263643.24,C958509062,0.0,0.0,C1635341595,4258273.16,6191938.31,0,0
7,TRANSFER,1087578.38,C84467166,0.0,0.0,C935808590,16157730.15,18381668.73,0,0
7,TRANSFER,1718569.78,C1450451686,0.0,0.0,C214774813,17771335.88,22638306.95,0,0
7,TRANSFER,48554.99,C1148390700,67444.0,18889.01,C1851192788,40071.0,5508.59,0,0
7,TRANSFER,355810.19,C225149737,15488.0,0.0,C892686452,4018.0,84046.97,0,0
7,CASH_OUT,225003.98,C1721319563,0.0,0.0,C408304912,262884.0,3158225.46,0,0
7,CASH_OUT,283595.4,C1220392443,0.0,0.0,C814900611,779873.45,4893599.98,0,0
7,TRANSFER,5197.0,C1613434461,20119.0,14922.0,C1450828900,367320.11,0.0,0,0
7,CASH_OUT,163435.59,C1551285237,59662.0,0.0,C557041912,125484.83,274680.12,0,0
7,CASH_OUT,237489.11,C1358880476,2843.0,0.0,C824197891,79000.19,1577892.84,0,0
7,CASH_OUT,400313.33,C415280083,38753.1,0.0,C97730845,16278562.53,23005385.41,0,0
7,TRANSFER,144518.57,C1825348545,256.0,0.0,C1991252420,43653.42,1241717.95,0,0
7,TRANSFER,331517.72,C665749419,277744.0,0.0,C824197891,316489.3,1577892.84,0,0
7,CASH_OUT,276885.49,C1435256020,347.93,0.0,C849038219,562542.17,1337271.15,0,0
7,TRANSFER,600899.63,C70089622,0.0,0.0,C189963646,923944.35,1592418.7,0,0
8,CASH_OUT,373404.04,C151544341,375640.0,2235.96,C1284149862,0.0,2465823.51,0,0
8,CASH_OUT,142406.28,C268998498,20263.0,0.0,C1459693562,0.0,71863.87,0,0
8,CASH_OUT,153939.93,C1361805131,61230.38,0.0,C79467401,283346.9,287210.83,0,0
8,CASH_OUT,297977.27,C1506030949,110046.0,0.0,C540629758,12268.0,0.0,0,0
8,CASH_OUT,88810.74,C1138473717,582.0,0.0,C1847521348,55550.0,99302.15,0,0
8,TRANSFER,1130004.37,C72496178,11251.0,0.0,C1740764606,16054.0,1939726.07,0,0
8,TRANSFER,1371578.05,C1060550557,5432.0,0.0,C518953848,0.0,1571399.65,0,0
8,CASH_OUT,292149.08,C2070314073,84221.01,0.0,C1429623854,765373.69,2256720.17,0,0
8,CASH_OUT,103556.89,C1996899491,119278.0,15721.11,C1825389809,1034120.48,1077837.29,0,0
8,CASH_OUT,49048.43,C1020982680,9559.0,0.0,C1730964371,199273.0,4416336.25,0,0
8,TRANSFER,362124.88,C1041427071,0.0,0.0,C329829198,4496702.45,5102121.72,0,0
8,TRANSFER,372303.15,C1469015613,0.0,0.0,C1052170153,884244.41,151635.37,0,0
8,TRANSFER,353840.77,C1214817879,0.0,0.0,C1778300121,1012423.43,3089439.33,0,0
8,TRANSFER,3236850.76,C594935031,148.0,0.0,C1452722471,50570.65,3197038.27,0,0
8,CASH_OUT,221750.78,C646945284,79877.0,0.0,C1269336757,34791.0,0.0,0,0
8,CASH_OUT,287495.44,C727239324,15208.0,0.0,C323302928,17860.2,717277.68,0,0
8,CASH_OUT,354162.24,C667294020,206.0,0.0,C875917495,1236748.42,6097795.83,0,0
8,CASH_OUT,304875.06,C2090401340,0.0,0.0,C1013700132,2347517.86,4619940.36,0,0
8,CASH_OUT,42710.48,C1691178332,0.0,0.0,C1626288305,44178.59,0.0,0,0
8,CASH_OUT,152939.48,C1397813881,19913.0,0.0,C1616972331,14123.0,42525.46,0,0
8,CASH_OUT,78785.27,C2138447676,22977.0,0.0,C323761934,8759.08,16629.35,0,0
8,TRANSFER,481707.23,C1828500527,26932.48,0.0,C30516998,582875.99,0.0,0,0
8,TRANSFER,2794982.53,C591190387,0.0,0.0,C1856036778,3804441.59,13688613.94,0,0
8,TRANSFER,3457807.35,C129339892,0.0,0.0,C991505714,9506473.57,13994753.4,0,0
8,TRANSFER,516276.21,C1661816191,0.0,0.0,C1327907419,1137614.99,1204577.24,0,0
8,TRANSFER,1630488.4,C1784267005,0.0,0.0,C1034584766,3103109.31,7164410.37,0,0
8,TRANSFER,413721.73,C803957636,0.0,0.0,C1303868418,6071161.65,10007761.88,0,0
8,TRANSFER,564453.06,C75134396,0.0,0.0,C1321139761,713686.15,1521202.97,0,0
8,TRANSFER,426157.04,C227911417,0.0,0.0,C977993101,2401776.88,3373302.83,0,0
8,TRANSFER,1790807.86,C703578526,0.0,0.0,C248609774,9701741.98,13033871.02,0,0
8,TRANSFER,323001.85,C1571563628,0.0,0.0,C667504652,328123.16,2175372.0,0,0
8,TRANSFER,220351.42,C179069424,0.0,0.0,C2100990049,243427.28,0.0,0,0
8,TRANSFER,123877.32,C707705906,0.0,0.0,C1424731356,605131.61,0.0,0,0
8,TRANSFER,278391.53,C2098887640,0.0,0.0,C1076835071,892665.77,2161457.75,0,0
8,TRANSFER,339874.29,C1103745887,0.0,0.0,C1849933855,628405.74,172707.34,0,0
8,TRANSFER,138267.86,C679713143,0.0,0.0,C437747500,296826.0,209542.79,0,0
8,TRANSFER,36712.02,C2006151033,0.0,0.0,C2127862399,570937.87,1388195.29,0,0
8,TRANSFER,124937.12,C1509498600,0.0,0.0,C1870107004,189902.0,0.0,0,0
8,TRANSFER,35289.98,C1453686179,0.0,0.0,C1427398085,60265.0,102856.38,0,0
8,TRANSFER,132433.73,C1650003489,0.0,0.0,C1178471274,1509884.02,2096994.78,0,0
8,TRANSFER,67339.74,C240995764,0.0,0.0,C1379289710,197684.42,1820155.85,0,0
8,TRANSFER,180700.06,C524422345,0.0,0.0,C1435804085,685874.78,1501855.54,0,0
8,CASH_OUT,61779.37,C816312878,22507.0,0.0,C1031639563,2661860.08,5739012.22,0,0
8,TRANSFER,1297983.66,C158976636,541.0,0.0,C2096057945,0.0,2453424.34,0,0
8,CASH_OUT,331265.02,C856767883,7022.86,0.0,C703957828,803243.72,4327929.06,0,0
8,CASH_OUT,85875.6,C1528717993,0.0,0.0,C2116802101,180116.0,1187770.16,0,0
8,CASH_OUT,33959.63,C619429631,32391.0,0.0,C300836639,0.0,19979.28,0,0
8,TRANSFER,965328.3,C82608259,146154.0,0.0,C1219248641,49620.0,1706725.26,0,0
8,CASH_OUT,323122.28,C646200434,735639.46,412517.18,C2029310301,116366.46,1315451.65,0,0
8,TRANSFER,847149.54,C2127821814,12727.0,0.0,C1951379728,281879.9,579909.62,0,0
8,TRANSFER,187004.72,C475526220,60432.0,0.0,C728526866,6434122.22,10520267.05,0,0
8,CASH_OUT,50329.52,C2044111787,10857.0,0.0,C1128830640,1560.0,0.0,0,0
8,TRANSFER,2767908.66,C91129657,0.0,0.0,C257999182,5685868.01,14960679.69,0,0
8,TRANSFER,2614699.02,C763724207,0.0,0.0,C1255024717,12972708.18,17020715.36,0,0
8,TRANSFER,871988.0,C1836950623,0.0,0.0,C1359484306,2141062.44,7364724.84,0,0
8,TRANSFER,101370.76,C565887400,0.0,0.0,C451111351,8862820.95,13101828.29,0,0
8,TRANSFER,1463920.48,C1344065001,0.0,0.0,C1060041730,2992429.78,16532032.16,0,0
8,TRANSFER,888251.0,C1368766140,0.0,0.0,C214774813,19489905.66,22638306.95,0,0
8,TRANSFER,845448.42,C1372241805,0.0,0.0,C1369695156,1066563.92,5966884.67,0,0
8,TRANSFER,405110.67,C638223261,0.0,0.0,C1231842708,726992.21,751281.48,0,0
8,TRANSFER,1089540.26,C282030384,0.0,0.0,C1778801068,10131889.79,11835842.92,0,0
8,TRANSFER,323085.22,C1813190083,0.0,0.0,C1373467808,650009.65,1031613.74,0,0
8,TRANSFER,229393.25,C1747056923,0.0,0.0,C2120528456,693286.19,657124.13,0,0
8,TRANSFER,770832.73,C440764905,0.0,0.0,C1065997164,1556234.47,2826797.81,0,0
8,TRANSFER,86210.76,C1911045472,0.0,0.0,C1103621993,758588.14,129998.25,0,0
8,TRANSFER,327456.01,C94475155,0.0,0.0,C875761527,1128518.46,1238942.28,0,0
8,TRANSFER,538596.02,C1647270685,0.0,0.0,C158876320,1661316.92,2984846.84,0,0
8,TRANSFER,280451.3,C1410571376,0.0,0.0,C1145835418,986412.38,1236584.82,0,0
8,TRANSFER,2014771.88,C1688250543,0.0,0.0,C2083562754,9941495.25,18123750.85,0,0
8,TRANSFER,2947.97,C1838449315,0.0,0.0,C755583709,187845.16,127533.46,0,0
8,CASH_OUT,210027.39,C1548164011,35652.25,0.0,C641009714,1022916.71,0.0,0,0
8,CASH_OUT,14297.83,C1362622374,134959.0,120661.17,C1491679067,33.0,0.0,0,0
8,TRANSFER,172723.34,C1259904298,16259.0,0.0,C2028191421,5630.0,190185.16,0,0
8,CASH_OUT,113815.88,C637323560,0.0,0.0,C189963646,1524843.99,1592418.7,0,0
8,CASH_OUT,318232.77,C1485814266,0.0,0.0,C295081230,377825.1,1679841.2,0,0
8,TRANSFER,1566937.73,C386204788,0.0,0.0,C1674899618,10137222.59,12588180.96,0,0
8,CASH_OUT,311854.03,C59844439,10886.0,0.0,C1315912968,80006.0,89758.06,0,0
8,TRANSFER,240804.43,C1517554146,903.0,0.0,C1057152052,86736.0,25027.89,0,0
8,TRANSFER,183017.31,C1297963590,0.0,0.0,C724821526,307555.83,440324.4,0,0
8,TRANSFER,249478.63,C701481268,7530.0,0.0,C1923206317,103201.0,1805166.52,0,0
8,CASH_OUT,80818.66,C323521146,113402.0,32583.34,C1217400138,437057.15,359950.01,0,0
8,CASH_OUT,32989.09,C1155084102,32583.34,0.0,C473344802,88675.31,19916.44,0,0
8,CASH_OUT,91721.79,C1627306850,107697.32,15975.53,C173783788,73918.76,36144.4,0,0
8,CASH_OUT,217224.4,C1842354980,15975.53,0.0,C719119378,3860383.27,5568925.74,0,0
8,CASH_OUT,277686.94,C499198499,459800.9,182113.96,C248609774,11492549.84,13033871.02,0,0
8,CASH_OUT,349293.38,C396634093,115013.0,0.0,C1553217607,70278.0,812216.2,0,0
8,TRANSFER,1536875.34,C490012512,20422.0,0.0,C1554622120,51931.0,3488994.97,0,0
8,CASH_OUT,100984.18,C154164951,15563.0,0.0,C1751073738,20350.0,8875838.69,0,0
8,TRANSFER,106817.46,C1748919221,188.0,0.0,C705480294,9969.0,535323.06,0,0
8,TRANSFER,1197304.02,C1961632764,0.0,0.0,C1554540309,7099366.93,9235911.02,0,0
8,CASH_OUT,207854.73,C1334608182,257.0,0.0,C1738994372,440.0,118893.05,0,0
8,CASH_OUT,97478.59,C966086538,26931.0,0.0,C1202306289,35335.0,93878.45,0,0
8,CASH_OUT,547617.8,C331190452,0.0,0.0,C8290162,4193711.57,6650282.66,0,0
8,TRANSFER,276574.68,C437864762,14443.0,0.0,C478124129,4757.07,2978988.84,0,0
8,CASH_OUT,37232.08,C1579485722,207697.41,170465.33,C790798176,62692.0,0.0,0,0
8,TRANSFER,1009197.38,C1574841618,9675.0,0.0,C93166806,37530.0,2226811.03,0,0
8,CASH_OUT,142195.0,C57642662,62493.0,0.0,C1677727024,10134.0,388853.85,0,0
8,CASH_OUT,360004.0,C1299456053,4343.0,0.0,C745740822,0.0,36350.43,0,0
8,CASH_OUT,3416.57,C332571032,2054.0,0.0,C586396179,1035.0,0.0,0,0
8,CASH_OUT,406907.39,C1236360182,50257.0,0.0,C1635341595,4521916.4,6191938.31,0,0
8,CASH_OUT,370284.45,C827028464,64481.0,0.0,C1027992087,22612.0,10862988.56,0,0
8,TRANSFER,316035.9,C1785722147,32835.0,0.0,C922871524,0.0,312166.92,0,0
8,CASH_OUT,75244.54,C1827218030,38369.0,0.0,C1292445663,167.0,0.0,0,0
8,CASH_OUT,71154.12,C1072341683,0.0,0.0,C2036926986,154929.17,45538.4,0,0
8,CASH_OUT,49374.44,C1654597700,0.0,0.0,C1352463225,50075.0,0.0,0,0
8,CASH_OUT,443914.02,C1329937540,44.0,0.0,C635371680,0.0,841009.73,0,0
8,TRANSFER,1623185.1,C976491439,0.0,0.0,C423580937,3984566.96,12682009.97,0,0
8,CASH_OUT,15545.77,C1344389472,111.0,0.0,C1424731356,729008.93,0.0,0,0
8,CASH_OUT,128407.4,C932408748,30681.0,0.0,C1947645280,11904.0,338481.61,0,0
8,CASH_OUT,22066.3,C1262158927,109.0,0.0,C2127862399,607649.89,1388195.29,0,0
8,TRANSFER,95188.38,C1201201136,136.0,0.0,C556812393,23041.0,0.0,0,0
8,CASH_OUT,48720.51,C373468802,148693.0,99972.49,C997588432,6271.12,0.0,0,0
8,CASH_OUT,393248.64,C1867802540,525845.12,132596.49,C875917495,1590910.66,6097795.83,0,0
8,TRANSFER,209327.95,C1651194426,10766.0,0.0,C1909597726,475546.55,494709.81,0,0
8,CASH_OUT,56315.74,C2122141685,26852.0,0.0,C1653844940,0.0,56315.74,0,0
8,CASH_OUT,44286.9,C7858603,304.0,0.0,C1245442940,0.0,608336.53,0,0
8,CASH_OUT,371036.53,C2063316650,20425.0,0.0,C185353840,206584.0,1610015.74,0,0
8,TRANSFER,1624123.07,C1174282991,51286.0,0.0,C1839337592,109040.74,2185862.48,0,0
8,CASH_OUT,226191.16,C83939801,790.0,0.0,C106347918,1531.0,192006.53,0,0
8,CASH_OUT,150624.43,C1295005136,635.0,0.0,C1287328228,0.0,485209.81,0,0
8,TRANSFER,96398.19,C1326996317,1225.0,0.0,C1174545131,104262.0,85996.15,0,0
8,TRANSFER,572193.51,C117671554,10477.0,0.0,C2086207545,371851.5,202129.37,0,0
8,TRANSFER,529934.78,C837531591,145329.14,0.0,C1218365329,740668.43,1347353.23,0,0
8,TRANSFER,1990810.46,C1997507718,0.0,0.0,C1948471365,2055192.0,4628857.24,0,0
8,CASH_OUT,70671.53,C725240582,53318.25,0.0,C58091972,74071.0,59130.14,0,0
8,CASH_OUT,161112.32,C803967079,224.0,0.0,C623476050,2080.0,6180085.57,0,0
8,TRANSFER,469676.54,C509140991,16157.0,0.0,C256902273,11005.0,468727.5,0,0
8,TRANSFER,142669.37,C1841503483,20436.0,0.0,C1058664855,11182.0,0.0,0,0
8,CASH_OUT,221495.08,C2076486870,1745077.46,1523582.38,C2047373618,418319.35,0.0,0,0
8,CASH_OUT,172696.53,C236278673,5055.0,0.0,C2078448324,241649.0,703316.17,0,0
8,TRANSFER,216822.99,C347405552,49449.0,0.0,C2030151083,0.0,99030.95,0,0
8,TRANSFER,709916.49,C2116801762,157646.9,0.0,C1832580921,964692.81,2003455.42,0,0
8,TRANSFER,1002001.98,C1351835950,86968.0,0.0,C367746789,0.0,2133868.99,0,0
8,CASH_OUT,135898.07,C2038744284,484814.71,348916.63,C1315912968,391860.03,89758.06,0,0
8,CASH_OUT,32753.7,C864610864,348916.63,316162.94,C954723689,56607.7,580053.83,0,0
8,CASH_OUT,59093.82,C412664425,316162.94,257069.12,C1453128758,78291.02,336777.18,0,0
8,CASH_OUT,210897.22,C1630417297,257069.12,46171.9,C1286084959,8962333.48,12959765.0,0,0
8,CASH_OUT,228796.27,C1045674828,46171.9,0.0,C1531333864,1373797.91,1754717.64,0,0
8,CASH_OUT,318349.03,C1258168284,0.0,0.0,C2083562754,11956267.13,18123750.85,0,0
8,CASH_OUT,181417.72,C346752864,0.0,0.0,C715819458,400538.25,926737.45,0,0
8,CASH_OUT,11947.8,C68755165,0.0,0.0,C1570845844,60238.0,0.0,0,0
8,CASH_OUT,69459.85,C666062025,0.0,0.0,C1562773081,72897.0,0.0,0,0
8,CASH_OUT,354288.08,C495564572,0.0,0.0,C1300519073,546658.88,807759.84,0,0
8,CASH_OUT,48321.04,C1364534218,0.0,0.0,C1753128715,130785.0,0.0,0,0
8,CASH_OUT,269958.34,C494285003,0.0,0.0,C1487669283,1847443.09,2349962.91,0,0
8,CASH_OUT,42838.86,C538899112,0.0,0.0,C1570076320,106042.0,1352815.49,0,0
8,CASH_OUT,12440.39,C1887408352,0.0,0.0,C2129901484,158117.0,223250.64,0,0
8,CASH_OUT,148695.65,C147629654,0.0,0.0,C1286084959,9173230.7,12959765.0,0,0
8,CASH_OUT,173288.4,C605040620,0.0,0.0,C1339765646,182113.96,165103.45,0,0
8,CASH_OUT,154488.13,C1934361204,0.0,0.0,C465257140,897835.77,1761413.49,0,0
8,CASH_OUT,367182.45,C929149228,5334.0,0.0,C1970362900,30494.0,1296.45,0,0
8,TRANSFER,1970637.78,C571512241,38605.43,0.0,C1360767589,11531055.34,18482735.85,0,0
8,TRANSFER,1714277.6,C1755291080,0.0,0.0,C801142660,9626370.58,16408480.12,0,0
8,TRANSFER,221543.81,C936835805,0.0,0.0,C1059781259,12329516.27,13649019.57,0,0
8,TRANSFER,117839.23,C1132455465,0.0,0.0,C1333404258,410611.74,0.0,0,0
8,CASH_OUT,234093.22,C1701076714,16354.0,0.0,C2096057945,1297983.66,2453424.34,0,0
8,CASH_OUT,72927.48,C461018037,10699.0,0.0,C701692548,0.0,81619.06,0,0
8,CASH_OUT,225211.23,C962746543,95490.57,0.0,C343534938,318178.29,1048017.45,0,0
8,TRANSFER,498558.16,C1992987405,64.0,0.0,C1852606548,0.0,12478.8,0,0
8,CASH_OUT,44040.73,C1267574981,1223645.39,1179604.66,C58642425,866483.0,311573.72,0,0
8,CASH_OUT,362890.75,C2081613539,1179604.66,816713.91,C408304912,487887.98,3158225.46,0,0
8,CASH_OUT,105215.98,C82360399,816713.91,711497.93,C2029885969,154880.0,129956.74,0,0
8,CASH_OUT,266862.48,C1538994278,711497.93,444635.45,C1978557426,542486.68,1581167.12,0,0
8,CASH_OUT,218253.67,C2111201364,444635.45,226381.78,C1231842708,1132102.88,751281.48,0,0
8,CASH_OUT,66253.73,C379106547,226381.78,160128.05,C2118255842,116351.4,70054.43,0,0
8,CASH_OUT,301493.65,C1475566767,160128.05,0.0,C1181708889,603771.5,684138.15,0,0
8,CASH_OUT,316209.46,C1439264311,0.0,0.0,C367746789,1002001.98,2133868.99,0,0
8,CASH_OUT,235090.94,C466841626,0.0,0.0,C1615804266,684313.05,4512194.13,0,0
8,CASH_OUT,26057.37,C1212117183,0.0,0.0,C1589477624,321592.63,0.0,0,0
8,CASH_OUT,57235.83,C98847539,0.0,0.0,C1757252775,60581.4,82140.14,0,0
8,CASH_OUT,11033.21,C457323886,0.0,0.0,C1493103616,51719.0,0.0,0,0
8,CASH_OUT,133632.62,C454153660,0.0,0.0,C12793273,1471008.4,1918654.56,0,0
8,CASH_OUT,190391.57,C672724201,0.0,0.0,C789195255,561268.18,839166.91,0,0
8,CASH_OUT,63417.77,C251830026,0.0,0.0,C815905200,71152.01,79131.69,0,0
8,CASH_OUT,93297.51,C90251969,0.0,0.0,C1825634724,185994.37,1542240.66,0,0
8,CASH_OUT,8348.97,C281586660,0.0,0.0,C424954008,27151.0,4069257.89,0,0
8,CASH_OUT,88581.39,C2140711592,0.0,0.0,C1009195400,224214.26,96262.11,0,0
8,CASH_OUT,11740.11,C1694072990,0.0,0.0,C1549086472,416421.19,801366.03,0,0
8,CASH_OUT,32505.8,C1753403882,0.0,0.0,C1358790036,80408.0,56495.72,0,0
8,CASH_OUT,194566.86,C1027653781,0.0,0.0,C1031639563,2723639.44,5739012.22,0,0
8,CASH_OUT,269482.53,C129491071,0.0,0.0,C125722707,715414.31,1188993.0,0,0
8,CASH_OUT,176611.76,C803368295,0.0,0.0,C1316560467,3975215.9,4525294.62,0,0
8,CASH_OUT,419474.53,C1368519920,0.0,0.0,C1782113663,1655753.7,6002040.86,0,0
8,CASH_OUT,41974.77,C1794032191,11052.0,0.0,C753265257,8544.0,6792.17,0,0
8,TRANSFER,392937.81,C1390572293,21018.0,0.0,C1058921154,0.0,49905.22,0,0
8,CASH_OUT,171958.83,C752625959,26370.0,0.0,C727209127,61122.0,4925944.55,0,0
8,CASH_OUT,92031.86,C1319519265,103065.0,11033.14,C1649686970,14716.0,0.0,0,0
8,CASH_OUT,503993.92,C917614424,13.0,0.0,C151400576,1097097.21,1276550.33,0,0
8,TRANSFER,1022474.29,C179825457,0.0,0.0,C719119378,4077607.67,5568925.74,0,0
8,CASH_OUT,271229.02,C342479586,22520.0,0.0,C121523915,11069.0,256174.25,0,0
8,CASH_OUT,464494.42,C128204151,1778.0,0.0,C861958315,0.0,531628.29,0,0
8,CASH_OUT,96720.25,C1560285603,0.0,0.0,C1782704802,967707.08,2380934.8,0,0
8,TRANSFER,2107356.28,C534088451,49084.92,0.0,C1883840933,18175502.57,25330272.63,0,0
8,CASH_OUT,342975.48,C320843706,16699.0,0.0,C2131465140,0.0,607187.58,0,0
8,CASH_OUT,356552.34,C1548567534,74092.0,0.0,C1410669831,73010.19,252392.49,0,0
8,TRANSFER,2195051.02,C1871949388,10812.0,0.0,C885951223,67923.23,7882930.45,0,0
8,CASH_OUT,382470.62,C1471621244,1145.0,0.0,C1060563153,14730.93,844861.56,0,0
8,TRANSFER,591992.02,C1109894917,50862.0,0.0,C1089177065,39929.0,1076036.85,0,0
8,CASH_OUT,285810.86,C1182135728,7059.0,0.0,C2094777811,8575.57,4984096.57,0,0
8,CASH_OUT,411258.99,C1019474231,116264.0,0.0,C1486249495,116.0,389716.43,0,0
8,CASH_OUT,167364.97,C928364762,20997.0,0.0,C1682576062,22601.0,366932.33,0,0
8,CASH_OUT,358851.33,C347913550,2530.0,0.0,C1354952534,1177940.15,1868994.9,0,0
8,CASH_OUT,433665.12,C379050002,96.0,0.0,C1859795678,62983.0,282742.76,0,0
8,TRANSFER,262081.91,C1770730197,19918.0,0.0,C1469084143,0.0,2003931.21,0,0
8,TRANSFER,353272.85,C2137823291,105597.0,0.0,C157316544,0.0,1094373.33,0,0
8,TRANSFER,696818.48,C1167870684,639814.43,0.0,C1849941462,10455.28,2455385.38,0,0
8,CASH_OUT,491214.59,C460034654,47178.0,0.0,C1419794148,3174740.84,4871037.9,0,0
8,CASH_OUT,192853.25,C226496996,436.0,0.0,C219771880,40311.13,254952.61,0,0
8,CASH_OUT,29557.88,C1775298992,256196.0,226638.12,C1114260225,0.0,29557.88,0,0
8,TRANSFER,747772.33,C1763542462,351.0,0.0,C90486891,64940.0,3803124.27,0,0
8,TRANSFER,322640.71,C124677188,72507.0,0.0,C1320515149,0.0,1643201.26,0,0
8,CASH_OUT,69694.48,C1973210836,0.0,0.0,C2040657244,102960.0,1780771.13,0,0
8,TRANSFER,603293.79,C2074955839,83522.0,0.0,C33524623,270629.49,1459243.0,0,0
8,CASH_OUT,182629.65,C136078276,0.0,0.0,C515132998,863009.26,4460317.7,0,0
8,CASH_OUT,21400.51,C1408882705,0.0,0.0,C1359484306,3013050.43,7364724.84,0,0
8,CASH_OUT,196115.36,C1319647571,69676.0,0.0,C847761155,0.0,0.0,0,0
8,CASH_OUT,304294.23,C1915175202,8487.0,0.0,C456538529,4299.78,686343.83,0,0
8,TRANSFER,1742621.42,C2110430356,0.0,0.0,C1636786811,9270898.52,14456269.9,0,0
8,TRANSFER,1275673.15,C1287200923,0.0,0.0,C766681183,15951794.84,17356500.26,0,0
8,CASH_OUT,41467.36,C710285376,52065.0,10597.64,C2003714184,132721.0,0.0,0,0
8,CASH_OUT,367677.9,C804145257,16451.0,0.0,C471003380,0.0,511534.87,0,0
8,TRANSFER,1236489.87,C1607326279,0.0,0.0,C2104652067,2655286.19,3437239.45,0,0
8,TRANSFER,98234.73,C1413701174,0.0,0.0,C2141994208,294741.83,0.0,0,0
8,TRANSFER,1457518.96,C1322113254,0.0,0.0,C1220897602,2424308.08,10388904.22,0,0
8,TRANSFER,1422012.77,C331185238,0.0,0.0,C611621587,1653993.56,4336721.33,0,0
8,TRANSFER,17245.56,C580096900,0.0,0.0,C1760872167,107302.0,2114173.93,0,0
8,TRANSFER,371306.95,C1819269902,0.0,0.0,C508000580,682530.5,1547638.64,0,0
8,TRANSFER,222598.32,C1279599757,0.0,0.0,C128870695,14450987.41,14456678.26,0,0
8,TRANSFER,692456.39,C878882463,0.0,0.0,C2086207545,944045.0,202129.37,0,0
8,TRANSFER,132793.25,C173212708,0.0,0.0,C1262016786,322995.94,198601.85,0,0
8,CASH_OUT,159400.73,C1311057403,29919.0,0.0,C1095446005,0.0,402284.09,0,0
8,CASH_OUT,143087.35,C64379697,0.0,0.0,C295081230,696057.87,1679841.2,0,0
8,CASH_OUT,228330.1,C469648261,13376.0,0.0,C929266212,0.0,495014.38,0,0
8,TRANSFER,1365825.31,C1086762959,33683.0,0.0,C380928130,154.0,1370666.37,0,0
8,CASH_OUT,206961.49,C1962056087,14150.0,0.0,C1161865950,140907.06,2076683.64,0,0
8,CASH_OUT,3955.31,C1458271959,20478.0,16522.69,C668849042,0.0,3955.31,0,0
8,CASH_OUT,372940.76,C1952153683,88074.57,0.0,C748241311,2640166.07,3447714.21,0,0
8,TRANSFER,1297209.46,C1678899426,21925.0,0.0,C1749476584,20506.0,2294866.91,0,0
8,CASH_OUT,54745.67,C520339688,204098.0,149352.33,C2043257128,231850.04,0.0,0,0
8,CASH_OUT,18181.45,C160886163,84184.0,66002.55,C413046895,5725.0,76155.17,0,0
8,TRANSFER,268661.88,C470608526,276278.0,7616.12,C1201057368,5067.0,32981.25,0,0
8,CASH_OUT,124893.85,C968940421,1019.4,0.0,C715819458,581955.97,926737.45,0,0
8,CASH_OUT,51062.74,C603834162,384503.54,333440.8,C2096057945,1532076.88,2453424.34,0,0
8,CASH_OUT,502507.12,C1653127243,333440.8,0.0,C413177525,1532043.55,3489392.77,0,0
8,CASH_OUT,252378.28,C1563122540,0.0,0.0,C1797686173,433614.34,1474093.6,0,0
8,CASH_OUT,414800.4,C124194854,0.0,0.0,C453211571,9257516.95,9831503.72,0,0
8,CASH_OUT,230969.01,C1248760751,0.0,0.0,C1220911229,552804.86,2261741.99,0,0
8,CASH_OUT,330162.51,C1828925513,0.0,0.0,C1419794148,3665955.43,4871037.9,0,0
8,CASH_OUT,106949.07,C1786050238,0.0,0.0,C720759478,5651740.82,8118536.09,0,0
8,CASH_OUT,77719.01,C1429024246,0.0,0.0,C423580937,5607752.07,12682009.97,0,0
8,CASH_OUT,540072.71,C1809858327,0.0,0.0,C1730752455,1606241.44,5008592.32,0,0
8,CASH_OUT,188200.43,C521522010,0.0,0.0,C237988421,373568.62,1720474.04,0,0
8,CASH_OUT,70554.52,C1385762560,0.0,0.0,C2017484544,75516.6,12.82,0,0
8,CASH_OUT,58878.29,C1860688440,0.0,0.0,C954723689,89361.4,580053.83,0,0
8,CASH_OUT,251454.18,C76892276,0.0,0.0,C97730845,16678875.86,23005385.41,0,0
8,CASH_OUT,32871.76,C896212135,0.0,0.0,C1075238398,142817.12,683602.27,0,0
8,CASH_OUT,124269.51,C789636101,0.0,0.0,C623476050,163192.32,6180085.57,0,0
8,CASH_OUT,170664.04,C2138492357,0.0,0.0,C347696158,13905470.11,15639132.7,0,0
8,CASH_OUT,29554.57,C1359936695,0.0,0.0,C1538264524,132596.49,555348.58,0,0
8,CASH_OUT,8899.86,C1013795861,0.0,0.0,C473344802,121664.4,19916.44,0,0
8,CASH_OUT,26366.66,C351647569,0.0,0.0,C2089016471,52368.41,71140.3,0,0
8,CASH_OUT,66906.2,C1562663151,0.0,0.0,C1076835071,1171057.3,2161457.75,0,0
8,CASH_OUT,359841.34,C2070543544,0.0,0.0,C1475395523,399758.82,147988.14,0,0
8,CASH_OUT,34444.52,C758254116,0.0,0.0,C1337741679,592613.92,4670415.04,0,0
8,CASH_OUT,142574.58,C340029420,0.0,0.0,C1832580921,1674609.3,2003455.42,0,0
8,CASH_OUT,297664.35,C1809366699,0.0,0.0,C505973878,1304692.61,1461299.3,0,0
8,CASH_OUT,106334.4,C1608520532,0.0,0.0,C450960851,158719.0,121150.57,0,0
8,CASH_OUT,57421.64,C1656639910,0.0,0.0,C259915853,78754.77,163762.98,0,0
8,CASH_OUT,258636.15,C1429367058,0.0,0.0,C674913323,296423.45,4984485.97,0,0
8,CASH_OUT,102199.78,C2066856185,0.0,0.0,C478793413,113277.0,121644.41,0,0
8,CASH_OUT,3582.34,C605318776,0.0,0.0,C173783788,165640.55,36144.4,0,0
8,CASH_OUT,207244.27,C884418621,0.0,0.0,C991505714,12964280.93,13994753.4,0,0
8,CASH_OUT,267992.13,C1921756480,0.0,0.0,C97730845,16930330.04,23005385.41,0,0
8,CASH_OUT,606469.37,C67839384,0.0,0.0,C1089177065,631921.02,1076036.85,0,0
8,CASH_OUT,362896.33,C57404623,0.0,0.0,C36856762,451528.19,998622.3,0,0
8,TRANSFER,271094.69,C235985503,153526.37,0.0,C1089993541,237898.53,1741771.65,0,0
8,CASH_OUT,278155.96,C568231792,0.0,0.0,C33524623,873923.28,1459243.0,0,0
8,CASH_OUT,121305.39,C552982521,203787.28,82481.9,C2063763486,328501.97,610701.41,0,0
8,CASH_OUT,146680.93,C386321141,10326.0,0.0,C1565462485,4711.08,151392.01,0,0
8,CASH_OUT,187128.21,C537570913,28384.0,0.0,C1744423762,0.0,24081.92,0,0
8,CASH_OUT,145762.68,C2132073477,16052.0,0.0,C1371191175,23993.0,1093896.21,0,0
8,CASH_OUT,164636.32,C32370449,0.0,0.0,C1892922524,901656.0,2775439.16,0,0
8,CASH_OUT,521998.83,C532527085,0.0,0.0,C1313534832,1220085.45,4605990.97,0,0
8,TRANSFER,670507.3,C1470942118,1462393.27,791885.97,C1761353343,1446635.12,5270364.19,0,0
8,TRANSFER,315951.16,C346533080,147.0,0.0,C623476050,287461.83,6180085.57,0,0
8,CASH_OUT,97948.26,C635937809,41017.0,0.0,C1979001148,1031.0,0.0,0,0
8,CASH_OUT,374878.21,C1329823553,29906.0,0.0,C2078250226,0.0,4572011.3,0,0
8,TRANSFER,2241986.78,C1925128083,132395.0,0.0,C2115178036,61985.0,4232737.36,0,0
8,TRANSFER,637147.55,C919169422,79.0,0.0,C1852790850,0.0,1633434.42,0,0
8,TRANSFER,774963.4,C1745464792,259.0,0.0,C997608398,6192.55,1291418.68,0,0
8,TRANSFER,923715.31,C1155400988,20192.0,0.0,C1251991550,5585.0,1740396.12,0,0
8,TRANSFER,535073.11,C748513838,9008.0,0.0,C985934102,6820180.19,8663416.6,0,0
8,CASH_OUT,379359.38,C1712537515,607884.75,228525.37,C917768476,0.0,349978.81,0,0
8,CASH_OUT,490563.32,C1882950972,5622.0,0.0,C818570949,0.0,2402597.58,0,0
8,CASH_OUT,183069.39,C673705329,18602.19,0.0,C2102549317,328374.32,1512042.27,0,0
8,CASH_OUT,104028.67,C260561245,0.0,0.0,C1477979030,10613039.61,11875848.5,0,0
8,TRANSFER,2015246.93,C2047727228,41609.0,0.0,C1508456612,32003.0,5975262.38,0,0
8,CASH_OUT,348204.35,C2140592174,31795.0,0.0,C225852166,116848.24,877929.84,0,0
8,CASH_OUT,74762.89,C1793650630,9400.0,0.0,C716083600,6153273.0,7382990.5,0,0
8,CASH_OUT,37439.92,C650953026,733618.0,696178.08,C1282788025,0.0,60540.99,0,0
8,CASH_OUT,184338.77,C1789105088,465.0,0.0,C404775810,0.0,142287.84,0,0
8,CASH_OUT,223706.67,C1255262853,15937.0,0.0,C1857357520,0.0,680335.36,0,0
8,TRANSFER,152696.17,C1733291629,14404.0,0.0,C1750665229,411.0,132596.48,0,0
8,TRANSFER,716985.15,C2146240710,1173.0,0.0,C957388291,33971.07,854165.83,0,0
8,CASH_OUT,236812.75,C664899131,249762.6,12949.86,C2034460325,378002.16,1365895.03,0,0
8,CASH_OUT,425920.8,C1981222969,12949.86,0.0,C1797686173,685992.62,1474093.6,0,0
8,CASH_OUT,468081.95,C494287538,0.0,0.0,C914293025,1621484.28,2755264.61,0,0
8,CASH_OUT,313602.1,C864102782,0.0,0.0,C1643855278,9468414.28,9680855.68,0,0
8,CASH_OUT,124696.01,C419080547,0.0,0.0,C1429623854,1057522.76,2256720.17,0,0
8,CASH_OUT,133566.02,C1453520029,0.0,0.0,C566698125,355279.49,2281735.27,0,0
8,CASH_OUT,405999.72,C2058221393,0.0,0.0,C1452722471,3287421.41,3197038.27,0,0
8,CASH_OUT,141192.71,C1079901091,0.0,0.0,C85102332,141604.06,537185.56,0,0
8,CASH_OUT,513206.27,C228713338,0.0,0.0,C814900611,1063468.84,4893599.98,0,0
8,CASH_OUT,280528.05,C1290201167,0.0,0.0,C1859795678,496648.12,282742.76,0,0
8,CASH_OUT,11665.13,C1499765245,0.0,0.0,C1725548614,235609.66,279809.81,0,0
8,CASH_OUT,79923.08,C1993077137,0.0,0.0,C416519915,812055.72,65845.79,0,0
8,CASH_OUT,221277.64,C1962112513,0.0,0.0,C1311325237,415280.09,5465400.62,0,0
8,CASH_OUT,130494.67,C262954048,0.0,0.0,C863811613,4345973.72,14247328.87,0,0
8,CASH_OUT,65161.63,C1920632633,0.0,0.0,C2109470512,427443.89,6787849.45,0,0
8,CASH_OUT,129235.19,C1528084382,0.0,0.0,C1149273771,1127569.04,6347068.5,0,0
8,CASH_OUT,209730.68,C876118403,0.0,0.0,C1060041730,4456350.27,16532032.16,0,0
8,CASH_OUT,69358.69,C1494979864,0.0,0.0,C177457290,82855.0,159060.37,0,0
8,CASH_OUT,42160.77,C2147390029,0.0,0.0,C2006081398,1492073.43,4743010.67,0,0
8,CASH_OUT,17734.14,C27812459,0.0,0.0,C1219248641,1014948.3,1706725.26,0,0
8,CASH_OUT,47890.35,C1902956356,0.0,0.0,C175291188,100186.0,20917.86,0,0
8,CASH_OUT,9401.57,C1952069412,0.0,0.0,C1717547480,25685.07,0.0,0,0
8,CASH_OUT,224753.93,C2134748952,0.0,0.0,C33524623,1152079.24,1459243.0,0,0
8,CASH_OUT,5767.03,C1036263854,0.0,0.0,C2128665553,423049.23,262835.22,0,0
8,TRANSFER,678134.09,C709222333,13754.0,0.0,C570588770,9950.0,9152.19,0,0
8,CASH_OUT,63397.77,C251870918,406549.0,343151.23,C2008647667,311.0,35639.16,0,0
8,TRANSFER,2304548.56,C1312556204,6805.89,0.0,C769342184,12583269.96,16681340.95,0,0
8,CASH_OUT,306031.23,C508894205,52636.0,0.0,C48444237,46685.0,0.0,0,0
8,CASH_OUT,169486.41,C1571230409,30493.0,0.0,C1067155425,16346.62,523650.14,0,0
8,CASH_OUT,100369.22,C1959750485,698937.19,598567.97,C566698125,488845.51,2281735.27,0,0
8,CASH_OUT,227289.43,C1495552799,598567.97,371278.54,C1459757869,292291.96,4042386.17,0,0
8,CASH_OUT,99495.99,C276057780,69435.66,0.0,C1505217516,124324.0,0.0,0,0
8,CASH_OUT,447856.09,C1806916366,0.0,0.0,C408304912,850778.73,3158225.46,0,0
8,CASH_OUT,316994.66,C731307070,0.0,0.0,C1251991550,929300.31,1740396.12,0,0
8,CASH_OUT,525796.67,C1145670384,0.0,0.0,C1556875182,637332.18,3585215.55,0,0
8,CASH_OUT,61346.3,C1996123427,0.0,0.0,C1847521348,144360.74,99302.15,0,0
8,CASH_OUT,169079.88,C123745241,0.0,0.0,C1317731757,1042258.72,322519.15,0,0
8,CASH_OUT,257676.56,C436889639,0.0,0.0,C580441921,443510.49,1278933.03,0,0
8,CASH_OUT,120150.09,C303857564,0.0,0.0,C1987564320,160083.47,225457.61,0,0
8,CASH_OUT,199454.94,C933927817,0.0,0.0,C1440325059,750413.62,2156169.36,0,0
8,CASH_OUT,121657.13,C827496542,0.0,0.0,C74288440,322811.0,0.0,0,0
8,CASH_OUT,243687.33,C2018542851,0.0,0.0,C170899621,8047512.34,10464208.87,0,0
8,CASH_OUT,41878.46,C155317514,0.0,0.0,C1781062023,45666.73,0.0,0,0
8,CASH_OUT,92190.84,C1783906680,0.0,0.0,C1556875182,1163128.85,3585215.55,0,0
8,CASH_OUT,178290.78,C1331799044,0.0,0.0,C1060041730,4666080.94,16532032.16,0,0
8,CASH_OUT,103210.38,C870664310,0.0,0.0,C1870252780,14775446.03,16667982.08,0,0
8,CASH_OUT,231016.59,C898241189,0.0,0.0,C1491676195,836894.52,1800557.56,0,0
8,CASH_OUT,91018.59,C2107493101,0.0,0.0,C470217116,716259.23,6821434.41,0,0
8,CASH_OUT,55198.24,C1067319518,0.0,0.0,C778559237,137615.4,436880.53,0,0
8,CASH_OUT,26961.89,C648108451,0.0,0.0,C232834050,66877.65,155491.95,0,0
8,CASH_OUT,143212.5,C1138452712,0.0,0.0,C1079554968,155244.0,260382.39,0,0
8,CASH_OUT,345998.83,C1350703324,0.0,0.0,C1247600089,1115250.26,6965916.76,0,0
8,CASH_OUT,44566.62,C534084322,33160.0,0.0,C1489275794,3043.0,120258.54,0,0
8,TRANSFER,101997.96,C1174964078,155795.0,53797.04,C1101441872,6277.68,0.0,0,0
8,CASH_OUT,244728.04,C1087956214,5155.0,0.0,C699539366,229.0,215531.33,0,0
8,CASH_OUT,92723.49,C1185501830,153966.0,61242.51,C1105527690,32459.0,3518763.02,0,0
8,CASH_OUT,156299.03,C2089572248,16887.0,0.0,C1189106564,50973.0,124678.67,0,0
8,TRANSFER,1378927.52,C268458566,223819.99,0.0,C1414803985,17250.0,1228873.81,0,0
8,CASH_OUT,181728.11,C2102265902,0.0,0.0,C789014007,11397.0,184477.77,1,0
8,CASH_OUT,436603.83,C1846446971,0.0,0.0,C2034460325,614814.9,1365895.03,0,0
8,TRANSFER,1046748.17,C622713687,90496.0,0.0,C2040656033,0.0,8124431.39,0,0
8,CASH_OUT,560208.51,C1582626783,64942.0,0.0,C1894575391,1206559.63,3443379.49,0,0
8,TRANSFER,1792068.58,C849849986,255128.0,0.0,C1104197405,47.0,2532702.62,0,0
8,CASH_OUT,453256.79,C608080514,101396.29,0.0,C2006081398,1534234.21,4743010.67,0,0
8,TRANSFER,1361999.8,C1000231597,0.0,0.0,C458582664,8831221.49,12776817.91,0,0
8,CASH_OUT,64247.59,C149419627,367508.37,303260.78,C1260889084,92687.0,510329.79,0,0
8,CASH_OUT,171618.61,C1007146756,303260.78,131642.17,C2109097173,311554.0,147308.68,0,0
8,CASH_OUT,152466.62,C1975902483,131642.17,0.0,C380928130,1365979.31,1370666.37,0,0
8,CASH_OUT,111578.55,C1023932664,0.0,0.0,C1095666481,126315.46,76375.06,0,0
8,CASH_OUT,486292.65,C182719901,0.0,0.0,C1838584624,7701547.84,11889776.25,0,0
8,CASH_OUT,21612.33,C140074034,0.0,0.0,C1722141669,669237.3,1118549.36,0,0
8,CASH_OUT,109949.12,C1380903251,0.0,0.0,C2006081398,1987491.0,4743010.67,0,0
8,CASH_OUT,182625.27,C1342966746,0.0,0.0,C465499079,2178959.51,6457094.34,0,0
8,CASH_OUT,273082.46,C2054075579,0.0,0.0,C1220911229,783773.88,2261741.99,0,0
8,CASH_OUT,87452.55,C940887816,0.0,0.0,C678308721,114755.0,101561.18,0,0
8,CASH_OUT,430153.46,C498445608,0.0,0.0,C8290162,4741329.37,6650282.66,0,0
8,CASH_OUT,83220.25,C769075103,0.0,0.0,C1570076320,148880.86,1352815.49,0,0
8,CASH_OUT,173410.01,C571704818,0.0,0.0,C127252077,187848.8,309837.2,0,0
8,CASH_OUT,8398.09,C1013015095,0.0,0.0,C1526542158,19959.0,0.0,0,0
8,CASH_OUT,61139.35,C202200190,0.0,0.0,C2141994208,392976.57,0.0,0,0
8,CASH_OUT,190183.94,C410153407,0.0,0.0,C1532153384,437644.41,3614408.95,0,0
8,CASH_OUT,48552.05,C653286230,0.0,0.0,C476402209,97322.02,0.0,0,0
8,CASH_OUT,86974.4,C297264485,0.0,0.0,C1962165946,149473.0,490685.21,0,0
8,CASH_OUT,32592.51,C2013265289,0.0,0.0,C554025243,52567.0,273082.76,0,0
8,CASH_OUT,137996.28,C2089518400,0.0,0.0,C1907159141,880685.81,2541785.35,0,0
8,TRANSFER,248768.2,C2125244718,310245.27,61477.06,C748241311,3013106.83,3447714.21,0,0
8,CASH_OUT,136664.14,C1943254014,11629.0,0.0,C1448348248,6746.45,0.0,0,0
8,CASH_OUT,322777.54,C1128165802,74.0,0.0,C909295153,9688497.8,10946293.06,0,0
8,TRANSFER,437000.33,C1940959701,0.0,0.0,C93166806,1046727.38,2226811.03,0,0
8,TRANSFER,1749753.55,C1573376022,0.0,0.0,C35126588,8342991.68,10813194.63,0,0
8,TRANSFER,364523.22,C862307347,0.0,0.0,C769342184,14887818.51,16681340.95,0,0
8,TRANSFER,591875.69,C65425652,0.0,0.0,C885951223,2262974.25,7882930.45,0,0
8,TRANSFER,814282.68,C1974368068,0.0,0.0,C515132998,1045638.91,4460317.7,0,0
8,TRANSFER,607177.11,C369778311,0.0,0.0,C265108079,696041.71,4937135.42,0,0
8,TRANSFER,825900.41,C189945097,0.0,0.0,C97730845,17198322.17,23005385.41,0,0
8,TRANSFER,67499.12,C973264231,0.0,0.0,C1094528209,93823.33,161322.45,0,0
8,TRANSFER,501630.91,C1007714612,0.0,0.0,C667504652,651125.01,2175372.0,0,0
8,TRANSFER,1198858.19,C2016022103,0.0,0.0,C1727565779,1470094.13,7117684.54,0,0
8,CASH_OUT,143843.32,C1094480142,20021.0,0.0,C361268035,787.49,285264.22,0,0
8,TRANSFER,1369024.06,C406375259,63547.0,0.0,C2116873183,10856.0,2234231.7,0,0
8,CASH_OUT,76214.37,C532198616,54984.0,0.0,C1373172466,1988711.77,4791597.89,0,0
8,CASH_OUT,289738.98,C875221667,13015.0,0.0,C542766981,29100.14,0.0,0,0
8,TRANSFER,1133181.89,C1789332326,8008.0,0.0,C1734719138,0.0,1132227.39,0,0
8,CASH_OUT,95441.79,C864946514,5042.0,0.0,C2006081398,2097440.12,4743010.67,0,0
8,TRANSFER,53148.33,C1402121191,130448.0,77299.67,C919978702,0.0,53148.33,0,0
8,CASH_OUT,349597.25,C1559799241,20364.0,0.0,C748014372,2527415.38,5263349.98,0,0
8,CASH_OUT,52226.16,C2003637167,3191.0,0.0,C68113386,34623.13,12099108.35,0,0
8,CASH_OUT,220199.86,C1856120422,9844.0,0.0,C1781090157,18932.0,2403703.4,0,0
8,TRANSFER,813167.94,C123789199,60070.0,0.0,C2025644484,0.0,1364270.97,0,0
8,TRANSFER,1316691.02,C226432780,0.0,0.0,C1899073220,6044989.14,7366811.1,0,0
8,CASH_OUT,546306.33,C424772389,38585.0,0.0,C749672494,11248.0,1714037.69,0,0
8,CASH_OUT,234790.48,C564847767,2333.0,0.0,C1146577120,6487.0,211979.93,0,0
8,TRANSFER,427704.52,C1962466331,11312.0,0.0,C1345969688,49349.0,6503.73,0,0
8,CASH_OUT,69448.93,C513790493,865.0,0.0,C1100871710,30027.0,204101.65,0,0
8,CASH_OUT,305551.61,C1467327074,29051.0,0.0,C191614132,9701.14,2122191.07,0,0
8,CASH_OUT,234151.9,C1801715006,251.0,0.0,C1186256103,110703.0,4999613.43,0,0
8,TRANSFER,266086.17,C228288079,304381.0,38294.83,C47249488,380.0,0.0,0,0
8,TRANSFER,60686.34,C1925960133,33116.0,0.0,C1909597726,684874.5,494709.81,0,0
8,TRANSFER,802372.58,C2095253806,1209.0,0.0,C1750956965,6957.98,2884719.28,0,0
8,CASH_OUT,89936.51,C2110895040,24196.0,0.0,C549277650,12843.0,451133.63,0,0
8,CASH_OUT,5317.83,C838672631,11431.0,6113.17,C1039162432,10951.0,5478833.48,0,0
8,CASH_OUT,192285.62,C1926401859,50082.0,0.0,C18928637,80339.82,31266.23,0,0
8,CASH_OUT,384586.02,C2082805086,703.0,0.0,C1482944403,11540.0,3927.18,0,0
8,CASH_OUT,108816.03,C1921418696,23039.0,0.0,C33574809,0.0,153166.15,0,0
8,TRANSFER,668736.87,C725736615,20318.0,0.0,C1247051677,83291.0,1681737.84,0,0
8,TRANSFER,641867.04,C889596738,11539.0,0.0,C627675433,65591.04,5189726.17,0,0
8,CASH_OUT,127911.14,C175849157,75411.54,0.0,C1234363215,37921.0,353601.18,0,0
8,CASH_OUT,96884.65,C1492454216,51695.0,0.0,C1917485266,34228.35,131113.01,0,0
8,CASH_OUT,52423.59,C292709675,1902.0,0.0,C1552431935,12682.05,33766.53,0,0
8,CASH_OUT,156578.79,C503846388,43233.0,0.0,C2067466390,66569.4,1178249.03,0,0
8,CASH_OUT,24978.56,C1849618388,20431.0,0.0,C1379289710,265024.16,1820155.85,0,0
8,TRANSFER,18052.11,C1252092790,55106.06,37053.94,C998351292,0.0,25755.93,0,0
8,CASH_OUT,315548.72,C1634591712,20619.0,0.0,C1474346966,15706.0,323398.34,0,0
8,CASH_OUT,368248.47,C1282557494,102667.48,0.0,C1174600239,980659.1,729214.48,0,0
8,CASH_OUT,36684.75,C1509934246,101204.0,64519.25,C450960851,265053.4,121150.57,0,0
8,TRANSFER,967498.54,C123890265,213890.0,0.0,C1096283470,7828.57,159625.32,0,0
8,CASH_OUT,280277.63,C509745887,601406.0,321128.37,C1347342392,10332.0,111366.93,0,0
8,TRANSFER,1355826.44,C626198122,102193.0,0.0,C1760872167,124547.56,2114173.93,0,0
8,CASH_OUT,218514.11,C304868623,10734.0,0.0,C30516998,1064583.22,0.0,0,0
8,CASH_OUT,269680.73,C235039984,77385.0,0.0,C482950564,201129.35,174574.56,0,0
8,CASH_OUT,153922.26,C1001669794,20473.0,0.0,C1149788645,59.0,79915.4,0,0
8,CASH_OUT,2961.23,C1240972143,15414.0,12452.77,C31639297,71107.0,59161.1,0,0
8,CASH_OUT,350727.22,C625904014,445.0,0.0,C976133979,413164.31,418305.49,0,0
8,CASH_OUT,351138.95,C1645673699,0.0,0.0,C638590716,471630.31,4592962.92,0,0
8,CASH_OUT,66389.74,C720557822,361141.5,294751.76,C1963862935,195978.99,817839.9,0,0
8,CASH_OUT,73387.97,C711790515,294751.76,221363.79,C119206855,80290.0,0.0,0,0
8,CASH_OUT,95059.35,C1604705426,221363.79,126304.44,C288106800,334650.3,147892.68,0,0
8,CASH_OUT,254039.03,C475869517,126304.44,0.0,C691636444,732485.72,4439070.28,0,0
8,CASH_OUT,226459.33,C547639582,0.0,0.0,C662736689,7978046.39,8488789.41,0,0
8,CASH_OUT,261593.83,C1660338734,0.0,0.0,C191614132,315252.76,2122191.07,0,0
8,CASH_OUT,258907.58,C323408814,0.0,0.0,C518953848,1371578.05,1571399.65,0,0
8,CASH_OUT,131058.89,C527217198,59474.0,0.0,C1891412311,551415.0,1416477.85,0,0
8,TRANSFER,1871783.84,C1132614019,80.0,0.0,C323287038,2405.31,2058343.75,0,0
8,TRANSFER,1875991.43,C3670430,20.31,0.0,C1060041730,4844371.73,16532032.16,0,0
8,CASH_OUT,118605.95,C1374111315,50376.0,0.0,C1688209895,51920.57,0.0,0,0
8,TRANSFER,1624953.76,C1235600263,0.0,0.0,C1505755152,9230419.06,14646239.59,0,0
8,TRANSFER,2628265.07,C293344015,65949.2,0.0,C458582664,10193221.3,12776817.91,0,0
8,CASH_OUT,182355.81,C1683116859,100809.0,0.0,C1271612900,147077.0,669111.25,0,0
8,CASH_OUT,63194.62,C767994799,26503.0,0.0,C1772797104,2795.05,65989.67,0,0
8,CASH_OUT,32025.42,C1191128975,21138.0,0.0,C662045021,0.0,32025.42,0,0
8,TRANSFER,626382.52,C449690446,1196.0,0.0,C732929236,13.0,883141.75,0,0
8,CASH_OUT,222379.58,C1589782498,359.0,0.0,C1742312978,22452.0,99690.29,0,0
8,CASH_OUT,82792.85,C776999065,22312.0,0.0,C1871293699,0.0,874192.42,0,0
8,CASH_OUT,134611.8,C1911321664,79384.0,0.0,C1117816135,0.0,163839.59,0,0
8,CASH_OUT,160256.21,C1603696188,37600.0,0.0,C1639464943,128.0,631745.85,0,0
8,TRANSFER,1396699.63,C482153237,755.0,0.0,C1781090157,239131.86,2403703.4,0,0
8,TRANSFER,297838.67,C1185653283,175.0,0.0,C1414763289,13216.0,434053.18,0,0
8,CASH_OUT,162725.24,C797570303,51786.0,0.0,C1469682037,92084.0,42483.84,0,0
8,TRANSFER,987293.88,C1522691157,102509.0,0.0,C843774579,0.0,899588.81,0,0
8,CASH_OUT,130754.15,C1837781922,22118.0,0.0,C1948471365,4046002.45,4628857.24,0,0
8,CASH_OUT,42970.91,C1166865429,11612.0,0.0,C649699940,110.0,0.0,0,0
8,CASH_OUT,19967.55,C908399435,186963.53,166995.99,C2040603986,1042986.43,1930179.38,0,0
8,TRANSFER,849677.13,C1254679251,102639.0,0.0,C8290162,5171482.83,6650282.66,0,0
8,CASH_OUT,56649.7,C151800659,21291.0,0.0,C1665979484,77012.0,1149182.35,0,0
8,CASH_OUT,141742.14,C1563601870,19800.0,0.0,C54617902,3677.71,1442068.04,0,0
8,TRANSFER,6880.08,C349862884,0.0,0.0,C424743902,16365.64,23245.72,0,0
8,CASH_OUT,164642.28,C839185555,107914.0,0.0,C1477641326,0.0,1614315.76,0,0
8,CASH_OUT,9693.76,C1505326931,167062.48,157368.72,C464246030,50989.0,0.0,0,0
8,CASH_OUT,221672.9,C1406160909,794086.49,572413.6,C843774579,987293.88,899588.81,0,0
8,CASH_OUT,483924.55,C559441839,139709.0,0.0,C1001367899,106526.0,129782.95,0,0
8,TRANSFER,1251335.15,C61926342,198483.0,0.0,C25136566,0.0,570983.57,0,0
8,TRANSFER,363832.53,C1631027456,19745.0,0.0,C28125426,0.0,4395556.09,0,0
8,TRANSFER,1801763.17,C1509645626,118449.0,0.0,C1292435170,55812.92,2076594.43,0,0
8,CASH_OUT,107214.52,C1459165625,195404.37,88189.84,C2061354468,205729.0,119456.03,0,0
8,CASH_OUT,177326.96,C1432919249,21516.0,0.0,C1134266682,0.0,3759.16,0,0
8,CASH_OUT,40552.03,C509216772,55593.0,15040.97,C1068824137,16345.24,153235.17,0,0
8,CASH_OUT,189516.23,C595196279,46550.82,0.0,C2102549317,511443.72,1512042.27,0,0
8,CASH_OUT,306658.66,C1840107316,0.0,0.0,C818570949,490563.32,2402597.58,0,0
8,CASH_OUT,414174.63,C2031959376,12873.19,0.0,C1337741679,627058.45,4670415.04,0,0
8,CASH_OUT,271390.0,C873743819,28377.0,0.0,C1954751748,743098.6,738409.98,0,0
8,CASH_OUT,235789.08,C1490310532,682.0,0.0,C91875495,11477.0,0.0,0,0
8,TRANSFER,1215099.65,C1316514120,31138.0,0.0,C99275333,0.0,1266806.76,0,0
8,CASH_OUT,200286.38,C1631632161,30917.0,0.0,C323302928,305355.64,717277.68,0,0
8,CASH_OUT,207838.86,C1341429418,101154.0,0.0,C1482979717,0.0,2581338.81,0,0
8,CASH_OUT,89145.43,C722056646,4142.0,0.0,C339099861,158489.25,393406.66,0,0
8,TRANSFER,405029.83,C900274144,277702.0,0.0,C2119123648,11207.0,475595.42,0,0
8,CASH_OUT,24305.29,C1381442155,67.0,0.0,C2126856079,724.0,0.0,0,0
8,CASH_OUT,155701.47,C689525701,9153.0,0.0,C914293025,2089566.24,2755264.61,0,0
8,TRANSFER,1148892.85,C1585115069,10386.0,0.0,C464094472,0.0,3124312.23,0,0
8,TRANSFER,293242.88,C1657752728,579.0,0.0,C1203094087,0.0,375835.62,0,0
8,CASH_OUT,144302.61,C698813419,171270.28,26967.67,C2103065350,997975.63,1135043.98,0,0
8,TRANSFER,549259.08,C1888102776,26566.0,0.0,C524804429,51806.0,1353412.68,0,0
8,CASH_OUT,264467.77,C1464402180,0.0,0.0,C1931283804,297659.82,342802.07,0,0
8,CASH_OUT,468780.55,C1990800252,0.0,0.0,C1626759869,741840.56,1845436.06,0,0
8,CASH_OUT,416652.0,C1945918620,0.0,0.0,C323302928,505642.02,717277.68,0,0
8,CASH_OUT,509393.21,C275842951,0.0,0.0,C90486891,812712.33,3803124.27,0,0
8,CASH_OUT,108483.62,C263153068,0.0,0.0,C391734039,176733.84,1058251.57,0,0
8,CASH_OUT,107914.85,C807572982,0.0,0.0,C1233454027,114995.44,28052.02,0,0
8,CASH_OUT,185048.61,C556480466,0.0,0.0,C1446521801,8401059.88,11698172.69,0,0
8,CASH_OUT,395426.49,C972964175,0.0,0.0,C1839337592,1733163.8,2185862.48,0,0
8,CASH_OUT,306298.68,C1300812249,0.0,0.0,C935808590,17245308.53,18381668.73,0,0
8,CASH_OUT,284318.15,C1763799227,0.0,0.0,C1938348365,650302.63,854916.91,0,0
8,CASH_OUT,287552.96,C298602474,0.0,0.0,C1207946845,408094.19,1079004.45,0,0
8,CASH_OUT,146974.28,C1517519013,0.0,0.0,C1394526584,3545363.97,5038256.49,0,0
8,CASH_OUT,264172.35,C1367249963,0.0,0.0,C2127862399,629716.19,1388195.29,0,0
8,CASH_OUT,196762.59,C867734039,0.0,0.0,C1320515149,322640.71,1643201.26,0,0
8,CASH_OUT,36876.32,C1081620629,0.0,0.0,C539486713,61126.0,8771150.48,0,0
8,CASH_OUT,306288.39,C113831575,0.0,0.0,C1495761010,1192080.68,1969176.6,0,0
8,CASH_OUT,124611.86,C598928809,0.0,0.0,C1359484306,3034450.94,7364724.84,0,0
8,CASH_OUT,281.81,C1416489954,0.0,0.0,C1235151206,14931.69,449233.66,0,0
8,CASH_OUT,23850.09,C1431362922,0.0,0.0,C1218365329,1270603.21,1347353.23,0,0
8,CASH_OUT,60871.3,C338509057,0.0,0.0,C208427878,668216.74,1454807.63,0,0
8,CASH_OUT,74271.18,C541480328,0.0,0.0,C58642425,910523.73,311573.72,0,0
8,CASH_OUT,113558.49,C466589849,0.0,0.0,C1395746279,1011457.73,1391020.69,0,0
8,CASH_OUT,211375.65,C1218952455,0.0,0.0,C237988421,561769.05,1720474.04,0,0
8,CASH_OUT,113956.97,C899630119,0.0,0.0,C1947645280,140311.4,338481.61,0,0
8,CASH_OUT,686995.42,C661105929,0.0,0.0,C1892922524,1066292.32,2775439.16,0,0
8,CASH_OUT,160873.16,C1082909228,0.0,0.0,C1127705091,209469.04,0.0,0,0
8,CASH_OUT,135809.08,C900800703,0.0,0.0,C1100767002,148304.02,253838.43,0,0
8,CASH_OUT,517873.52,C2051073106,0.0,0.0,C978740207,572413.6,1428005.14,0,0
8,CASH_OUT,175934.86,C1624572406,0.0,0.0,C1533182537,214555.56,80452.71,0,0
8,CASH_OUT,375750.62,C2135950658,0.0,0.0,C1978557426,809349.16,1581167.12,0,0
8,CASH_OUT,155127.91,C1129871055,0.0,0.0,C623476050,603412.99,6180085.57,0,0
8,CASH_OUT,317901.71,C1044867202,0.0,0.0,C674913323,555059.6,4984485.97,0,0
8,CASH_OUT,250091.9,C1993671693,0.0,0.0,C1749476584,1317715.46,2294866.91,0,0
8,CASH_OUT,317341.11,C164652416,0.0,0.0,C453211571,9672317.35,9831503.72,0,0
8,CASH_OUT,4653.27,C163480699,0.0,0.0,C9916873,711855.15,790472.9,0,0
8,CASH_OUT,94015.58,C213446326,0.0,0.0,C1962165946,236447.4,490685.21,0,0
8,CASH_OUT,211052.45,C1385391680,0.0,0.0,C1508456612,2047249.93,5975262.38,0,0
8,CASH_OUT,355704.45,C1491465719,0.0,0.0,C1359484306,3159062.81,7364724.84,0,0
8,CASH_OUT,15698.11,C621096908,0.0,0.0,C257099532,52051.0,0.0,0,0
8,CASH_OUT,162888.25,C1854122116,0.0,0.0,C582320549,453921.23,1382676.85,0,0
8,CASH_OUT,14326.62,C669741682,0.0,0.0,C747979499,133143.0,65098.05,0,0
8,CASH_OUT,185143.45,C1347842357,0.0,0.0,C1495001462,484000.89,2528788.63,0,0
8,CASH_OUT,82145.38,C1554079676,0.0,0.0,C2116802101,250171.67,1187770.16,0,0
8,CASH_OUT,126039.05,C798300964,0.0,0.0,C256902273,480681.54,468727.5,0,0
8,CASH_OUT,84868.29,C1402049606,48584.0,0.0,C1564588329,0.0,0.0,0,0
8,CASH_OUT,83107.36,C1056838736,11906.0,0.0,C551545010,431199.54,692434.8,0,0
8,CASH_OUT,35263.84,C78262408,142679.85,107416.01,C506903242,0.0,35263.84,0,0
8,TRANSFER,666529.24,C890489021,448271.5,0.0,C304406966,0.0,1271995.08,0,0
8,CASH_OUT,291969.46,C1625854183,0.0,0.0,C75629578,438791.56,707849.71,0,0
8,CASH_OUT,522992.77,C371720676,131165.87,0.0,C2072030256,873223.03,0.0,0,0
8,TRANSFER,663821.77,C853791854,48745.0,0.0,C886888353,30762.0,0.0,0,0
8,TRANSFER,741192.56,C112345235,33238.0,0.0,C701279123,0.0,0.0,0,0
8,CASH_OUT,39708.47,C276265966,586.0,0.0,C864016033,11927.0,0.0,0,0
8,TRANSFER,149038.98,C1183215397,1161.0,0.0,C515442419,0.0,87153.28,0,0
8,CASH_OUT,32219.37,C1431002133,492652.0,460432.63,C1649686970,106747.86,0.0,0,0
8,TRANSFER,425414.89,C130049815,23003.91,0.0,C681709819,20396.0,466230.2,0,0
8,CASH_OUT,17696.79,C1467269853,22321.0,4624.21,C807247901,218703.0,2080368.86,0,0
8,CASH_OUT,212706.01,C50166011,63014.49,0.0,C1883840933,20282858.85,25330272.63,0,0
8,TRANSFER,381681.97,C19991098,1135.0,0.0,C1700852615,0.0,88097.82,0,0
8,TRANSFER,180658.21,C1751285831,51619.0,0.0,C1457728035,10725.0,133584.06,0,0
8,CASH_OUT,225361.31,C675520813,401072.43,175711.12,C8733802,503701.89,303705.52,0,0
8,CASH_OUT,23361.01,C2078902807,175711.12,152350.11,C990053853,30582.0,21313.94,0,0
8,CASH_OUT,165572.03,C1919940157,2068.0,0.0,C218193338,136.0,449522.32,0,0
8,CASH_OUT,256505.94,C812343857,11287.0,0.0,C103357744,49513.0,381487.88,0,0
8,CASH_OUT,3827.55,C1370462857,4061.59,234.04,C2011941350,0.0,3827.55,0,0
8,CASH_OUT,244187.62,C985530471,234.04,0.0,C1505755152,10855372.82,14646239.59,0,0
8,CASH_OUT,204041.39,C2066701201,19566.0,0.0,C360898540,30904.0,105850.26,0,0
8,CASH_OUT,203718.19,C748164996,23427.0,0.0,C237594516,0.0,503755.22,0,0
8,CASH_OUT,86491.91,C484016074,9190.67,0.0,C1334973394,828117.71,1421615.52,0,0
8,CASH_OUT,214690.23,C88260977,123108.0,0.0,C1305075214,0.0,519020.08,0,0
8,CASH_OUT,369982.31,C1336728738,100729.0,0.0,C741431520,0.0,731077.5,0,0
8,CASH_OUT,294768.5,C590212761,2588.0,0.0,C2143477943,10222.0,714169.7,0,0
8,TRANSFER,282530.32,C998125341,10114.0,0.0,C638551812,31598.0,136940.68,0,0
8,CASH_OUT,41131.49,C1373241745,56443.0,15311.51,C1027296777,0.0,10680.03,0,0
8,TRANSFER,543242.41,C2017103556,15311.51,0.0,C1554540309,8296670.95,9235911.02,0,0
8,CASH_OUT,405407.28,C2134141415,132694.0,0.0,C820910648,56051.0,861113.08,0,0
8,TRANSFER,372028.68,C1411997308,151537.0,0.0,C345679794,0.0,415516.29,0,0
8,CASH_OUT,88449.79,C870527392,12378.0,0.0,C1144070975,35538.0,1208114.6,0,0
8,CASH_OUT,392552.2,C561414229,70273.83,0.0,C343534938,543389.52,1048017.45,0,0
8,CASH_OUT,134392.6,C1345906733,29760.0,0.0,C1183266411,0.0,131167.56,0,0
8,CASH_OUT,397864.07,C506396943,16585.0,0.0,C229313132,0.0,673787.35,0,0
8,CASH_OUT,4749.19,C722582127,59523.0,54773.81,C1200612373,0.0,1986773.49,0,0
8,CASH_OUT,180482.57,C1950077078,44325.81,0.0,C1406749291,1168723.3,1357168.27,0,0
8,CASH_OUT,112021.02,C1197921434,144387.0,32365.98,C1415645767,92111.0,13031.95,0,0
8,CASH_OUT,350907.19,C1189051803,1047.0,0.0,C1732292969,16018.0,105847.94,0,0
8,CASH_OUT,159210.17,C1363953941,62196.0,0.0,C655391383,0.0,303787.15,0,0
8,CASH_OUT,141305.03,C1417100625,74.0,0.0,C2117215775,5085.0,0.0,0,0
8,CASH_OUT,124557.92,C437072337,75.0,0.0,C2106576360,76969.0,175617.04,0,0
8,CASH_OUT,258474.87,C589453812,168.0,0.0,C1638372110,0.0,1002856.87,0,0
8,TRANSFER,2117027.99,C503051898,0.0,0.0,C748014372,2877012.63,5263349.98,0,0
8,CASH_OUT,244343.85,C64074042,5763.0,0.0,C1174935745,174.0,226263.38,0,0
8,CASH_OUT,144965.12,C69214323,19539.0,0.0,C717951588,620971.3,989801.23,0,0
8,CASH_OUT,50377.18,C1828133862,100582.0,50204.82,C1800405372,21418.0,69119.09,0,0
8,CASH_OUT,36903.93,C213203992,50204.82,13300.89,C2071512077,121834.0,25545.78,0,0
8,CASH_OUT,151738.61,C703407805,146.0,0.0,C1588635270,0.0,151738.61,0,0
8,CASH_OUT,226546.05,C1946612653,0.0,0.0,C1495001462,669144.34,2528788.63,0,0
8,TRANSFER,1014683.44,C501257786,0.0,0.0,C1556875182,1255319.69,3585215.55,0,0
8,CASH_OUT,303870.62,C571232922,30751.0,0.0,C2078250226,374878.21,4572011.3,0,0
8,CASH_OUT,107045.83,C2092115625,102643.0,0.0,C1570256460,5979319.5,9281535.44,0,0
8,CASH_OUT,167977.0,C1511125481,20502.0,0.0,C2077098348,102.0,163665.0,0,0
8,CASH_OUT,275834.85,C1064440428,207.0,0.0,C1062254208,5950.46,943625.57,0,0
8,CASH_OUT,286421.15,C2020546859,0.0,0.0,C1787868648,5812920.74,15128076.87,0,0
8,CASH_OUT,148598.56,C758555302,268648.0,120049.44,C161140376,83520.21,166122.68,0,0
8,CASH_OUT,285488.91,C657323279,20266.0,0.0,C2029310301,439488.74,1315451.65,0,0
8,CASH_OUT,6352.08,C1747801091,0.0,0.0,C1606699851,14414.84,20766.92,0,0
8,CASH_OUT,12012.26,C151464,41576.0,29563.74,C1428675504,49891.51,61903.77,0,0
8,CASH_OUT,485435.6,C71563136,160588.0,0.0,C1247600089,1461249.09,6965916.76,0,0
8,TRANSFER,816418.21,C1983875772,10194.0,0.0,C404279307,14510.72,157758.06,0,0
8,CASH_OUT,419142.79,C318250249,8732.0,0.0,C1829831147,15510.0,0.0,0,0
8,TRANSFER,735077.86,C1313637857,595.0,0.0,C1540270363,66099.92,473335.32,0,0
8,TRANSFER,1342344.72,C1294837990,332395.0,0.0,C900425684,49237.0,1165471.56,0,0
8,CASH_OUT,252349.24,C2070560850,51024.0,0.0,C264843581,221148.46,909963.8,0,0
8,TRANSFER,726084.35,C307168185,30694.0,0.0,C90486891,1322105.54,3803124.27,0,0
8,CASH_OUT,45955.89,C2099934818,16315.0,0.0,C573200870,22877.0,560396.95,0,0
8,TRANSFER,34719.21,C401173498,74980.0,40260.79,C1683963531,273.0,0.0,0,0
8,TRANSFER,344066.09,C920671481,11965.0,0.0,C1700355047,0.0,1455482.66,0,0
8,CASH_OUT,60526.0,C1333690104,28075.0,0.0,C1884600481,6080.0,19398.71,0,0
8,TRANSFER,713688.21,C1054896013,20086.0,0.0,C1105527690,125182.49,3518763.02,0,0
8,CASH_OUT,65511.36,C1899573947,0.0,0.0,C801412408,259463.31,67124.59,0,0
8,CASH_OUT,40456.29,C140345428,24968.0,0.0,C943166837,32071.81,0.0,0,0
8,TRANSFER,1266960.17,C60995479,25029.29,0.0,C1754722089,100957.0,3719715.07,0,0
8,CASH_OUT,271470.13,C688195064,175888.27,0.0,C1962165946,330462.98,490685.21,0,0
8,TRANSFER,527825.77,C310728513,342.0,0.0,C414205222,4497.46,476642.33,0,0
8,CASH_OUT,123624.13,C1069188351,181.0,0.0,C955097010,24132.22,202447.46,0,0
8,CASH_OUT,828.46,C788517632,0.0,0.0,C1827996167,10227.0,347511.7,0,0
8,CASH_OUT,241811.39,C1782242472,67968.0,0.0,C1115240385,22733.0,1008238.91,0,0
8,TRANSFER,1963310.63,C127983599,34204.0,0.0,C46748390,89508.0,2090579.27,0,0
8,TRANSFER,128121.74,C793264461,33288.0,0.0,C1790202239,3074.0,1592988.35,0,0
8,CASH_OUT,259115.92,C616192406,19555.45,0.0,C928023753,330661.82,636296.03,0,0
8,CASH_OUT,385906.04,C2012871334,0.0,0.0,C1452722471,3693421.13,3197038.27,0,0
8,CASH_OUT,203308.1,C1363003874,29824.0,0.0,C111210112,669934.89,2033123.44,0,0
8,CASH_OUT,291847.05,C1671300579,1153.0,0.0,C464246030,60682.76,0.0,0,0
8,CASH_OUT,75052.03,C73143381,20065.81,0.0,C1664330755,95938.0,80919.02,0,0
8,TRANSFER,1397924.64,C399191549,74.0,0.0,C264685626,31424.0,0.0,0,0
8,CASH_OUT,193500.58,C346996964,90959.53,0.0,C1816986148,829717.55,6023815.62,0,0
8,CASH_OUT,46656.71,C1514451785,0.0,0.0,C1144527317,93120.59,0.0,0,0
8,CASH_OUT,36348.18,C485228447,0.0,0.0,C1790831319,140456.6,66958.78,0,0
8,CASH_OUT,327216.48,C543929342,0.0,0.0,C571435580,835504.56,1530653.61,0,0
8,CASH_OUT,386536.5,C1109458679,0.0,0.0,C1262016786,455789.2,198601.85,0,0
8,CASH_OUT,57138.06,C1023525633,0.0,0.0,C1287328228,150624.43,485209.81,0,0
8,CASH_OUT,14692.34,C2127942713,0.0,0.0,C329473339,30703.29,0.0,0,0
8,CASH_OUT,269484.79,C56392798,0.0,0.0,C1354725727,3725440.36,4529886.44,0,0
8,CASH_OUT,158201.28,C1179581828,0.0,0.0,C1300519073,900946.96,807759.84,0,0
8,CASH_OUT,56433.59,C1969497991,0.0,0.0,C2052185144,767112.01,951130.52,0,0
8,CASH_OUT,280738.3,C624967950,0.0,0.0,C1485516154,10720531.11,11477233.99,0,0
8,CASH_OUT,103684.35,C1168013172,0.0,0.0,C2143477943,304990.5,714169.7,0,0
8,CASH_OUT,76436.32,C1947009182,0.0,0.0,C476402209,145874.07,0.0,0,0
8,CASH_OUT,225125.35,C536955271,0.0,0.0,C1255024717,15587407.2,17020715.36,0,0
8,CASH_OUT,39422.22,C124662968,0.0,0.0,C1870367457,362219.88,149996.83,0,0
8,CASH_OUT,253553.04,C838715126,0.0,0.0,C465257140,1052323.91,1761413.49,0,0
8,CASH_OUT,15604.56,C770189735,0.0,0.0,C745740822,360004.0,36350.43,0,0
8,CASH_OUT,3058.34,C126812396,0.0,0.0,C1390121014,257814.28,914190.45,0,0
8,CASH_OUT,23667.54,C1899114321,0.0,0.0,C1481851679,47778.0,1379576.69,0,0
8,CASH_OUT,95292.6,C782732791,0.0,0.0,C741431520,369982.31,731077.5,0,0
8,CASH_OUT,276369.89,C1122905237,146289.0,0.0,C758888772,0.0,956858.04,0,0
8,CASH_OUT,47343.92,C1033489476,11304.0,0.0,C1001409363,124015.0,12002.74,0,0
8,TRANSFER,1103594.94,C700169431,184390.0,0.0,C842729010,0.0,5291217.05,0,0
8,CASH_OUT,282329.02,C1872900980,47492.0,0.0,C599968109,10406.0,1235102.24,0,0
8,CASH_OUT,209434.06,C1751089113,1.0,0.0,C599265282,10685.0,840007.73,0,0
8,CASH_OUT,279436.02,C225598992,145.0,0.0,C669771073,15405.0,53928.75,0,0
8,CASH_OUT,186659.6,C1451864954,904876.0,718216.4,C2137848242,159923.0,3939899.41,0,0
8,CASH_OUT,85446.48,C1734647501,49597.0,0.0,C22448303,88189.84,1909260.34,0,0
8,CASH_OUT,183438.7,C382415201,16606.79,0.0,C1491676195,1067911.11,1800557.56,0,0
8,CASH_OUT,66524.55,C170448116,274267.33,207742.79,C1914282536,60308.34,126832.89,0,0
8,CASH_OUT,201489.78,C987232241,207742.79,6253.0,C691636444,986524.75,4439070.28,0,0
8,TRANSFER,402234.36,C1416289423,19394.68,0.0,C374625527,1859112.54,5175906.61,0,0
8,TRANSFER,1156900.09,C249569791,18992.0,0.0,C1671386208,61736.73,6214174.81,0,0
8,CASH_OUT,151250.84,C1283131127,3840.56,0.0,C2052185144,823545.6,951130.52,0,0
8,CASH_OUT,59826.5,C296220142,0.0,0.0,C646059443,160192.1,537463.33,0,0
8,CASH_OUT,139182.45,C2127169469,20989.0,0.0,C1982591789,0.0,139182.45,0,0
8,CASH_OUT,138867.46,C528817478,5736.0,0.0,C1977614404,3752.0,180069.25,0,0
8,TRANSFER,1698747.82,C199097599,0.0,0.0,C1883840933,20495564.86,25330272.63,0,0
8,CASH_OUT,50033.93,C1478760057,15185.91,0.0,C381605910,163562.96,759872.18,0,0
8,CASH_OUT,185788.82,C1682547275,753.0,0.0,C1038678108,0.0,254341.75,0,0
8,TRANSFER,25113.73,C811902637,20136.0,0.0,C1009972184,19237.0,361559.69,0,0
8,CASH_OUT,406956.7,C415811071,30096.0,0.0,C1130075212,170266.1,428409.32,0,0
8,CASH_OUT,54837.26,C881920781,10903.0,0.0,C851316413,20311.0,127671.62,0,0
8,CASH_OUT,91298.55,C628974779,29995.0,0.0,C1073259437,14.33,58352.07,0,0
8,CASH_OUT,144231.68,C1347503688,18743.0,0.0,C320106510,37211.0,0.0,0,0
8,CASH_OUT,138078.81,C1066237872,48087.0,0.0,C710481910,289021.06,0.0,0,0
8,TRANSFER,598044.34,C667759962,52907.0,0.0,C669419693,60467.0,4692432.3,0,0
8,CASH_OUT,137228.88,C1839571475,39624.0,0.0,C1316560467,4151827.66,4525294.62,0,0
8,CASH_OUT,262207.51,C1305387232,20628.0,0.0,C417236208,14524.0,0.0,0,0
8,CASH_OUT,90715.15,C541314841,11020.13,0.0,C208341157,184462.11,0.0,0,0
8,CASH_OUT,11668.52,C736727906,1298.0,0.0,C382697424,36332.28,368836.97,0,0
8,CASH_OUT,29960.11,C171277252,55687.0,25726.89,C1822578654,31122.0,0.0,0,0
8,CASH_OUT,260316.95,C1431839557,315903.0,55586.05,C2077098348,168079.0,163665.0,0,0
8,CASH_OUT,91255.65,C191597428,10353.0,0.0,C1618278649,16932.0,7412.17,0,0
8,CASH_OUT,290590.83,C582380462,11392.0,0.0,C107095723,0.0,324254.48,0,0
8,CASH_OUT,214575.36,C1893512193,0.0,0.0,C985934102,7355253.31,8663416.6,0,0
8,CASH_OUT,429788.21,C1797659656,0.0,0.0,C824197891,648007.02,1577892.84,0,0
8,CASH_OUT,131117.64,C1757884034,0.0,0.0,C1696218625,632242.0,398732.86,0,0
8,TRANSFER,532420.32,C1905824639,71026.0,0.0,C1577420620,634.0,1346843.05,0,0
8,CASH_OUT,134636.31,C1030068429,0.0,0.0,C35263828,185009.84,0.0,0,0
8,CASH_OUT,8731.01,C2017870341,41485.0,32753.99,C905650857,40877.08,49608.09,0,0
8,CASH_OUT,350260.01,C730340557,31331.0,0.0,C1398530689,0.0,1367406.0,0,0
8,CASH_OUT,84514.28,C929479042,22382.0,0.0,C1559145228,495261.11,82996.57,0,0
8,TRANSFER,204089.71,C1681626283,99579.0,0.0,C470217116,807277.82,6821434.41,0,0
8,CASH_OUT,137724.93,C950785158,28952.0,0.0,C24404443,0.0,2045840.62,0,0
8,CASH_OUT,314188.74,C1354457671,0.0,0.0,C596299019,95330.17,644344.55,0,0
8,TRANSFER,1723956.99,C2023044840,0.0,0.0,C1983747920,2074336.55,3578328.97,0,0
8,CASH_OUT,221688.57,C150193556,50229.0,0.0,C696705647,5673.0,0.0,0,0
8,CASH_OUT,65663.06,C1847214056,10575.0,0.0,C1845765982,39307.0,3483.62,0,0
8,CASH_OUT,14390.58,C578954615,96499.0,82108.42,C134604590,30137.99,44528.57,0,0
8,CASH_OUT,290810.46,C329036674,69622.0,0.0,C1833549064,13779.0,17182.14,0,0
8,CASH_OUT,494056.14,C1249746110,22294.0,0.0,C1979080020,0.0,208520.8,0,0
8,TRANSFER,1006963.55,C747909743,40579.0,0.0,C635281078,539.41,2265663.04,0,0
8,CASH_OUT,179502.44,C1639612098,15510.0,0.0,C1167813715,0.0,337113.3,0,0
8,CASH_OUT,280468.37,C1605651875,3021.0,0.0,C185503802,0.0,188304.88,0,0
8,CASH_OUT,135624.34,C640285416,78506.0,0.0,C1649449847,0.0,0.0,0,0
8,CASH_OUT,54158.49,C2004472328,51528.0,0.0,C1198167820,0.0,375014.35,0,0
8,CASH_OUT,506555.87,C687769306,0.0,0.0,C749672494,557554.33,1714037.69,0,0
8,CASH_OUT,111428.66,C1621201167,0.0,0.0,C1423992712,10639238.1,13803333.72,0,0
8,CASH_OUT,361816.86,C154585417,0.0,0.0,C313124964,7139146.96,7930883.53,0,0
8,CASH_OUT,109485.69,C820421621,0.0,0.0,C500153041,170934.46,212257.37,0,0
8,CASH_OUT,327886.5,C1827810149,0.0,0.0,C728526866,6621126.94,10520267.05,0,0
8,CASH_OUT,88874.85,C3663389,0.0,0.0,C40075281,5072869.99,7088323.13,0,0
8,CASH_OUT,203887.75,C1064569811,0.0,0.0,C456538529,279723.23,686343.83,0,0
8,CASH_OUT,130457.3,C973663939,0.0,0.0,C2117043942,248482.96,256754.9,0,0
8,CASH_OUT,96513.56,C1197229028,0.0,0.0,C1838584624,8187840.49,11889776.25,0,0
8,CASH_OUT,235215.13,C751988805,154455.0,0.0,C448155494,14993.0,1451241.25,0,0
8,CASH_OUT,28983.66,C1327511749,202846.96,173863.3,C348708793,221387.76,1164655.76,0,0
8,CASH_OUT,237396.51,C718968573,10935.0,0.0,C1262822392,21157698.06,22641471.24,0,0
8,CASH_OUT,450232.96,C830285926,51452.0,0.0,C2115055717,65256.4,9447.15,0,0
8,TRANSFER,895279.82,C1670549407,10435.0,0.0,C1166654566,42751.0,851662.52,0,0
8,CASH_OUT,144636.12,C1136062098,52814.0,0.0,C1240091493,0.0,295641.8,0,0
8,CASH_OUT,150411.61,C1579621546,52948.38,0.0,C978740207,1090287.11,1428005.14,0,0
8,CASH_OUT,254656.44,C347996654,0.0,0.0,C115885991,607074.34,4215505.1,0,0
8,CASH_OUT,214747.4,C774965398,66869.0,0.0,C587433505,16834.0,202287.16,0,0
8,CASH_OUT,238061.48,C755875625,307383.0,69321.52,C778306577,0.0,1079400.17,0,0
8,CASH_OUT,33810.02,C2122693729,19738.97,0.0,C420561530,847439.38,366505.7,0,0
8,TRANSFER,50411.59,C933920478,13283.0,0.0,C2046578329,93429.26,156065.37,0,0
8,CASH_OUT,50371.67,C1396804800,11930.0,0.0,C1548218207,29799.0,764838.79,0,0
8,TRANSFER,286234.3,C2147417619,52923.0,0.0,C242559404,7590.52,0.0,0,0
8,CASH_OUT,246779.54,C1115145059,3090.0,0.0,C1153596299,0.0,73427.85,0,0
8,CASH_OUT,247069.18,C1968613438,39607.0,0.0,C1924874046,0.0,148444.02,0,0
8,CASH_OUT,295507.69,C1147729484,1014.0,0.0,C1079343872,31543.0,0.0,0,0
8,TRANSFER,194405.03,C1535131647,254268.38,59863.35,C863811613,4476468.4,14247328.87,0,0
8,CASH_OUT,145267.94,C268561891,26284.0,0.0,C1640747200,40291.0,431154.83,0,0
8,CASH_OUT,163547.97,C733262339,30311.0,0.0,C1919277981,197.0,0.0,0,0
8,CASH_OUT,124107.28,C2039309677,79885.0,0.0,C2104652067,3891776.06,3437239.45,0,0
8,TRANSFER,688091.21,C685169008,24732.0,0.0,C1092465037,4123.8,2394540.24,0,0
8,CASH_OUT,249597.71,C1393410696,880676.0,631078.29,C191614132,576846.58,2122191.07,0,0
8,CASH_OUT,24168.06,C851441784,146203.0,122034.94,C1885712019,901.0,0.0,0,0
8,CASH_OUT,244734.95,C1862258313,166.0,0.0,C1161865950,347868.55,2076683.64,0,0
8,CASH_OUT,340943.05,C1770557802,22084.75,0.0,C1590550415,20877260.96,21939087.4,0,0
8,CASH_OUT,305922.27,C721229382,92968.0,0.0,C705321061,1077.0,1306261.5,0,0
8,TRANSFER,897970.51,C1441139826,1085.0,0.0,C1222590577,0.0,1196871.13,0,0
8,CASH_OUT,397379.19,C310076828,100871.0,0.0,C1689840534,0.0,113153.73,0,0
8,CASH_OUT,230785.1,C1984435835,1470.0,0.0,C1475909248,0.0,487776.85,0,0
8,CASH_OUT,263073.58,C543720310,11263.0,0.0,C979719862,0.0,491448.89,0,0
8,CASH_OUT,165903.39,C379957966,36088.0,0.0,C985934102,7569828.66,8663416.6,0,0
8,TRANSFER,1901858.0,C523186483,215257.0,0.0,C1609562230,5371421.7,11087190.62,0,0
8,CASH_OUT,93912.47,C1533946494,993429.34,899516.87,C747979499,147469.62,65098.05,0,0
8,TRANSFER,2352703.57,C1646845612,379262.62,0.0,C1660095722,0.0,3806682.25,0,0
8,CASH_OUT,221169.12,C1504063700,0.0,0.0,C372017580,1546040.59,4122268.38,0,0
8,TRANSFER,1152165.94,C845749296,11732.0,0.0,C802935635,182.0,0.0,0,0
8,CASH_OUT,257708.94,C1660413433,77581.33,0.0,C459172227,1681439.25,2591462.11,0,0
8,CASH_OUT,55319.42,C2064271590,0.0,0.0,C265108079,1303218.82,4937135.42,0,0
8,CASH_OUT,293615.7,C596831163,0.0,0.0,C35126588,10092745.23,10813194.63,0,0
8,CASH_OUT,237153.77,C301467248,0.0,0.0,C1589477624,347650.0,0.0,0,0
8,CASH_OUT,5860.83,C1283322267,2055.0,0.0,C1283595719,26280.36,0.0,0,0
8,CASH_OUT,192961.48,C1077356522,26229.0,0.0,C1192983708,0.0,98055.06,0,0
8,CASH_OUT,211233.71,C488121204,934620.77,723387.06,C395114097,136737.0,441934.34,0,0
8,TRANSFER,1277389.14,C973730549,48132.0,0.0,C1200314947,2308.0,994391.7,0,0
8,TRANSFER,599231.69,C1266321027,99116.0,0.0,C1689374891,1700.0,855640.88,0,0
8,TRANSFER,127161.51,C359859161,46692.0,0.0,C2053639017,91089.0,143799.17,0,0
8,CASH_OUT,25027.98,C1620624856,168279.0,143251.02,C1654056127,0.0,0.0,0,0
8,CASH_OUT,175519.03,C1469453048,33905.0,0.0,C803368825,745.0,0.0,0,0
8,CASH_OUT,285914.71,C1168602893,18365.0,0.0,C2031563133,20968.0,62697.87,0,0
8,TRANSFER,2416072.81,C1672993892,0.0,0.0,C1619402333,3205611.37,5810930.82,0,0
8,TRANSFER,1189315.2,C80806712,0.0,0.0,C1149273771,1256804.22,6347068.5,0,0
8,TRANSFER,448804.94,C1914758357,0.0,0.0,C2109470512,492605.52,6787849.45,0,0
8,TRANSFER,897199.8,C214035075,0.0,0.0,C1059781259,12551060.09,13649019.57,0,0
8,TRANSFER,45996.07,C1363694467,0.0,0.0,C125722707,984896.84,1188993.0,0,0
8,TRANSFER,656534.25,C1561088593,0.0,0.0,C1778300121,1366592.94,3089439.33,0,0
8,TRANSFER,793530.13,C679412585,0.0,0.0,C313124964,7500963.82,7930883.53,0,0
8,TRANSFER,1407645.15,C728330519,0.0,0.0,C1220897602,3526441.01,10388904.22,0,0
8,TRANSFER,2370301.7,C950987698,0.0,0.0,C1515704208,12603110.04,15505523.11,0,0
8,TRANSFER,1247721.57,C126855212,0.0,0.0,C1313534832,1742084.28,4605990.97,0,0
8,TRANSFER,174098.54,C1471911935,0.0,0.0,C1141137903,8444298.53,14068690.23,0,0
8,TRANSFER,918047.82,C926590422,0.0,0.0,C1869228744,1043746.84,2528711.98,0,0
8,TRANSFER,1123327.8,C2022063096,38978.0,0.0,C2078250226,678748.83,4572011.3,0,0
8,CASH_OUT,302067.04,C45228556,0.0,0.0,C1300519073,1059148.24,807759.84,0,0
8,CASH_OUT,139658.88,C2060323677,20177.0,0.0,C1673971173,8601.71,742688.69,0,0
8,CASH_OUT,162945.4,C1464942868,0.0,0.0,C339099861,247634.68,393406.66,0,0
8,CASH_OUT,290639.22,C1555598187,12718.0,0.0,C1440282299,101367.37,878239.73,0,0
8,CASH_OUT,361541.89,C1801945178,0.0,0.0,C893339434,61953.01,1686521.23,0,0
8,TRANSFER,1316333.95,C1465789551,20135.0,0.0,C1150610696,0.0,2040211.46,0,0
8,CASH_OUT,156529.36,C7082894,0.0,0.0,C1674899618,11704160.31,12588180.96,0,0
8,TRANSFER,1140921.32,C976618084,303909.0,0.0,C1793325972,6135.24,6311356.92,0,0
8,TRANSFER,201821.0,C809057720,20085.0,0.0,C1511785794,0.0,1949682.33,0,0
8,CASH_OUT,157632.31,C971449306,20630.0,0.0,C1259769769,27534.5,18833.31,0,0
8,TRANSFER,418511.44,C1449004687,155798.0,0.0,C232812328,276423.93,2096642.77,0,0
8,CASH_OUT,31937.6,C751310061,3700.0,0.0,C1805162633,20151.17,0.0,0,0
8,CASH_OUT,304732.04,C1989745462,57801.0,0.0,C435161028,303179.45,0.0,0,0
8,CASH_OUT,265150.98,C749122616,0.0,0.0,C1273939873,522755.84,1525464.32,0,0
8,CASH_OUT,320958.86,C371224002,0.0,0.0,C464094472,1148892.85,3124312.23,0,0
8,CASH_OUT,462524.98,C834390584,0.0,0.0,C1475998599,615754.79,1286372.45,0,0
8,CASH_OUT,348783.91,C1598120904,0.0,0.0,C1789550256,4631146.42,4979930.33,0,0
8,CASH_OUT,245998.49,C1180633964,0.0,0.0,C1805445027,383703.27,0.0,0,0
8,CASH_OUT,219159.12,C1401167896,0.0,0.0,C968448640,820153.85,3438487.71,0,0
8,CASH_OUT,175046.2,C1006750298,0.0,0.0,C691636444,1188014.53,4439070.28,0,0
8,CASH_OUT,38503.71,C1753919793,0.0,0.0,C1778801068,11221430.05,11835842.92,0,0
8,CASH_OUT,11939.65,C1454424871,0.0,0.0,C2029896123,20095.0,0.0,0,0
8,CASH_OUT,51440.79,C608615689,0.0,0.0,C1677727024,152329.0,388853.85,0,0
8,TRANSFER,160241.49,C371712193,52088.77,0.0,C1525944481,11753.0,437561.96,0,0
8,CASH_OUT,130884.53,C731498509,0.0,0.0,C481402298,4432709.0,8144736.91,0,0
8,CASH_OUT,125773.58,C2069929890,0.0,0.0,C177457290,152213.69,159060.37,0,0
8,TRANSFER,346489.68,C1493788791,181318.01,0.0,C861958315,464494.42,531628.29,0,0
8,CASH_OUT,81302.73,C355341802,35002.0,0.0,C785703145,30993.0,169830.4,0,0
8,TRANSFER,370193.41,C1961393923,7817.01,0.0,C382934088,453570.78,1030696.9,0,0
8,TRANSFER,911215.67,C1276484424,0.0,0.0,C158876320,2115397.51,2984846.84,0,0
8,TRANSFER,566522.28,C32389846,0.0,0.0,C732929236,626395.52,883141.75,0,0
8,TRANSFER,1036195.44,C864746198,0.0,0.0,C1554622120,1588806.34,3488994.97,0,0
8,TRANSFER,1057911.56,C78482371,0.0,0.0,C1359484306,3514767.26,7364724.84,0,0
8,TRANSFER,744564.67,C1686282181,0.0,0.0,C1782704802,1064427.33,2380934.8,0,0
8,TRANSFER,1714975.75,C340406537,0.0,0.0,C1609562230,7273279.7,11087190.62,0,0
8,TRANSFER,1330980.01,C1886528796,0.0,0.0,C1220897602,4934086.15,10388904.22,0,0
8,TRANSFER,67793.68,C417942338,0.0,0.0,C1213257323,90612.95,24395.36,0,0
8,TRANSFER,367226.38,C1751483181,0.0,0.0,C674913323,872961.31,4984485.97,0,0
8,TRANSFER,1155966.01,C769795409,0.0,0.0,C803116137,18582150.66,23768107.88,0,0
8,TRANSFER,63028.05,C1280945972,0.0,0.0,C1450417897,67222.2,476146.49,0,0
8,CASH_OUT,546382.22,C515395238,21331.0,0.0,C826383690,38.0,910277.22,0,0
8,TRANSFER,2068925.43,C1741527153,101762.0,0.0,C545710008,41404.0,1282962.39,0,0
8,CASH_OUT,450127.58,C609889407,0.0,0.0,C1838584624,8284354.05,11889776.25,0,0
8,CASH_OUT,244146.93,C1878766973,0.0,0.0,C1030706332,327250.0,3036551.46,0,0
8,CASH_OUT,35410.03,C187306028,4784.95,0.0,C1195471589,288064.21,51843.53,0,0
8,TRANSFER,1827965.87,C443050639,370518.16,0.0,C1856036778,6599424.12,13688613.94,0,0
8,CASH_OUT,412423.58,C944424336,36140.0,0.0,C818570949,797221.98,2402597.58,0,0
8,CASH_OUT,278968.88,C460883694,495296.0,216327.12,C358945794,7883.14,502113.43,0,0
8,CASH_OUT,277473.64,C1978705492,271646.0,0.0,C922511709,10119.47,238938.46,0,0
8,CASH_OUT,101857.87,C476099740,7157.0,0.0,C988138425,1523582.38,4310701.91,0,0
8,TRANSFER,1620233.99,C1523030997,380.0,0.0,C1467740330,5966.04,3058399.05,0,0
8,CASH_OUT,415456.42,C722501694,6747.0,0.0,C1918034924,128891.0,1096437.03,0,0
8,TRANSFER,1002207.96,C8335969,162166.36,0.0,C184253187,6081909.29,10206620.58,0,0
8,TRANSFER,1144634.64,C449833924,0.0,0.0,C1778300121,2023127.19,3089439.33,0,0
8,TRANSFER,971258.64,C1506456959,0.0,0.0,C667504652,1152755.93,2175372.0,0,0
8,TRANSFER,779186.41,C1185546889,0.0,0.0,C638590716,822769.25,4592962.92,0,0
8,TRANSFER,411297.14,C1061149703,0.0,0.0,C1532153384,627828.35,3614408.95,0,0
8,TRANSFER,400861.46,C1523286511,0.0,0.0,C208427878,729088.03,1454807.63,0,0
8,CASH_OUT,17761.8,C1453762180,10336.0,0.0,C1530086509,70016.0,0.0,0,0
8,TRANSFER,1966746.31,C17853297,56202.0,0.0,C891020651,0.0,5812262.37,0,0
8,CASH_OUT,111622.39,C1457214570,2347.0,0.0,C553264065,99729.44,5254.44,0,0
8,TRANSFER,1280795.57,C12837731,80784.0,0.0,C1753714541,0.0,868119.25,0,0
8,TRANSFER,77024.95,C1113599503,106502.0,29477.05,C1100767002,284113.1,253838.43,0,0
8,CASH_OUT,84848.62,C571418757,79838.0,0.0,C216084411,6250.68,857333.79,0,0
8,CASH_OUT,14383.15,C1200610638,36182.77,21799.62,C2078448324,414345.53,703316.17,0,0
8,CASH_OUT,136573.24,C471834170,21799.62,0.0,C1728766751,2593880.4,6385532.2,0,0
8,CASH_OUT,187089.61,C933559409,0.0,0.0,C1487669283,2119533.8,2349962.91,0,0
8,CASH_OUT,249877.31,C1464078834,0.0,0.0,C265845794,484124.66,3060592.01,0,0
8,CASH_OUT,135763.49,C1847120889,0.0,0.0,C798678484,2249004.57,3249604.9,0,0
8,CASH_OUT,162950.98,C244743758,0.0,0.0,C1640747200,185558.94,431154.83,0,0
8,CASH_OUT,159522.35,C507595929,0.0,0.0,C861958315,810984.1,531628.29,0,0
8,CASH_OUT,108759.13,C1778193698,0.0,0.0,C381605910,213596.89,759872.18,0,0
8,CASH_OUT,179274.89,C1104319743,0.0,0.0,C1945802665,1684614.25,1471945.15,0,0
8,CASH_OUT,283611.13,C2081158789,0.0,0.0,C466505482,371841.93,655453.06,0,0
8,CASH_OUT,262661.01,C1757038617,0.0,0.0,C578294406,509221.82,1909674.3,0,0
8,CASH_OUT,52826.48,C1777275945,0.0,0.0,C1323741703,53412.0,1966850.36,0,0
8,CASH_OUT,202358.57,C1011810439,0.0,0.0,C1638372110,258474.87,1002856.87,0,0
8,CASH_OUT,4106.82,C525563477,0.0,0.0,C2067640441,26492.13,0.0,0,0
8,CASH_OUT,14477.62,C622006054,0.0,0.0,C759700960,35392.4,47180.91,0,0
8,CASH_OUT,97542.72,C877398513,0.0,0.0,C720759478,5758689.88,8118536.09,0,0
8,CASH_OUT,216195.4,C1891855559,0.0,0.0,C1894575391,1766768.14,3443379.49,0,0
8,CASH_OUT,79574.92,C1957059924,0.0,0.0,C59215997,248731.0,1359980.45,0,0
8,CASH_OUT,18359.09,C1240536793,0.0,0.0,C1320515149,519403.3,1643201.26,0,0
8,CASH_OUT,32155.05,C489065879,0.0,0.0,C316486913,150731.21,0.0,0,0
8,CASH_OUT,109282.99,C1994948512,0.0,0.0,C1467806809,122249.18,27457.45,0,0
8,CASH_OUT,196840.13,C811778260,0.0,0.0,C1247051677,752027.87,1681737.84,0,0
8,CASH_OUT,216530.27,C1902399455,0.0,0.0,C141213117,340272.38,0.0,0,0
8,CASH_OUT,330069.09,C1476865617,0.0,0.0,C1311325237,636557.73,5465400.62,0,0
8,CASH_OUT,239326.35,C1831296910,0.0,0.0,C801142660,11340648.18,16408480.12,0,0
8,CASH_OUT,107713.97,C1273317022,0.0,0.0,C459172227,1939148.19,2591462.11,0,0
8,CASH_OUT,308772.77,C405594762,0.0,0.0,C1398530689,350260.01,1367406.0,0,0
8,CASH_OUT,275982.68,C2042110584,0.0,0.0,C1209271652,465715.22,1488576.94,0,0
8,CASH_OUT,86133.54,C783604206,0.0,0.0,C769342184,15040245.16,16681340.95,0,0
8,CASH_OUT,154899.86,C1325706000,0.0,0.0,C1419794148,3996117.94,4871037.9,0,0
8,CASH_OUT,155507.62,C818100424,0.0,0.0,C47827984,187331.06,207790.0,0,0
8,CASH_OUT,437072.34,C147879754,0.0,0.0,C439917369,452013.53,1503528.24,0,0
8,CASH_OUT,146342.29,C10728471,0.0,0.0,C515132998,1859921.58,4460317.7,0,0
8,CASH_OUT,1612.37,C1779815224,0.0,0.0,C772676303,5556.0,0.0,0,0
8,CASH_OUT,323892.28,C1127850954,0.0,0.0,C465499079,2361584.78,6457094.34,0,0
8,CASH_OUT,344731.84,C1213785792,0.0,0.0,C75629578,730761.02,707849.71,0,0
8,CASH_OUT,141528.8,C1439097040,0.0,0.0,C1186256103,344854.9,4999613.43,0,0
8,CASH_OUT,57427.21,C294544707,0.0,0.0,C832279283,85015.85,231746.48,0,0
8,CASH_OUT,20689.78,C522695499,0.0,0.0,C146305349,631354.92,698474.8,0,0
8,TRANSFER,1266354.01,C329182537,2333.47,0.0,C1554622120,2625001.78,3488994.97,0,0
8,CASH_OUT,160833.68,C1683264709,434.0,0.0,C607702142,1700.0,11475.36,0,0
8,CASH_OUT,188769.11,C394420800,0.0,0.0,C1970362900,397676.45,1296.45,0,0
8,CASH_OUT,48073.48,C1171467427,30767.0,0.0,C1981839580,44799.0,875416.34,0,0
8,CASH_OUT,2409.7,C1069331649,86849.29,84439.59,C1531812826,0.0,2409.7,0,0
8,CASH_OUT,314756.65,C438909887,102924.0,0.0,C1870237274,0.0,1180032.06,0,0
8,TRANSFER,165301.48,C1272024680,6055.0,0.0,C1722902384,0.0,681456.39,0,0
8,TRANSFER,2783998.4,C1795312610,41434.0,0.0,C2094777811,294386.43,4984096.57,0,0
8,TRANSFER,614556.68,C1083749100,526.0,0.0,C732929122,14495.0,2221293.55,0,0
8,CASH_OUT,66407.12,C968666182,2461.0,0.0,C929452805,1159618.74,872104.29,0,0
8,CASH_OUT,40958.44,C1168487398,319686.0,278727.56,C2013091073,80213.35,0.0,0,0
8,TRANSFER,1666940.04,C483478058,13512.45,0.0,C158876320,2798850.16,2984846.84,0,0
8,TRANSFER,1215350.16,C1114225943,1175.0,0.0,C527599317,2589.0,1537888.24,0,0
8,CASH_OUT,358554.47,C1257379837,15315.0,0.0,C1698593276,0.0,1191888.4,0,0
8,CASH_OUT,176324.78,C273198152,52449.0,0.0,C236282128,0.0,994.76,0,0
8,CASH_OUT,132659.03,C1459834,312.0,0.0,C1246134024,228860.3,252670.01,0,0
8,TRANSFER,193828.96,C786677631,51008.0,0.0,C2123122269,6081.0,0.0,0,0
8,TRANSFER,1953170.23,C901492469,30801.0,0.0,C866356999,6396.28,2017695.97,0,0
8,CASH_OUT,28352.48,C1457379370,1191.0,0.0,C355731896,0.0,28352.48,0,0
8,CASH_OUT,49676.38,C1262876545,76489.0,26812.62,C600543179,0.0,49676.38,0,0
8,TRANSFER,266485.99,C1332732361,26812.62,0.0,C1089993541,508993.23,1741771.65,0,0
8,TRANSFER,907721.56,C2080592048,70040.0,0.0,C214774813,20378156.66,22638306.95,0,0
8,CASH_OUT,154576.0,C1506186841,70682.6,0.0,C2039260934,17056.0,171632.0,0,0
8,TRANSFER,1514354.77,C1998915342,0.0,0.0,C1838584624,8373085.45,11889776.25,0,0
8,TRANSFER,5677662.29,C293394374,0.0,0.0,C1856036778,8427389.99,13688613.94,0,0
8,TRANSFER,152763.91,C1523632095,0.0,0.0,C638551812,177634.42,136940.68,0,0
8,TRANSFER,1223876.54,C2134442136,66478.0,0.0,C1219273867,0.0,3650961.01,0,0
8,CASH_OUT,107403.64,C815011394,158351.0,50947.36,C382697424,48000.8,368836.97,0,0
8,CASH_OUT,160858.21,C681936517,103507.0,0.0,C920011586,0.0,40521.47,0,0
8,CASH_OUT,170431.05,C949203925,13628.85,0.0,C76005115,22235.0,9082.15,0,0
8,CASH_OUT,292996.52,C1133663588,0.0,0.0,C566698125,589214.72,2281735.27,0,0
8,TRANSFER,441968.23,C655887254,269.0,0.0,C77652925,0.0,202111.66,0,0
8,CASH_OUT,136090.7,C2049688163,10595.0,0.0,C1896985362,906.0,470187.33,0,0
8,TRANSFER,58450.79,C767793788,51488.0,0.0,C352202338,0.0,484819.58,0,0
8,CASH_OUT,166701.49,C460993973,20039.0,0.0,C849689177,16521.0,624094.23,0,0
8,CASH_OUT,314461.38,C785023391,271.0,0.0,C663641998,21779.0,345947.52,0,0
8,CASH_OUT,399294.16,C683565954,1164.0,0.0,C1753714541,1280795.57,868119.25,0,0
8,TRANSFER,1068819.73,C2046784543,124119.0,0.0,C7881234,0.0,1100454.23,0,0
8,TRANSFER,16214.02,C1427251566,0.0,0.0,C653593128,191103.44,2388.99,0,0
8,CASH_OUT,53675.27,C114890837,11383.0,0.0,C242520397,305996.0,0.0,0,0
8,TRANSFER,864488.38,C687452936,0.0,0.0,C1495001462,895690.39,2528788.63,0,0
8,TRANSFER,401182.04,C607220150,0.0,0.0,C681709819,445810.89,466230.2,0,0
8,TRANSFER,74661.04,C1142175890,20820.0,0.0,C945327594,12655.46,33383.17,0,0
8,CASH_OUT,211375.18,C172071925,0.0,0.0,C1337741679,1041233.08,4670415.04,0,0
8,CASH_OUT,547505.56,C1414007756,3680.87,0.0,C464094472,1469851.71,3124312.23,0,0
8,CASH_OUT,83779.39,C1505371477,0.0,0.0,C46748390,2052818.63,2090579.27,0,0
8,CASH_OUT,272267.62,C1120516597,0.0,0.0,C1754722089,786290.08,3719715.07,0,0
8,CASH_OUT,353190.71,C1696632983,233621.0,0.0,C2112826959,51619.0,2258719.46,0,0
8,CASH_OUT,408079.31,C23298557,10707.0,0.0,C1161865950,592603.51,2076683.64,0,0
8,TRANSFER,677160.97,C1621495150,62080.0,0.0,C1520366382,0.0,1181881.76,0,0
8,TRANSFER,1149940.21,C673104403,21183.0,0.0,C362585233,1239.0,2489006.65,0,0
8,TRANSFER,256542.27,C1304057162,10604.21,0.0,C909295153,10011275.34,10946293.06,0,0
8,CASH_OUT,357640.17,C1643847581,110902.23,0.0,C1145835418,1092656.77,1236584.82,0,0
8,CASH_OUT,33030.21,C1624493401,0.0,0.0,C1856036778,14105052.28,13688613.94,0,0
8,CASH_OUT,41419.97,C2145178636,0.0,0.0,C72565662,168217.68,0.0,0,0
8,CASH_OUT,76914.7,C465374428,0.0,0.0,C1348373832,232098.88,1072919.03,0,0
8,CASH_OUT,51228.53,C579076033,0.0,0.0,C1316198760,55652.72,325657.17,0,0
8,CASH_OUT,122429.55,C1556367309,0.0,0.0,C1651945012,1651522.95,2542356.18,0,0
8,CASH_OUT,112647.7,C1159828717,0.0,0.0,C2009378486,8247118.29,10412766.11,0,0
8,CASH_OUT,134957.21,C906603385,0.0,0.0,C2006081398,2192881.91,4743010.67,0,0
8,CASH_OUT,290857.41,C189347726,0.0,0.0,C2115178036,2303971.78,4232737.36,0,0
8,CASH_OUT,157535.49,C1968042757,0.0,0.0,C2040656033,1046748.17,8124431.39,0,0
8,CASH_OUT,267022.89,C1015187389,0.0,0.0,C1333404258,528450.97,0.0,0,0
8,CASH_OUT,79457.84,C1194045751,0.0,0.0,C1998750048,148064.75,553336.6,0,0
8,CASH_OUT,38014.08,C85728027,0.0,0.0,C1282745381,170465.33,343807.88,0,0
8,CASH_OUT,104637.48,C533927270,0.0,0.0,C1934634055,222713.58,474803.34,0,0
8,CASH_OUT,322924.82,C927254094,0.0,0.0,C1477979030,10311437.96,11875848.5,0,0
8,CASH_OUT,117781.88,C763128728,0.0,0.0,C1619402333,5621684.17,5810930.82,0,0
8,CASH_OUT,92065.79,C1590031531,403313.0,311247.21,C961178923,1761.25,154435.9,0,0
8,CASH_OUT,194555.22,C856397318,80170.67,0.0,C505366143,0.0,348604.02,0,0
8,TRANSFER,677511.5,C1528087031,69738.0,0.0,C403649458,0.0,30549.8,0,0
8,TRANSFER,1258255.51,C666588065,261621.0,0.0,C699679818,0.0,1128676.42,0,0
8,CASH_OUT,393268.98,C959020813,7640.0,0.0,C1804883318,32131.0,763820.95,0,0
8,TRANSFER,9679.61,C1663414465,694583.77,684904.15,C90285221,30726.0,0.0,0,0
8,TRANSFER,2612615.69,C656389886,684904.15,0.0,C1916720513,9774269.46,14711326.65,0,0
8,CASH_OUT,212210.8,C411580445,19964.91,0.0,C1207946845,695647.14,1079004.45,0,0
8,CASH_OUT,619286.67,C1635626989,0.0,0.0,C717951588,765936.41,989801.23,0,0
8,CASH_OUT,61077.89,C1441084760,0.0,0.0,C382697424,155404.44,368836.97,0,0
8,CASH_OUT,383700.77,C883682686,0.0,0.0,C423580937,5685471.08,12682009.97,0,0
8,CASH_OUT,143780.26,C1840935718,0.0,0.0,C861958315,970506.45,531628.29,0,0
8,CASH_OUT,376043.17,C1630845883,0.0,0.0,C635281078,1007502.96,2265663.04,0,0
8,CASH_OUT,79608.52,C47095269,54041.32,0.0,C2110180989,818711.0,0.0,0,0
8,CASH_OUT,143773.86,C447437220,11987.0,0.0,C716442925,130305.62,4271358.73,0,0
8,CASH_OUT,220726.94,C468404749,0.0,0.0,C662736689,8204505.73,8488789.41,0,0
8,CASH_OUT,99266.44,C665233711,71611.0,0.0,C1015594741,6330.0,0.0,0,0
8,CASH_OUT,305882.78,C1496902435,5179.0,0.0,C874023329,101347.09,3539577.27,0,0
8,CASH_OUT,63052.1,C817477797,27007.0,0.0,C1170460428,14283.68,10050.71,0,0
8,TRANSFER,424281.37,C1952615736,53561.0,0.0,C33574809,108816.03,153166.15,0,0
8,CASH_OUT,100112.99,C412564881,39523.0,0.0,C1336496959,20657.0,88561.71,0,0
8,CASH_OUT,347224.49,C87272859,228221.0,0.0,C1786758337,0.0,577913.11,0,0
8,CASH_OUT,144065.76,C922801345,31470.0,0.0,C1378523254,0.0,50629.66,0,0
8,TRANSFER,1316501.05,C1265768354,399520.0,0.0,C686592713,505707.58,1989877.01,0,0
8,CASH_OUT,325692.57,C1360349293,11342.0,0.0,C1014255081,22.0,101436.38,0,0
8,TRANSFER,1058454.77,C837086941,8035.66,0.0,C1090263069,22070.0,1260609.49,0,0
8,CASH_OUT,186978.9,C1521241286,329432.81,142453.91,C1010306008,2891.53,1120683.69,0,0
8,CASH_OUT,279327.81,C1286132552,142453.91,0.0,C366015139,1561721.43,4555236.24,0,0
8,TRANSFER,2604737.7,C1330340544,0.0,0.0,C885951223,2854849.94,7882930.45,0,0
8,CASH_OUT,29586.72,C753602291,23591.0,0.0,C1753128715,17977.86,0.0,0,0
8,CASH_OUT,114677.78,C614506711,25108.0,0.0,C1607998252,20844.0,1471457.68,0,0
8,TRANSFER,1017258.82,C1531785415,5721.0,0.0,C720370261,10922.0,643199.54,0,0
8,CASH_OUT,22396.59,C2060092769,51780.0,29383.41,C1583408697,182694.52,638228.31,0,0
8,CASH_OUT,336267.83,C655081265,41645.87,0.0,C47827984,342838.68,207790.0,0,0
8,CASH_OUT,94311.54,C1424384862,11041.0,0.0,C934085675,49440.79,695754.55,0,0
8,CASH_OUT,87456.78,C1633345274,53996.0,0.0,C2016729324,0.0,87456.78,0,0
8,TRANSFER,85893.31,C923175349,27476.0,0.0,C655702946,22594.0,0.0,0,0
8,CASH_OUT,250772.37,C1617635611,6211.0,0.0,C314019925,0.0,493579.15,0,0
8,CASH_OUT,158698.85,C1542709536,5507.0,0.0,C1859965144,85459.53,998355.01,0,0
8,CASH_OUT,247492.86,C1816631112,9185.0,0.0,C1318822808,29350.18,27043.43,0,0
8,CASH_OUT,66558.66,C895395412,304.0,0.0,C2089779261,19638.28,29515.69,0,0
8,TRANSFER,722611.98,C1595591093,142356.85,0.0,C669419693,641175.54,4692432.3,0,0
8,CASH_OUT,284379.59,C354747043,0.0,0.0,C439917369,876861.64,1503528.24,0,0
8,CASH_OUT,25915.16,C940324697,72390.0,46474.84,C601893033,18021.11,47670.38,0,0
8,CASH_OUT,19605.63,C661107850,720.0,0.0,C891020651,1966746.31,5812262.37,0,0
8,CASH_OUT,61220.08,C1255928348,20753.0,0.0,C1840046890,0.0,824422.61,0,0
8,CASH_OUT,276702.18,C1342364713,75787.0,0.0,C1369248292,15374.0,0.0,0,0
8,CASH_OUT,110242.58,C854346893,607590.0,497347.42,C145581669,0.0,139821.09,0,0
8,CASH_OUT,242350.13,C1474024797,26914.0,0.0,C2112921429,0.0,790651.1,0,0
8,CASH_OUT,82656.08,C117666575,10790.0,0.0,C1278362250,7053.0,0.0,0,0
8,CASH_OUT,78586.35,C74111227,0.0,0.0,C920011586,160858.21,40521.47,0,0
8,CASH_OUT,102693.52,C1626761313,0.0,0.0,C2119123648,416236.83,475595.42,0,0
8,CASH_OUT,120005.86,C1971955002,373374.0,253368.14,C606633566,57262.0,0.0,0,0
8,CASH_OUT,14258.5,C670439024,972295.0,958036.5,C28125426,363832.53,4395556.09,0,0
8,CASH_OUT,37745.48,C1955645327,21069.0,0.0,C1569007457,0.0,412036.93,0,0
8,TRANSFER,1862201.76,C1869931542,20241.0,0.0,C614438306,51225.52,1138741.39,0,0
8,CASH_OUT,447208.14,C1299475371,62369.9,0.0,C1918034924,544347.42,1096437.03,0,0
8,TRANSFER,1694779.18,C1689070505,16416.11,0.0,C1286084959,9321926.35,12959765.0,0,0
8,CASH_OUT,67292.82,C1351084853,74004.86,6712.04,C1538264524,162151.05,555348.58,0,0
8,TRANSFER,789040.44,C1302590695,11210.0,0.0,C131837504,0.0,2355805.28,0,0
8,CASH_OUT,209712.71,C1241031264,17883.0,0.0,C1355326338,0.0,652230.65,0,0
8,TRANSFER,211132.13,C1434124163,473.0,0.0,C991221307,5002.0,0.0,0,0
8,TRANSFER,1021460.38,C1260571083,115068.0,0.0,C1927159174,40053.08,762973.35,0,0
8,CASH_OUT,44665.99,C2134964960,11690.0,0.0,C1036138670,52186.0,465858.75,0,0
8,CASH_OUT,141365.64,C2002598143,125068.66,0.0,C635371680,443914.02,841009.73,0,0
8,CASH_OUT,81287.25,C936893862,33212.0,0.0,C1060830840,21101.01,1661.94,0,0
8,CASH_OUT,49979.15,C1134483324,20991.0,0.0,C1985323778,49978.0,99957.15,0,0
8,TRANSFER,1473540.16,C163969520,0.0,0.0,C423580937,6069171.85,12682009.97,0,0
8,TRANSFER,257149.25,C1639960387,0.0,0.0,C1934634055,327351.05,474803.34,0,0
8,TRANSFER,1133552.77,C747104405,0.0,0.0,C1031639563,2918206.3,5739012.22,0,0
8,TRANSFER,121523.69,C1415621552,0.0,0.0,C265108079,1358538.24,4937135.42,0,0
8,TRANSFER,1340671.57,C1917637301,0.0,0.0,C40075281,5161744.85,7088323.13,0,0
8,TRANSFER,1565978.49,C1838599784,0.0,0.0,C1838584624,9887440.22,11889776.25,0,0
8,TRANSFER,945973.28,C2118533135,0.0,0.0,C1782704802,1719711.79,2380934.8,0,0
8,TRANSFER,785876.49,C791304540,0.0,0.0,C1660095722,2352703.57,3806682.25,0,0
8,TRANSFER,42489.53,C1005059958,0.0,0.0,C1998750048,227522.59,553336.6,0,0
8,TRANSFER,1352711.38,C1624871916,0.0,0.0,C2115178036,2594829.19,4232737.36,0,0
8,TRANSFER,396280.04,C752087488,0.0,0.0,C1092318644,982289.93,2525331.77,0,0
8,TRANSFER,292534.88,C1364114879,0.0,0.0,C395114097,347970.71,441934.34,0,0
8,CASH_OUT,146091.63,C1431762095,56352.0,0.0,C1643855278,9733603.69,9680855.68,0,0
8,CASH_OUT,42338.6,C2033998618,66593.0,24254.4,C845786722,0.0,42338.6,0,0
8,CASH_OUT,60499.68,C1249153855,115941.71,55442.03,C569675628,352241.51,242656.13,0,0
8,TRANSFER,1030502.57,C600860248,1056.0,0.0,C1413055366,934.0,4023834.75,0,0
8,CASH_OUT,257927.93,C1024196101,10016.0,0.0,C1200417755,7921.29,1411708.67,0,0
8,CASH_OUT,305755.43,C2101821913,104479.07,0.0,C1761353343,2117142.42,5270364.19,0,0
8,CASH_OUT,24587.58,C758419542,0.0,0.0,C1619282151,31421.2,88947.02,0,0
8,CASH_OUT,62285.48,C2135382997,68755.0,6469.52,C278407008,77826.7,136405.86,0,0
8,TRANSFER,1370353.1,C78453645,691991.74,0.0,C1823908748,9116.0,0.0,0,0
8,CASH_OUT,270952.22,C1242104304,11022.0,0.0,C182799539,13225.0,116966.06,0,0
8,CASH_OUT,208079.59,C1274791290,16570.54,0.0,C1436838899,325901.29,0.0,0,0
8,TRANSFER,245550.79,C1868974771,19909.0,0.0,C1700355047,344066.09,1455482.66,0,0
8,CASH_OUT,121586.86,C1506154665,0.0,0.0,C979387846,170082.99,1142330.03,0,0
8,CASH_OUT,262189.36,C819358417,62951.0,0.0,C1552859894,51972.0,3018034.04,0,0
8,CASH_OUT,226316.78,C712127983,315259.56,88942.78,C674913323,1240187.69,4984485.97,0,0
8,CASH_OUT,48644.0,C947833394,7133.0,0.0,C1459035867,0.0,48644.0,0,0
8,TRANSFER,1024783.48,C1851917602,214627.0,0.0,C193625667,0.0,2526131.0,0,0
8,CASH_OUT,17819.15,C648529488,76428.0,58608.85,C483817115,322.0,10014348.15,0,0
8,CASH_OUT,366716.77,C730963382,0.0,0.0,C1505755152,11099560.44,14646239.59,0,0
8,TRANSFER,340846.07,C1563232442,169.0,0.0,C1022680775,71835.64,1070858.6,0,0
8,CASH_OUT,518042.29,C1045479965,1680.0,0.0,C1880901678,0.0,293199.16,0,0
8,CASH_OUT,162344.86,C1241835988,264556.0,102211.14,C428796726,477731.65,847656.86,0,0
8,CASH_OUT,154861.07,C2136559862,102211.14,0.0,C619068319,422516.39,225745.92,0,0
8,CASH_OUT,46931.71,C930336747,86906.0,39974.29,C2137356424,81215.0,54054.25,0,0
8,CASH_OUT,385954.62,C1085767497,12857.38,0.0,C909295153,10267817.6,10946293.06,0,0
8,TRANSFER,3007043.04,C399938065,20701.17,0.0,C803116137,19738116.67,23768107.88,0,0
8,TRANSFER,259493.52,C638994322,100513.0,0.0,C24404443,137724.93,2045840.62,0,0
8,CASH_OUT,57727.14,C268025456,29032.0,0.0,C306285887,479791.39,1458658.26,0,0
8,CASH_OUT,20950.46,C847987702,83819.0,62868.54,C1179975227,80919.0,0.0,0,0
8,CASH_OUT,87715.88,C1060441643,31813.0,0.0,C695653925,0.0,61778.84,0,0
8,TRANSFER,2325148.88,C1472822984,0.0,0.0,C1141137903,8557728.3,14068690.23,0,0
8,CASH_OUT,67222.8,C1022235105,31458.0,0.0,C1177315507,1624.0,167652.31,0,0
8,CASH_OUT,258741.68,C408193802,213129.0,0.0,C1036454560,944157.06,0.0,0,0
8,CASH_OUT,246170.07,C166658328,23582.66,0.0,C2029310301,724977.65,1315451.65,0,0
8,CASH_OUT,603293.42,C903862260,0.0,0.0,C465499079,2685477.06,6457094.34,0,0
8,CASH_OUT,26745.45,C1613392942,0.0,0.0,C1838584624,11453418.71,11889776.25,0,0
8,CASH_OUT,374327.26,C342452289,0.0,0.0,C2109097173,483172.61,147308.68,0,0
8,CASH_OUT,421012.9,C1711234069,0.0,0.0,C1495761010,1457678.41,1969176.6,0,0
8,CASH_OUT,311256.01,C777279273,0.0,0.0,C1092465037,692215.0,2394540.24,0,0
8,CASH_OUT,220097.18,C497812945,0.0,0.0,C1459757869,519581.4,4042386.17,0,0
8,CASH_OUT,173135.88,C1113087301,0.0,0.0,C1320515149,537762.39,1643201.26,0,0
8,CASH_OUT,592699.84,C1566097135,0.0,0.0,C978740207,1072822.15,1428005.14,0,0
8,CASH_OUT,151069.68,C1362708338,0.0,0.0,C789195255,751659.75,839166.91,0,0
8,CASH_OUT,242535.27,C742806025,0.0,0.0,C979719862,263073.58,491448.89,0,0
8,CASH_OUT,108849.21,C745836721,0.0,0.0,C929266212,228330.1,495014.38,0,0
8,CASH_OUT,189775.33,C876866582,0.0,0.0,C1476213591,224708.45,407437.54,0,0
8,CASH_OUT,183221.02,C794443579,0.0,0.0,C957388291,750956.23,854165.83,0,0
8,CASH_OUT,105775.76,C831715011,0.0,0.0,C1373172466,2064926.13,4791597.89,0,0
8,CASH_OUT,182778.47,C1563276556,425497.51,242719.04,C645187727,1079.0,503076.8,0,0
8,CASH_OUT,47049.61,C1993065230,17673.64,0.0,C1337306552,51515.0,0.0,0,0
8,CASH_OUT,177881.98,C828406306,0.0,0.0,C1200314947,1279697.14,994391.7,0,0
8,CASH_OUT,492757.56,C958192041,199901.0,0.0,C63475121,0.0,519853.57,0,0
8,CASH_OUT,85454.32,C566882981,152966.47,67512.15,C1725548614,247274.79,279809.81,0,0
8,CASH_OUT,115331.25,C1657631491,10321.0,0.0,C1675375648,24163.59,387320.91,0,0
8,CASH_OUT,76356.13,C1144120651,319.79,0.0,C1957274125,124935.0,902210.3,0,0
8,CASH_OUT,115424.85,C1850424918,142431.6,27006.75,C928023753,589777.74,636296.03,0,0
8,CASH_OUT,249287.43,C1913929214,27006.75,0.0,C12793273,1604641.02,1918654.56,0,0
8,CASH_OUT,76280.65,C609957874,108411.0,32130.35,C1263845074,27838.0,2486396.91,0,0
8,TRANSFER,174472.14,C2004026698,11380.0,0.0,C218007578,16441.25,163427.07,0,0
8,TRANSFER,1180974.04,C428672317,173310.77,0.0,C1178471274,1547056.5,2096994.78,0,0
8,TRANSFER,629390.83,C1687442777,0.0,0.0,C988138425,1625440.24,4310701.91,0,0
8,TRANSFER,1058644.48,C195188180,0.0,0.0,C1870252780,14878656.41,16667982.08,0,0
8,TRANSFER,762470.25,C601771229,0.0,0.0,C1303868418,6484883.38,10007761.88,0,0
8,TRANSFER,724540.17,C1384845686,0.0,0.0,C665576141,8242923.0,14786300.22,0,0
8,TRANSFER,1019434.0,C343128291,0.0,0.0,C728526866,6949013.45,10520267.05,0,0
8,TRANSFER,114628.03,C224809804,0.0,0.0,C1423992712,10750666.76,13803333.72,0,0
8,TRANSFER,320938.92,C1552899737,0.0,0.0,C979719862,505608.86,491448.89,0,0
8,TRANSFER,1269386.75,C1451615455,0.0,0.0,C464094472,2017357.26,3124312.23,0,0
8,TRANSFER,456725.02,C1597565516,0.0,0.0,C665576141,8967463.18,14786300.22,0,0
8,TRANSFER,45114.41,C1618689748,0.0,0.0,C1493103616,62752.21,0.0,0,0
8,TRANSFER,474819.16,C1185341396,0.0,0.0,C2059996587,576874.04,1216696.84,0,0
8,TRANSFER,319043.54,C1073510595,0.0,0.0,C349015546,1452168.19,1784885.44,0,0
8,TRANSFER,361448.75,C663658490,0.0,0.0,C447691425,3309046.09,6795453.82,0,0
8,TRANSFER,346144.21,C515541057,0.0,0.0,C849038219,618731.72,1337271.15,0,0
8,TRANSFER,602731.33,C1846721597,0.0,0.0,C125722707,1030892.91,1188993.0,0,0
8,TRANSFER,50599.04,C854911836,0.0,0.0,C1014923261,283662.71,1434633.69,0,0
8,TRANSFER,9021.1,C1641464759,0.0,0.0,C488170925,11167.0,0.0,0,0
8,TRANSFER,9085.1,C728016716,0.0,0.0,C1065997164,2128559.15,2826797.81,0,0
8,TRANSFER,21584.07,C1349260617,0.0,0.0,C1444624884,23431.65,42292.14,0,0
8,TRANSFER,10037.87,C1171765779,0.0,0.0,C1284149862,373404.04,2465823.51,0,0
8,TRANSFER,1778.27,C306905701,0.0,0.0,C2019813042,17303.0,0.0,0,0
8,TRANSFER,4642.52,C479959463,0.0,0.0,C1485647504,70550.0,51357.06,0,0
8,TRANSFER,519231.35,C745345312,0.0,0.0,C476182975,1122468.06,3671968.73,0,0
8,TRANSFER,66998.7,C713920943,13588.0,0.0,C283747838,0.0,103573.36,0,0
8,CASH_OUT,284177.43,C1808862084,45646.15,0.0,C30516998,1283097.33,0.0,0,0
8,CASH_OUT,67341.67,C1407126742,0.0,0.0,C185353840,577620.53,1610015.74,0,0
8,CASH_OUT,27047.91,C627621884,11334.0,0.0,C1938612885,0.0,0.0,0,0
8,CASH_OUT,134828.83,C735243695,22305.0,0.0,C1632716597,59644.87,279348.7,0,0
8,CASH_OUT,28591.56,C1269112950,107140.0,78548.44,C1213485528,99206.24,134678.86,0,0
8,TRANSFER,428323.71,C1636356584,2156.0,0.0,C459857341,189998.46,542963.38,0,0
8,CASH_OUT,165926.95,C1697182202,204602.0,38675.05,C895798008,0.0,581346.67,0,0
8,CASH_OUT,104911.84,C514744910,10680.0,0.0,C399070738,0.0,738.68,0,0
8,CASH_OUT,303428.18,C640470568,25151.09,0.0,C1266035080,2901309.89,3232606.04,0,0
8,CASH_OUT,224722.53,C1688868596,5061.0,0.0,C194746285,141269.22,1404489.37,0,0
8,TRANSFER,1022569.68,C859538174,30274.0,0.0,C744708435,0.0,630662.18,0,0
8,TRANSFER,268823.2,C1502143541,106127.0,0.0,C214974969,20407.0,310740.2,0,0
8,CASH_OUT,110892.74,C1904708954,25623.0,0.0,C2082673402,0.0,218486.67,0,0
8,TRANSFER,1164145.38,C776846544,5971.0,0.0,C593210287,156663.0,2724575.25,0,0
8,CASH_OUT,137669.04,C1020658583,663634.67,525965.63,C1107146140,296459.54,1655416.88,0,0
8,TRANSFER,660664.36,C1162594329,37602.0,0.0,C1758941631,5563.0,516387.72,0,0
8,CASH_OUT,177441.88,C391751645,4994.0,0.0,C1167066016,0.0,641979.14,0,0
8,CASH_OUT,4131.4,C1422684701,147756.36,143624.95,C2038994826,690.0,771935.59,0,0
8,CASH_OUT,156539.39,C1075932728,143624.95,0.0,C74288440,444468.13,0.0,0,0
8,CASH_OUT,343587.33,C1494261370,13821.0,0.0,C1065774928,0.0,1024187.45,0,0
8,CASH_OUT,119640.07,C1853576159,2162.0,0.0,C1685697739,6559.82,29206.12,0,0
8,CASH_OUT,362318.79,C627089542,148529.42,0.0,C1330400026,817.21,38365.3,0,0
8,CASH_OUT,222403.67,C1516689289,0.0,0.0,C991363637,12729492.45,11956594.11,0,0
8,TRANSFER,626794.31,C2049063123,0.0,0.0,C193625667,1024783.48,2526131.0,0,0
8,TRANSFER,1213083.88,C11143846,0.0,0.0,C1419794148,4151017.8,4871037.9,0,0
8,CASH_OUT,206045.61,C1440205863,30465.0,0.0,C1638556416,0.0,335656.26,0,0
8,TRANSFER,167278.74,C1972533350,11897.0,0.0,C1390121014,260872.61,914190.45,0,0
8,CASH_OUT,546020.74,C1323830604,12633.0,0.0,C1639464943,67512.15,631745.85,0,0
8,TRANSFER,781995.91,C526130049,5039.0,0.0,C732470450,6052.0,1563966.08,0,0
8,CASH_OUT,14251.5,C674618892,415188.39,400936.89,C489693281,15870.0,920447.14,0,0
8,CASH_OUT,65087.41,C978867206,274599.31,209511.9,C1248946803,200874.0,60462.35,0,0
8,CASH_OUT,275657.7,C1295694624,209511.9,0.0,C1869228744,1500463.24,2528711.98,0,0
8,CASH_OUT,99138.39,C669219027,11292.0,0.0,C1697593996,72223.0,177687.33,0,0
8,CASH_OUT,119047.8,C1887015878,0.0,0.0,C1730752455,2146314.15,5008592.32,0,0
8,TRANSFER,228599.46,C150540715,22007.0,0.0,C137840913,124347.9,439663.53,0,0
8,TRANSFER,411365.07,C268589103,3965.25,0.0,C1875310223,0.0,589589.05,0,0
8,CASH_OUT,192929.69,C572952116,49030.0,0.0,C1746371201,550782.82,392132.46,0,0
8,TRANSFER,759569.46,C872882948,93.0,0.0,C207471579,0.0,610300.47,0,0
8,TRANSFER,7186.83,C1177087081,5389.0,0.0,C1731643198,11101.0,121011.45,0,0
8,TRANSFER,1190359.18,C1524279461,317302.6,0.0,C285527187,86804.7,1728663.24,0,0
8,CASH_OUT,67414.34,C171745460,0.0,0.0,C934300202,886114.15,0.0,0,0
8,CASH_OUT,67862.64,C1344791399,22008.0,0.0,C704024200,0.0,26577.75,0,0
8,CASH_OUT,261025.15,C1547338261,10087.0,0.0,C1807010830,0.0,335862.15,0,0
8,CASH_OUT,40509.06,C1395606853,5068.0,0.0,C125089688,0.0,40509.06,0,0
8,CASH_OUT,178117.34,C575501641,15527.41,0.0,C1515979807,762286.27,12141425.39,0,0
8,CASH_OUT,21471.24,C2043728388,184597.0,163125.76,C1701412896,0.0,21471.24,0,0
8,TRANSFER,882136.76,C1027069251,70498.0,0.0,C1302931951,0.0,1740418.55,0,0
8,CASH_OUT,103465.46,C1943674742,40661.0,0.0,C1134976854,11376.0,756076.63,0,0
8,CASH_OUT,282495.23,C1944615830,10928.0,0.0,C2013342140,0.0,363158.84,0,0
8,TRANSFER,747363.8,C781332550,104856.0,0.0,C1197606915,18050.09,681876.36,0,0
8,CASH_OUT,79920.9,C1825645497,20256.66,0.0,C1327907419,1653891.2,1204577.24,0,0
8,CASH_OUT,478591.21,C1074834054,7984.0,0.0,C59941009,0.0,1811949.96,0,0
8,CASH_OUT,107176.1,C1442492113,51711.0,0.0,C1793436274,17583.4,109554.1,0,0
8,CASH_OUT,247665.96,C1645953382,0.0,0.0,C861958315,1114286.71,531628.29,0,0
8,CASH_OUT,218580.31,C1952010683,0.0,0.0,C63475121,492757.56,519853.57,0,0
8,CASH_OUT,134670.72,C1515152191,12939.0,0.0,C1785910017,261.0,375301.01,0,0
8,TRANSFER,1548413.24,C970457718,67976.0,0.0,C365212068,214606.43,3805747.48,0,0
8,CASH_OUT,60308.47,C50822885,4778.97,0.0,C1185298063,99959.0,300574.46,0,0
8,CASH_OUT,464363.56,C2076723165,0.0,0.0,C1883840933,22194312.68,25330272.63,0,0
8,CASH_OUT,171272.52,C838890986,0.0,0.0,C451111351,8964191.72,13101828.29,0,0
8,CASH_OUT,171492.43,C2120664084,30679.0,0.0,C265108079,1480061.93,4937135.42,0,0
8,CASH_OUT,107106.44,C993531335,51679.0,0.0,C871895680,0.0,149368.06,0,0
8,CASH_OUT,12853.89,C1932927184,278.0,0.0,C465257140,1305876.94,1761413.49,0,0
8,CASH_OUT,65003.59,C813604656,4977.0,0.0,C2042233477,0.0,65003.59,0,0
8,TRANSFER,753106.8,C550891973,4197.0,0.0,C1802632685,0.0,2290132.87,0,0
8,CASH_OUT,20305.77,C1396990912,377.0,0.0,C190097337,10171.0,0.0,0,0
8,CASH_OUT,295354.82,C150824388,0.0,0.0,C1211297851,498379.13,862194.34,0,0
8,CASH_OUT,318776.83,C952502194,50913.0,0.0,C1672788422,0.0,114194.51,0,0
8,CASH_OUT,127534.34,C142357661,13884.0,0.0,C1665979484,133661.7,1149182.35,0,0
8,TRANSFER,92338.97,C1282310120,41121.0,0.0,C382431057,0.0,0.0,0,0
8,CASH_OUT,182001.05,C1147109727,26630.0,0.0,C846947180,16857.09,314203.37,0,0
8,TRANSFER,144310.87,C518091364,60473.0,0.0,C214774813,21285878.21,22638306.95,0,0
8,CASH_OUT,214124.77,C775415640,43301.58,0.0,C599726537,276250.45,528200.34,0,0
8,CASH_OUT,537353.81,C1303834035,0.0,0.0,C392292416,4222570.15,6564973.2,0,0
8,CASH_OUT,458683.15,C2144260895,0.0,0.0,C904383922,859095.85,2065619.02,0,0
8,CASH_OUT,243630.95,C1633706549,0.0,0.0,C1315729466,1957325.15,803908.4,0,0
8,CASH_OUT,341554.31,C1887192166,0.0,0.0,C1163480574,1511509.09,1798734.57,0,0
8,CASH_OUT,422711.36,C173925551,0.0,0.0,C1197606915,765413.89,681876.36,0,0
8,CASH_OUT,119472.41,C1636905823,18653.0,0.0,C2129901484,170557.39,223250.64,0,0
8,CASH_OUT,309441.85,C1935414399,0.0,0.0,C1440325059,949868.57,2156169.36,0,0
8,CASH_OUT,81691.2,C1769070737,50832.0,0.0,C1054909747,30407.0,312589.37,0,0
8,CASH_OUT,145138.11,C2057174572,5044.0,0.0,C1210879412,0.0,145138.11,0,0
8,TRANSFER,1926202.79,C363107272,236616.0,0.0,C1039162432,16268.83,5478833.48,0,0
8,CASH_OUT,337190.33,C6120398,121267.0,0.0,C1134894336,0.0,42435.22,0,0
8,CASH_OUT,139208.1,C1030218167,11260.14,0.0,C1459757869,739678.57,4042386.17,0,0
8,TRANSFER,506069.52,C558839775,40184.94,0.0,C732929122,629051.68,2221293.55,0,0
8,TRANSFER,3903432.11,C1292277702,0.0,0.0,C2083562754,12274616.17,18123750.85,0,0
8,TRANSFER,2419330.48,C1341042056,0.0,0.0,C863811613,4670873.42,14247328.87,0,0
8,TRANSFER,138631.19,C1681677093,0.0,0.0,C214974969,207114.71,310740.2,0,0
8,TRANSFER,2106899.77,C1008036274,0.0,0.0,C720759478,5856232.61,8118536.09,0,0
8,TRANSFER,1392377.32,C1171546449,0.0,0.0,C1262822392,21395094.56,22641471.24,0,0
8,TRANSFER,392554.77,C2146178702,0.0,0.0,C1303868418,7247353.63,10007761.88,0,0
8,TRANSFER,282698.12,C2039451429,0.0,0.0,C1732292969,366925.19,105847.94,0,0
8,TRANSFER,575123.65,C1858089311,0.0,0.0,C1266035080,3204738.07,3232606.04,0,0
8,TRANSFER,282282.75,C142089023,0.0,0.0,C1802632685,753106.8,2290132.87,0,0
8,TRANSFER,1342497.54,C390018264,0.0,0.0,C769342184,15126378.7,16681340.95,0,0
8,TRANSFER,951035.39,C307001277,0.0,0.0,C1247600089,1946684.69,6965916.76,0,0
8,TRANSFER,284119.51,C2112484962,0.0,0.0,C34231099,833766.35,0.0,0,0
8,TRANSFER,97942.64,C889236227,0.0,0.0,C1649686970,138967.24,0.0,0,0
8,TRANSFER,187429.01,C1542967439,0.0,0.0,C801142660,11432242.45,16408480.12,0,0
8,CASH_OUT,233562.48,C712484307,31542.0,0.0,C1577213552,8722.97,112243.42,0,0
8,CASH_OUT,309009.38,C1887861616,142454.0,0.0,C1659797072,56055.0,0.0,0,0
8,CASH_OUT,237757.67,C1341553739,79284.0,0.0,C1424731356,580437.81,0.0,0,0
8,CASH_OUT,95345.01,C777195642,44052.0,0.0,C67985650,26579.75,368605.5,0,0
8,CASH_OUT,113844.47,C602769609,21511.0,0.0,C1286736411,10821.0,0.0,0,0
8,CASH_OUT,66134.37,C1089844397,245504.0,179369.63,C1870367457,401642.1,149996.83,0,0
8,CASH_OUT,109922.03,C1389878317,179369.63,69447.6,C1640747200,348509.92,431154.83,0,0
8,CASH_OUT,239370.71,C746728081,149.0,0.0,C1057000374,33258.0,0.0,0,0
8,CASH_OUT,65660.1,C987961871,270012.12,204352.02,C1642006480,0.0,38787.39,0,0
8,CASH_OUT,418300.1,C817047449,204352.02,0.0,C1065997164,2137644.25,2826797.81,0,0
8,CASH_OUT,263886.45,C298550843,10320.0,0.0,C1254893565,0.0,2085959.07,0,0
8,CASH_OUT,458221.97,C1423778716,389438.4,0.0,C2113748097,491358.22,1409734.26,0,0
8,CASH_OUT,94307.93,C2105235825,0.0,0.0,C1793325972,1147056.55,6311356.92,0,0
8,CASH_OUT,122321.3,C818733755,0.0,0.0,C1554565380,4311730.95,6064917.71,0,0
8,CASH_OUT,118051.79,C636777894,0.0,0.0,C1909597726,745560.83,494709.81,0,0
8,CASH_OUT,243453.08,C403206983,0.0,0.0,C444613285,517536.5,1025383.76,0,0
8,CASH_OUT,206422.36,C1067389414,0.0,0.0,C1503560125,400936.89,188802.23,0,0
8,CASH_OUT,96214.9,C1754396052,0.0,0.0,C638590716,1249993.88,4592962.92,0,0
8,CASH_OUT,28734.74,C1850668133,0.0,0.0,C1467806809,231532.17,27457.45,0,0
8,CASH_OUT,245631.96,C898048160,0.0,0.0,C1161865950,1000682.81,2076683.64,0,0
8,CASH_OUT,434612.44,C1917851607,0.0,0.0,C991505714,13171525.2,13994753.4,0,0
8,CASH_OUT,63724.83,C353001820,0.0,0.0,C1183266411,134392.6,131167.56,0,0
8,CASH_OUT,111779.68,C217989700,0.0,0.0,C1419794148,5364101.68,4871037.9,0,0
8,CASH_OUT,238266.82,C7401819,0.0,0.0,C679235222,602307.0,3763135.16,0,0
8,CASH_OUT,1403.26,C1928110125,0.0,0.0,C1440282299,392006.58,878239.73,0,0
8,CASH_OUT,145225.98,C875184045,0.0,0.0,C716442925,274079.48,4271358.73,0,0
8,CASH_OUT,147005.42,C1253619470,0.0,0.0,C2103065350,1142278.24,1135043.98,0,0
8,CASH_OUT,68614.81,C1296395563,0.0,0.0,C818570949,1209645.56,2402597.58,0,0
8,CASH_OUT,418626.26,C1514094950,40405.61,0.0,C1383454473,0.0,1173901.8,0,0
8,TRANSFER,1548558.03,C290608334,51889.52,0.0,C653745564,119814.76,2463244.43,0,0
8,CASH_OUT,81846.83,C88836485,0.0,0.0,C39713115,132588.46,0.0,0,0
8,CASH_OUT,123448.04,C316912536,0.0,0.0,C1477641326,164642.28,1614315.76,0,0
8,CASH_OUT,869875.71,C254569840,0.0,0.0,C1787868648,6099341.89,15128076.87,0,0
8,CASH_OUT,481476.72,C215723135,0.0,0.0,C653745564,1668372.78,2463244.43,0,0
8,CASH_OUT,16857.86,C1434786752,0.0,0.0,C1128238842,2233365.5,2487668.34,0,0
8,CASH_OUT,234564.8,C1526009243,0.0,0.0,C1218365329,1294453.3,1347353.23,0,0
8,CASH_OUT,5224.94,C912178264,0.0,0.0,C322477902,44676.0,91885.61,0,0
8,CASH_OUT,257755.3,C1740068536,253.0,0.0,C1186819207,21332.0,933207.23,0,0
8,CASH_OUT,25615.13,C437328533,0.0,0.0,C1414919255,35643.0,0.0,0,0
8,TRANSFER,421359.05,C1761232281,61402.0,0.0,C173141569,529.0,480345.78,0,0
8,CASH_OUT,50967.38,C1686986768,1217939.16,1166971.78,C1304046855,77548.29,0.0,0,0
8,CASH_OUT,181555.0,C2132087618,30243.0,0.0,C910260446,152405.0,312827.84,0,0
8,CASH_OUT,18973.51,C1880580432,0.0,0.0,C533866202,194725.89,0.0,0,0
8,TRANSFER,229230.62,C664649032,11261.0,0.0,C489693281,30121.5,920447.14,0,0
8,CASH_OUT,109736.34,C1240875172,16053.0,0.0,C1216911343,36772.0,202205.22,0,0
8,CASH_OUT,93876.56,C533047973,23089.0,0.0,C1648214200,279293.79,130529.79,0,0
8,CASH_OUT,19837.51,C1691167385,2039.0,0.0,C979387846,291669.86,1142330.03,0,0
8,CASH_OUT,129182.17,C212155334,112.0,0.0,C1474411656,117618.0,92754.9,0,0
8,CASH_OUT,410541.36,C412898751,100502.0,0.0,C1060563153,212272.82,844861.56,0,0
8,TRANSFER,330408.23,C41176719,5536.0,0.0,C2037251990,758.0,1627896.92,0,0
8,CASH_OUT,189861.21,C2025833171,0.0,0.0,C458582664,12821486.37,12776817.91,0,0
8,CASH_OUT,273210.36,C545082195,0.0,0.0,C1487669283,2306623.41,2349962.91,0,0
8,TRANSFER,327004.32,C1300400003,87312.0,0.0,C1443373883,0.0,327004.32,0,0
8,CASH_OUT,148046.75,C460603587,70696.0,0.0,C301121080,59834.0,97613.25,0,0
8,TRANSFER,999114.03,C1737443446,18643.0,0.0,C1518728219,133880.86,1157398.83,0,0
8,CASH_OUT,272418.65,C2104702928,0.0,0.0,C365212068,1763019.67,3805747.48,0,0
8,CASH_OUT,265576.95,C864311933,21103.0,0.0,C309167705,444773.6,102587.94,0,0
8,CASH_OUT,65016.19,C1998941515,38307.0,0.0,C351394592,0.0,65016.19,0,0
8,CASH_OUT,58451.87,C1235755976,41558.0,0.0,C1834992330,57337.0,0.0,0,0
8,CASH_OUT,57992.02,C2110913857,1053.0,0.0,C414205222,532323.22,476642.33,0,0
8,CASH_OUT,160804.13,C9343097,20803.0,0.0,C2011869283,23183.0,286078.27,0,0
8,TRANSFER,87946.83,C2089084208,15492.0,0.0,C1945802665,1863889.14,1471945.15,0,0
8,CASH_OUT,408737.54,C1509409129,5525.0,0.0,C948005484,85206.84,421616.88,0,0
8,CASH_OUT,427257.75,C766138393,22046.0,0.0,C1947645280,8237.79,338481.61,0,0
8,CASH_OUT,233766.75,C660341469,5614.0,0.0,C746359178,0.0,1793011.1,0,0
8,CASH_OUT,38358.56,C1489632447,51086.0,12727.44,C1049804269,292097.26,905142.44,0,0
8,CASH_OUT,239007.93,C1243842449,9060.0,0.0,C1506782127,12160.0,106777.17,0,0
8,CASH_OUT,165283.57,C1570285166,0.0,0.0,C979387846,311507.37,1142330.03,0,0
8,CASH_OUT,8492.3,C997606897,2008.0,0.0,C2145319283,91980.0,1062948.15,0,0
8,CASH_OUT,49198.25,C1928952632,78274.72,29076.48,C1057152052,327540.43,25027.89,0,0
8,CASH_OUT,341783.02,C51880762,29076.48,0.0,C849038219,964875.94,1337271.15,0,0
8,CASH_OUT,167868.67,C237399517,22390.0,0.0,C2010551794,19228.0,0.0,0,0
8,CASH_OUT,96986.16,C926934938,46343.0,0.0,C155439298,19282.35,119022.01,0,0
8,CASH_OUT,287251.72,C1077867577,45775.0,0.0,C1963862935,262368.73,817839.9,0,0
8,CASH_OUT,216938.75,C856598559,20525.0,0.0,C1231540556,3606.0,83585.1,0,0
8,CASH_OUT,67757.79,C1048398852,21122.0,0.0,C1651379334,1365725.33,696383.06,0,0
8,CASH_OUT,263368.42,C2146723711,49988.0,0.0,C1321128627,0.0,150631.9,0,0
8,CASH_OUT,327821.11,C694397146,6319.0,0.0,C1948471365,4071467.22,4628857.24,0,0
8,CASH_OUT,264690.51,C1040459474,35086.63,0.0,C1066176965,183.0,0.0,0,0
8,TRANSFER,802399.33,C294764759,8377.0,0.0,C142211154,0.0,1297065.13,0,0
8,CASH_OUT,110023.87,C1130920069,46096.0,0.0,C575335780,26763.68,14610.22,0,0
8,CASH_OUT,136425.8,C1549836103,10120.0,0.0,C1585249461,37939.0,0.0,0,0
8,CASH_OUT,39643.94,C805618180,46594.0,6950.06,C1054909747,112098.2,312589.37,0,0
8,CASH_OUT,251728.47,C674776334,30890.0,0.0,C1564931235,231694.03,742404.44,0,0
8,TRANSFER,260286.58,C1583695294,91762.42,0.0,C619068319,401900.27,225745.92,0,0
8,TRANSFER,511290.71,C1147887872,0.0,0.0,C372017580,1525241.07,4122268.38,0,0
8,TRANSFER,634435.97,C1627913449,0.0,0.0,C1615804266,919403.99,4512194.13,0,0
8,TRANSFER,2158290.89,C1821775051,0.0,0.0,C2011996123,3032527.09,9264344.9,0,0
8,TRANSFER,574071.79,C413856850,0.0,0.0,C1501701470,855419.78,4463342.32,0,0
8,TRANSFER,802467.59,C123135270,0.0,0.0,C849038219,1306658.95,1337271.15,0,0
8,CASH_OUT,41760.45,C1416398965,26862.0,0.0,C1003872245,394929.23,114686.09,0,0
8,TRANSFER,512875.34,C1161825660,19.0,0.0,C712956349,5111.72,1586820.55,0,0
8,CASH_OUT,1472.25,C1561946831,10472.0,8999.75,C1940815076,10961.0,38692.6,0,0
8,CASH_OUT,199089.1,C247681480,118179.08,0.0,C2103065350,1289283.65,1135043.98,0,0
8,TRANSFER,995439.99,C75213011,357.0,0.0,C1069131391,0.0,1153204.01,0,0
8,CASH_OUT,88993.92,C576371998,429.0,0.0,C970612443,85090.0,170309.52,0,0
8,CASH_OUT,232939.75,C841084536,30807.0,0.0,C1016689071,397324.7,1024005.37,0,0
8,TRANSFER,2420979.43,C1539639691,100811.0,0.0,C1790202239,131195.74,1592988.35,0,0
8,CASH_OUT,72448.36,C539612210,91075.0,18626.64,C681835572,30484.81,42910.72,0,0
8,CASH_OUT,259890.54,C1678887716,636484.0,376593.46,C1630293008,0.0,1237504.1,0,0
8,CASH_OUT,64427.47,C197313233,54827.77,0.0,C2042228109,10469.0,0.0,0,0
8,CASH_OUT,345753.15,C1633706086,0.0,0.0,C1410669831,429562.53,252392.49,0,0
8,CASH_OUT,245434.49,C652204295,61193.0,0.0,C1040847151,5515429.2,7984433.54,0,0
8,TRANSFER,1597069.15,C1057017107,59759.0,0.0,C1567808902,0.0,1827614.92,0,0
8,CASH_OUT,222126.57,C1334244596,116599.0,0.0,C777863332,0.0,341432.53,0,0
8,CASH_OUT,166858.15,C1123291490,3042.0,0.0,C121523915,272464.1,256174.25,0,0
8,CASH_OUT,91896.9,C1782459059,20678.0,0.0,C1753885705,0.0,257823.82,0,0
8,CASH_OUT,19750.59,C1163161620,204664.0,184913.41,C257884050,20790.0,659044.27,0,0
8,CASH_OUT,100805.26,C1239132305,74764.0,0.0,C186847111,22187.0,91918.95,0,0
8,TRANSFER,2597158.62,C1904764482,170.0,0.0,C28125426,342518.54,4395556.09,0,0
8,CASH_OUT,51720.09,C660993349,21624.0,0.0,C349015546,1697509.75,1784885.44,0,0
8,CASH_OUT,145235.29,C747562820,28567.0,0.0,C755583709,190793.13,127533.46,0,0
8,TRANSFER,2047252.95,C1272544894,30518.0,0.0,C1186449563,12750.53,2790178.93,0,0
8,CASH_OUT,172362.96,C234562470,30574.0,0.0,C288197656,0.0,3423141.07,0,0
8,TRANSFER,803862.05,C880987917,24986.0,0.0,C934085675,143752.34,695754.55,0,0
8,TRANSFER,587279.16,C1739297732,9581.0,0.0,C2013691076,50696.0,926590.63,0,0
8,TRANSFER,130768.12,C568640724,70833.0,0.0,C1311325237,966626.82,5465400.62,0,0
8,CASH_OUT,191932.72,C1219622530,0.0,0.0,C1150610696,1316333.95,2040211.46,0,0
8,CASH_OUT,218264.47,C836307705,0.0,0.0,C720759478,7963132.37,8118536.09,0,0
8,CASH_OUT,8128.02,C2037700765,0.0,0.0,C1354183876,110057.99,287722.96,0,0
8,CASH_OUT,69616.66,C2117169411,0.0,0.0,C1014154376,7616417.44,14792632.14,0,0
8,CASH_OUT,366.6,C963874209,0.0,0.0,C2006081398,2127642.79,4743010.67,0,0
8,CASH_OUT,99103.73,C1082447540,0.0,0.0,C428796726,640076.51,847656.86,0,0
8,CASH_OUT,89946.47,C535514633,0.0,0.0,C1957274125,201291.13,902210.3,0,0
8,CASH_OUT,213057.13,C1780981150,0.0,0.0,C1531333864,1474303.44,1754717.64,0,0
8,CASH_OUT,286493.05,C1327238142,0.0,0.0,C1475998599,918925.1,1286372.45,0,0
8,CASH_OUT,23954.78,C701187551,0.0,0.0,C440708502,40570.24,89581.15,0,0
8,CASH_OUT,78555.07,C1813368297,0.0,0.0,C2065199032,218796.77,349087.32,0,0
8,CASH_OUT,5675.26,C982021784,0.0,0.0,C874023329,407229.86,3539577.27,0,0
8,CASH_OUT,25762.08,C358930892,0.0,0.0,C455218098,172255.18,0.0,0,0
8,CASH_OUT,170018.63,C1718780674,0.0,0.0,C508000580,1053837.45,1547638.64,0,0
8,CASH_OUT,96994.67,C608854176,0.0,0.0,C1649686970,236909.87,0.0,0,0
8,CASH_OUT,183980.03,C1569717767,0.0,0.0,C194746285,365991.75,1404489.37,0,0
8,CASH_OUT,97182.0,C1846994627,0.0,0.0,C1504109395,4693000.72,4324988.42,0,0
8,CASH_OUT,37277.41,C470684304,0.0,0.0,C265845794,734001.97,3060592.01,0,0
8,CASH_OUT,118743.68,C1807105745,0.0,0.0,C769342184,16468876.24,16681340.95,0,0
8,CASH_OUT,124539.57,C1240177254,1355.0,0.0,C648021642,89438.31,324340.8,0,0
8,TRANSFER,800185.23,C269639014,112265.0,0.0,C170954749,0.0,755327.91,0,0
8,CASH_OUT,240665.42,C1641120630,70265.0,0.0,C1237095816,0.0,0.0,0,0
8,TRANSFER,194969.74,C1827007387,10857.0,0.0,C1731824557,13540.71,0.0,0,0
8,CASH_OUT,108710.58,C728241967,29348.0,0.0,C1369695156,1912012.34,5966884.67,0,0
8,CASH_OUT,158586.16,C1018883805,807917.0,649330.84,C497806226,78423.0,173333.3,0,0
8,TRANSFER,668083.91,C2046415036,22513.0,0.0,C1849941462,447196.98,2455385.38,0,0
8,CASH_OUT,282236.96,C1902450382,567.0,0.0,C711248671,182125.58,1522032.15,0,0
8,CASH_OUT,74343.9,C806713051,1635831.49,1561487.59,C506046490,61578.57,254084.28,0,0
8,CASH_OUT,130976.9,C2064633448,22805.0,0.0,C1904349935,0.0,130976.9,0,0
8,CASH_OUT,295016.11,C1622662268,21369.0,0.0,C1501701470,1429491.57,4463342.32,0,0
8,CASH_OUT,16705.17,C261675441,44331.0,27625.83,C1383942363,0.0,206937.71,0,0
8,CASH_OUT,54566.51,C928418505,627368.06,572801.56,C2136310491,58630.33,5217.69,0,0
8,CASH_OUT,58388.22,C1566985552,57220.0,0.0,C254038376,0.0,66966.76,0,0
8,CASH_OUT,300648.81,C1987624853,400.0,0.0,C1433627902,0.0,0.0,0,0
8,TRANSFER,1432199.02,C2091404927,744539.09,0.0,C1467740330,1626200.03,3058399.05,0,0
8,CASH_OUT,385243.32,C1632727443,117732.04,0.0,C2110180989,898319.52,0.0,0,0
8,TRANSFER,36069.24,C1050417216,10452.0,0.0,C69736093,0.0,36069.24,0,0
8,CASH_OUT,29051.24,C1095197275,0.0,0.0,C1371191175,81594.2,1093896.21,0,0
8,TRANSFER,491404.55,C334999761,10039.0,0.0,C251966229,14903.0,85234.9,0,0
8,TRANSFER,621924.08,C1953279638,10392.0,0.0,C1811787479,0.0,621924.08,0,0
8,CASH_OUT,168707.81,C1088358396,207124.1,38416.28,C1958390694,182539.0,0.0,0,0
8,TRANSFER,2029109.94,C342524388,23075.0,0.0,C1575675375,1177.0,1981093.98,0,0
8,CASH_OUT,223589.32,C1471592488,18651.41,0.0,C1065774928,343587.33,1024187.45,0,0
8,TRANSFER,147588.63,C1376205244,103880.0,0.0,C1426317832,0.0,52096.77,0,0
8,TRANSFER,1393506.9,C2032367717,22954.0,0.0,C1200612373,4749.19,1986773.49,0,0
8,TRANSFER,575256.03,C824502713,20764.0,0.0,C1777285191,20126.98,122017.44,0,0
8,CASH_OUT,366442.59,C1518730488,10928.0,0.0,C779119558,105101.0,3205.98,0,0
8,CASH_OUT,31066.52,C1995559327,50465.22,19398.71,C1336996537,151638.11,0.0,0,0
8,CASH_OUT,222013.06,C1275803124,30510.0,0.0,C1081599606,0.0,568540.77,0,0
8,TRANSFER,909048.85,C1237176976,0.0,0.0,C1429623854,1182218.77,2256720.17,0,0
8,TRANSFER,1874449.01,C1308972234,0.0,0.0,C1369695156,2020722.92,5966884.67,0,0
8,TRANSFER,603004.13,C1762342600,0.0,0.0,C891020651,1986351.93,5812262.37,0,0
8,TRANSFER,1206081.89,C293382846,0.0,0.0,C1219273867,1223876.54,3650961.01,0,0
8,TRANSFER,534261.01,C1774648410,0.0,0.0,C365212068,2035438.32,3805747.48,0,0
8,TRANSFER,2300391.28,C226580140,0.0,0.0,C423580937,7403674.85,12682009.97,0,0
8,TRANSFER,1378636.36,C1032621218,0.0,0.0,C675203915,2369004.21,5398127.54,0,0
8,TRANSFER,197235.49,C1238497527,0.0,0.0,C1728766751,2730453.64,6385532.2,0,0
8,TRANSFER,489559.9,C397146555,0.0,0.0,C1104197405,1792115.58,2532702.62,0,0
8,TRANSFER,528486.22,C270072276,0.0,0.0,C728526866,7968447.45,10520267.05,0,0
8,TRANSFER,859560.31,C1235787497,0.0,0.0,C1532153384,1224368.85,3614408.95,0,0
8,TRANSFER,118517.05,C259576171,0.0,0.0,C66893623,128639.49,532921.62,0,0
8,TRANSFER,254338.45,C1196857118,0.0,0.0,C2096057945,1479926.11,2453424.34,0,0
8,TRANSFER,266010.53,C282529913,0.0,0.0,C968448640,1039312.97,3438487.71,0,0
8,TRANSFER,549823.76,C486906716,0.0,0.0,C1039162432,1942471.62,5478833.48,0,0
8,TRANSFER,311419.27,C1413476894,0.0,0.0,C1672788422,318776.83,114194.51,0,0
8,TRANSFER,135298.9,C656568800,0.0,0.0,C1938348365,714399.19,854916.91,0,0
8,TRANSFER,115954.85,C266267045,0.0,0.0,C1664330755,170990.03,80919.02,0,0
8,TRANSFER,60742.13,C1051741305,0.0,0.0,C836514715,880434.32,2511051.14,0,0
8,TRANSFER,192524.48,C364181171,0.0,0.0,C1276319779,269173.28,233780.87,0,0
8,CASH_OUT,431222.2,C449423155,1857576.09,1426353.89,C2086425573,163272.4,0.0,0,0
8,TRANSFER,833835.8,C2064907423,20654.0,0.0,C54142591,10545.0,6085383.25,0,0
8,TRANSFER,1747098.96,C1294171301,10898.95,0.0,C1014154376,7686034.1,14792632.14,0,0
8,TRANSFER,1058305.34,C1325837495,15903.0,0.0,C28125426,2939677.17,4395556.09,0,0
8,CASH_OUT,57616.18,C1929435932,100423.0,42806.82,C1962165946,601933.11,490685.21,0,0
8,TRANSFER,1306488.11,C778531371,18.0,0.0,C1271057169,20285.0,1211391.13,0,0
8,CASH_OUT,287022.37,C1892960108,10798.0,0.0,C486750945,612.0,0.0,0,0
8,CASH_OUT,147048.11,C1284077177,56.0,0.0,C836514715,941176.46,2511051.14,0,0
8,CASH_OUT,164900.35,C506767267,28385.0,0.0,C1885738296,10900.0,0.0,0,0
8,CASH_OUT,45071.34,C96264363,83698.0,38626.66,C361268035,127462.03,285264.22,0,0
8,CASH_OUT,20722.36,C1004270885,4653.47,0.0,C620638596,80018.0,2220757.82,0,0
8,TRANSFER,116427.96,C1898181887,52219.0,0.0,C1197606915,1188125.25,681876.36,0,0
8,CASH_OUT,406724.09,C618282043,0.0,0.0,C1161865950,1246314.78,2076683.64,0,0
8,CASH_OUT,27986.03,C2101564408,0.0,0.0,C1546629479,28944.0,23492.46,0,0
8,CASH_OUT,3272.26,C1071430388,0.0,0.0,C660101474,709055.0,1549746.57,0,0
8,CASH_OUT,326092.77,C1370895868,0.0,0.0,C1494895909,729533.72,1362678.43,0,0
8,CASH_OUT,48919.6,C611905557,0.0,0.0,C1949945675,51838.0,69925.26,0,0
8,CASH_OUT,176015.83,C1136901105,0.0,0.0,C2112826959,404809.71,2258719.46,0,0
8,CASH_OUT,25310.91,C420651623,0.0,0.0,C422990138,30033.0,0.0,0,0
8,CASH_OUT,249295.36,C2037087596,0.0,0.0,C679235222,840573.82,3763135.16,0,0
8,CASH_OUT,247949.3,C443597324,0.0,0.0,C580441921,701187.05,1278933.03,0,0
8,CASH_OUT,94002.93,C1144188544,0.0,0.0,C716083600,6228035.9,7382990.5,0,0
8,CASH_OUT,137653.37,C1212120571,0.0,0.0,C1665979484,261196.03,1149182.35,0,0
8,CASH_OUT,33782.79,C1780345229,0.0,0.0,C1824348154,82736.0,215290.75,0,0
8,CASH_OUT,78423.74,C1994471008,0.0,0.0,C1167066016,177441.88,641979.14,0,0
8,CASH_OUT,149082.07,C628396242,0.0,0.0,C1010306008,189870.43,1120683.69,0,0
8,CASH_OUT,99902.99,C370667810,0.0,0.0,C1081599606,222013.06,568540.77,0,0
8,TRANSFER,598113.55,C1152043261,60374.0,0.0,C1877059833,216150.0,0.0,0,0
8,TRANSFER,1638603.09,C1325191111,66723.0,0.0,C2078745453,34887.1,2675912.96,0,0
8,CASH_OUT,96664.81,C1108608388,5059.98,0.0,C665639335,0.0,219272.02,0,0
8,TRANSFER,1956830.52,C649161259,29385.0,0.0,C571113365,2695.99,2153659.33,0,0
8,CASH_OUT,231210.21,C1156281180,50239.0,0.0,C1871196571,30468.0,916711.74,0,0
8,TRANSFER,2145086.77,C1799074240,251454.42,0.0,C1856036778,14138082.49,13688613.94,0,0
8,TRANSFER,1968712.62,C1951747688,0.0,0.0,C1039162432,2492295.37,5478833.48,0,0
8,TRANSFER,98983.88,C1938730543,0.0,0.0,C1698593276,358554.47,1191888.4,0,0
8,TRANSFER,1416243.03,C106253722,0.0,0.0,C1247600089,2897720.08,6965916.76,0,0
8,TRANSFER,1463376.47,C1703806299,120606.0,0.0,C1396755641,0.0,2666422.03,0,0
8,TRANSFER,501578.37,C1276746638,31473.0,0.0,C499052031,0.0,61997.79,0,0
8,CASH_OUT,445291.7,C1105812742,108434.58,0.0,C1028574311,3620895.85,5141218.55,0,0
8,CASH_OUT,90876.46,C1093434206,22067.0,0.0,C370428315,2799.07,93675.54,0,0
8,TRANSFER,434863.28,C1606820947,1141.0,0.0,C569022831,0.0,1000968.35,0,0
8,CASH_OUT,37286.35,C98357502,5149.0,0.0,C236282128,127684.18,994.76,0,0
8,TRANSFER,2045705.04,C248953902,0.0,0.0,C90486891,2048189.88,3803124.27,0,0
8,TRANSFER,490756.51,C1523632572,30921.0,0.0,C1552859894,314161.36,3018034.04,0,0
8,TRANSFER,350981.14,C779070453,9439.0,0.0,C1049312121,28798.53,320797.99,0,0
8,TRANSFER,4878.6,C1478193829,81158.0,76279.4,C1210315704,0.0,197750.5,0,0
8,TRANSFER,83731.11,C2140774567,30371.0,0.0,C1075238398,175688.87,683602.27,0,0
8,CASH_OUT,53386.53,C379352387,18595.26,0.0,C1825634724,222481.56,1542240.66,0,0
8,CASH_OUT,267012.17,C1471524555,8074.33,0.0,C884262954,1245554.46,3043577.11,0,0
8,CASH_OUT,37581.91,C586612499,43289.39,5707.48,C11230819,0.0,37581.91,0,0
8,CASH_OUT,128645.56,C367939577,5707.48,0.0,C1847521348,205707.04,99302.15,0,0
8,CASH_OUT,14273.2,C1843610671,20450.0,6176.8,C2122967975,0.0,4393.46,0,0
8,CASH_OUT,167964.25,C2114702827,599325.22,431360.97,C1298177219,306052.07,1618631.97,0,0
8,CASH_OUT,53605.31,C1644524273,7448.0,0.0,C992713622,90307.49,672128.12,0,0
8,CASH_OUT,338415.6,C2088811737,34775.0,0.0,C1601211078,31632.0,0.0,0,0
8,CASH_OUT,46570.29,C1556369975,132.0,0.0,C1859965144,244158.38,998355.01,0,0
8,TRANSFER,1252026.65,C354361764,0.0,0.0,C863811613,7090203.9,14247328.87,0,0
8,TRANSFER,889960.6,C1783547245,0.0,0.0,C1477979030,10336958.13,11875848.5,0,0
8,TRANSFER,127560.85,C332515977,0.0,0.0,C1181708889,905265.16,684138.15,0,0
8,TRANSFER,923943.77,C1836742446,0.0,0.0,C2029310301,971147.72,1315451.65,0,0
8,TRANSFER,1799894.61,C17070372,0.0,0.0,C1030706332,2394708.71,3036551.46,0,0
8,TRANSFER,578852.19,C503161284,0.0,0.0,C362585233,1151179.21,2489006.65,0,0
8,TRANSFER,104885.27,C15050096,0.0,0.0,C1329589315,225460.97,711930.13,0,0
8,TRANSFER,294090.87,C1041789253,0.0,0.0,C1570256460,6086365.33,9281535.44,0,0
8,TRANSFER,1661561.3,C477623035,0.0,0.0,C1373172466,2170701.89,4791597.89,0,0
8,TRANSFER,554719.79,C1819575088,0.0,0.0,C158876320,4465790.2,2984846.84,0,0
8,TRANSFER,882252.93,C1092056555,12542.0,0.0,C316919580,27765.93,72978.01,0,0
8,CASH_OUT,7641.79,C769427818,340.0,0.0,C280663936,0.0,108775.04,0,0
8,CASH_OUT,27441.92,C1416354842,19151.0,0.0,C624685600,108525.0,1263934.85,0,0
8,CASH_OUT,6356.09,C273154735,3462.0,0.0,C148665287,48.0,0.0,0,0
8,CASH_OUT,18879.39,C532029995,760989.59,742110.2,C1300519073,1361215.28,807759.84,0,0
8,CASH_OUT,341150.1,C27581317,157269.0,0.0,C91463800,0.0,1510495.57,0,0
8,CASH_OUT,192726.4,C1685759616,11644.0,0.0,C1834562806,1904.84,28215.74,0,0
8,CASH_OUT,105378.28,C603011890,59692.0,0.0,C977339684,5632.0,0.0,0,0
8,CASH_OUT,119080.91,C302962538,900.0,0.0,C2112142735,91420.06,39612.46,0,0
8,TRANSFER,1550338.48,C623201993,203575.0,0.0,C1254893565,263886.45,2085959.07,0,0
8,CASH_OUT,151989.95,C439320096,123.0,0.0,C265713738,41977.0,72726.45,0,0
8,CASH_OUT,219790.61,C368257194,0.0,0.0,C758888772,276369.89,956858.04,0,0
8,CASH_OUT,23382.21,C661515498,0.0,0.0,C590038354,31181.0,54563.21,0,0
8,CASH_OUT,296733.83,C730287430,0.0,0.0,C62593131,535820.11,208013.13,0,0
8,CASH_OUT,131451.55,C1245243496,0.0,0.0,C668345982,436134.83,879599.54,0,0
8,CASH_OUT,382402.52,C1182937085,0.0,0.0,C7881234,1068819.73,1100454.23,0,0
8,CASH_OUT,400830.39,C247501179,0.0,0.0,C1022680775,412681.71,1070858.6,0,0
8,CASH_OUT,24242.67,C524026008,0.0,0.0,C660101474,712327.26,1549746.57,0,0
8,CASH_OUT,290565.97,C315281599,0.0,0.0,C934085675,947614.38,695754.55,0,0
8,CASH_OUT,141362.28,C1163983068,0.0,0.0,C1340904400,245252.34,0.0,0,0
8,CASH_OUT,129598.84,C1327620674,0.0,0.0,C1277694634,258650.06,425085.65,0,0
8,CASH_OUT,119000.81,C820380670,0.0,0.0,C2013342140,282495.23,363158.84,0,0
8,CASH_OUT,97097.16,C1953325685,0.0,0.0,C1877059833,814263.55,0.0,0,0
8,CASH_OUT,12012.08,C906609212,0.0,0.0,C662736689,8425232.67,8488789.41,0,0
8,CASH_OUT,3363.94,C1996096845,0.0,0.0,C1986798172,24566.0,0.0,0,0
8,CASH_OUT,5293.75,C1979912607,0.0,0.0,C787593204,14472.0,0.0,0,0
8,CASH_OUT,32141.1,C1776466912,0.0,0.0,C847761155,138244.24,0.0,0,0
8,CASH_OUT,36358.61,C293768386,0.0,0.0,C1793436274,124759.51,109554.1,0,0
8,CASH_OUT,11419.08,C930362322,0.0,0.0,C1962165946,659549.29,490685.21,0,0
8,CASH_OUT,61683.35,C1494569802,0.0,0.0,C1670989986,78264.49,0.0,0,0
8,CASH_OUT,57741.74,C626314803,0.0,0.0,C1171953426,149614.0,21918.94,0,0
8,CASH_OUT,326909.44,C548774599,0.0,0.0,C1247600089,4313963.11,6965916.76,0,0
8,CASH_OUT,63563.8,C919207840,0.0,0.0,C506046490,135922.47,254084.28,0,0
8,CASH_OUT,90193.96,C1161131312,0.0,0.0,C2127862399,218618.39,1388195.29,0,0
8,CASH_OUT,58201.8,C1175654131,0.0,0.0,C1927159174,1061513.46,762973.35,0,0
8,CASH_OUT,233007.48,C1270693740,0.0,0.0,C1805683209,6026218.85,7428081.5,0,0
8,CASH_OUT,114321.39,C854654276,0.0,0.0,C237988421,773144.7,1720474.04,0,0
8,CASH_OUT,219685.64,C1552061151,0.0,0.0,C1359484306,4572678.82,7364724.84,0,0
8,CASH_OUT,349544.23,C37255978,0.0,0.0,C653745564,2149849.51,2463244.43,0,0
8,CASH_OUT,301050.58,C551314014,0.0,0.0,C928023753,705202.59,636296.03,0,0
8,CASH_OUT,126753.63,C359903708,0.0,0.0,C526035976,659459.34,404380.68,0,0
8,CASH_OUT,319085.9,C1571802567,0.0,0.0,C1354725727,3994925.15,4529886.44,0,0
8,CASH_OUT,269621.21,C479140979,0.0,0.0,C157316544,353272.85,1094373.33,0,0
8,CASH_OUT,264883.85,C1593983790,0.0,0.0,C447691425,3670494.84,6795453.82,0,0
8,CASH_OUT,8140.71,C1467475011,0.0,0.0,C643956982,51022.0,18259.12,0,0
8,CASH_OUT,61332.73,C1947585183,0.0,0.0,C522632546,377027.51,1210658.29,0,0
8,CASH_OUT,88216.67,C270347498,0.0,0.0,C1685697739,126199.89,29206.12,0,0
8,CASH_OUT,55341.1,C1565198068,0.0,0.0,C992713622,143912.8,672128.12,0,0
8,CASH_OUT,246340.11,C896967906,0.0,0.0,C1013700132,2652392.92,4619940.36,0,0
8,CASH_OUT,318407.05,C1877856737,0.0,0.0,C1219273867,2429958.43,3650961.01,0,0
8,CASH_OUT,121463.18,C376359562,0.0,0.0,C569022831,434863.28,1000968.35,0,0
8,CASH_OUT,108946.84,C320279061,0.0,0.0,C294900736,187096.82,384446.11,0,0
8,CASH_OUT,2175.25,C331805985,0.0,0.0,C689651304,40189.0,260625.86,0,0
8,CASH_OUT,18563.98,C304438369,0.0,0.0,C1872618824,31522.0,52384.62,0,0
8,CASH_OUT,725.64,C1920990773,0.0,0.0,C1406749291,763314.42,1357168.27,0,0
8,CASH_OUT,134128.5,C1739123466,10989.0,0.0,C441599944,23484.0,0.0,0,0
8,CASH_OUT,162496.3,C1965184014,207880.75,45384.44,C1474120649,58155.28,23013.03,0,0
8,CASH_OUT,459343.74,C1590913388,50717.0,0.0,C634440506,154628.64,2310987.68,0,0
8,CASH_OUT,442430.74,C997768733,0.0,0.0,C1360767589,13501693.12,18482735.85,0,0
8,CASH_OUT,315417.81,C300640068,0.0,0.0,C1186449563,2060003.48,2790178.93,0,0
8,CASH_OUT,262661.77,C369156800,0.0,0.0,C1823908748,1379469.1,0.0,0,0
8,CASH_OUT,52184.74,C1398628709,0.0,0.0,C1917105166,390598.8,0.0,0,0
8,CASH_OUT,377478.03,C757839173,0.0,0.0,C99275333,712059.09,1266806.76,0,0
8,CASH_OUT,31358.5,C1731213027,0.0,0.0,C1973191571,134806.05,127424.27,0,0
8,CASH_OUT,414710.03,C1991757351,0.0,0.0,C820910648,461458.28,861113.08,0,0
8,CASH_OUT,486724.72,C1314508765,0.0,0.0,C627675433,634738.25,5189726.17,0,0
8,CASH_OUT,270972.69,C1042864846,0.0,0.0,C634440506,613972.39,2310987.68,0,0
8,CASH_OUT,136569.59,C1481204934,0.0,0.0,C248609774,11569884.57,13033871.02,0,0
8,CASH_OUT,25031.19,C281501470,0.0,0.0,C725215101,30862.11,27536.21,0,0
8,CASH_OUT,80353.51,C274750972,0.0,0.0,C1918034924,824250.55,1096437.03,0,0
8,CASH_OUT,9935.71,C1751522196,0.0,0.0,C1025031603,146012.0,1507.65,0,0
8,CASH_OUT,43813.02,C2065313034,0.0,0.0,C373415859,136616.61,184532.58,0,0
8,CASH_OUT,167338.06,C1359983320,0.0,0.0,C1816986148,1023218.13,6023815.62,0,0
8,CASH_OUT,80213.29,C1125288632,0.0,0.0,C1207946845,907857.95,1079004.45,0,0
8,CASH_OUT,146464.39,C496853619,7762.0,0.0,C1875542814,0.0,95224.9,0,0
8,CASH_OUT,39752.78,C1250782258,15168.0,0.0,C305793941,0.0,1276315.24,0,0
8,CASH_OUT,55196.53,C1453814547,231506.73,176310.21,C1647754924,731346.77,1563660.85,0,0
8,CASH_OUT,151460.52,C2003466505,24554.0,0.0,C2040657244,95401.12,1780771.13,0,0
8,CASH_OUT,37746.82,C1269190160,0.0,0.0,C145739790,50264.0,0.0,0,0
8,CASH_OUT,1403.15,C331190254,0.0,0.0,C515442419,62463.75,87153.28,0,0
8,CASH_OUT,543221.75,C2121222497,0.0,0.0,C675203915,3747640.57,5398127.54,0,0
8,CASH_OUT,92686.04,C1516885396,0.0,0.0,C225852166,465052.59,877929.84,0,0
8,CASH_OUT,41323.61,C600233479,0.0,0.0,C807247901,236399.79,2080368.86,0,0
8,CASH_OUT,117950.92,C1551630190,0.0,0.0,C878506901,141644.5,80893.63,0,0
8,CASH_OUT,152176.61,C1275734571,277609.41,125432.8,C1104197405,2281675.49,2532702.62,0,0
8,CASH_OUT,170402.93,C1508490051,21480.0,0.0,C580735116,0.0,380765.41,0,0
8,CASH_OUT,33349.93,C1132288516,203144.76,169794.82,C1040847151,5607870.2,7984433.54,0,0
8,TRANSFER,274767.08,C1473958539,31596.0,0.0,C1643217922,30868.0,55096.73,0,0
8,TRANSFER,510092.7,C1054174895,21970.0,0.0,C1914690137,81917.0,0.0,0,0
8,CASH_OUT,180703.04,C1483622150,698.0,0.0,C1210002123,144.0,866080.52,0,0
8,CASH_OUT,118180.92,C1306262194,15689.0,0.0,C1849941462,1115280.89,2455385.38,0,0
8,CASH_OUT,311414.77,C1107016779,23125.0,0.0,C157191672,21331.0,46712.13,0,0
8,CASH_OUT,199607.79,C2085495512,20291.0,0.0,C1688300048,20374.0,21934.75,0,0
8,CASH_OUT,281831.84,C1547416578,51796.0,0.0,C1188392295,0.0,662182.87,0,0
8,CASH_OUT,17097.34,C1173776602,0.0,0.0,C556812393,118229.38,0.0,0,0
8,TRANSFER,723276.31,C355751129,10124.0,0.0,C1916720513,12386885.14,14711326.65,0,0
8,CASH_OUT,174835.83,C1668435485,1097394.94,922559.11,C1459693562,142406.28,71863.87,0,0
8,CASH_OUT,337700.27,C1044082349,30833.0,0.0,C1536728605,1813.0,104142.79,0,0
8,TRANSFER,749511.55,C1504498547,30354.72,0.0,C1373172466,3832263.19,4791597.89,0,0
8,TRANSFER,332002.01,C1007128813,0.0,0.0,C1665979484,398849.4,1149182.35,0,0
8,CASH_OUT,395332.87,C1094553522,29027.83,0.0,C2006081398,2128009.39,4743010.67,0,0
8,CASH_OUT,92413.5,C1536944841,0.0,0.0,C929266212,337179.32,495014.38,0,0
8,CASH_OUT,154047.19,C1033045483,16816.0,0.0,C805898248,235.0,256380.76,0,0
8,TRANSFER,576923.15,C294682773,3336.14,0.0,C1532153384,2083929.16,3614408.95,0,0
8,TRANSFER,69217.63,C1908850464,0.0,0.0,C619068319,306066.17,225745.92,0,0
8,TRANSFER,58949.4,C339429743,0.0,0.0,C555334025,80091.98,72786.24,0,0
8,TRANSFER,761568.63,C1683217603,0.0,0.0,C1793325972,1014351.93,6311356.92,0,0
8,TRANSFER,1683314.65,C1909619956,0.0,0.0,C2094777811,3078384.83,4984096.57,0,0
8,TRANSFER,351000.64,C900325969,0.0,0.0,C1034584766,4683966.83,7164410.37,0,0
8,TRANSFER,133805.02,C2065151418,0.0,0.0,C1359484306,4792364.46,7364724.84,0,0
8,TRANSFER,237316.49,C30985183,0.0,0.0,C914293025,1947620.87,2755264.61,0,0
8,TRANSFER,922950.71,C1670324940,0.0,0.0,C1014154376,9433133.07,14792632.14,0,0
8,TRANSFER,414161.97,C432996230,0.0,0.0,C2102549317,700959.95,1512042.27,0,0
8,TRANSFER,353345.26,C1605514080,0.0,0.0,C934300202,953528.49,0.0,0,0
8,TRANSFER,879302.62,C418614650,0.0,0.0,C2096057945,1734264.55,2453424.34,0,0
8,TRANSFER,413597.89,C40912362,0.0,0.0,C188246551,854510.42,3439878.27,0,0
8,TRANSFER,359639.61,C1823254765,0.0,0.0,C875761527,1190135.63,1238942.28,0,0
8,CASH_OUT,280403.15,C712217689,33358.02,0.0,C184253187,7084117.25,10206620.58,0,0
8,CASH_OUT,284020.57,C1065934353,534306.0,250285.43,C142538462,30209.0,135368.0,0,0
8,CASH_OUT,453667.01,C1904939202,9269.77,0.0,C1262016786,842325.69,198601.85,0,0
8,CASH_OUT,264763.29,C243640091,0.0,0.0,C1186256103,486383.7,4999613.43,0,0
8,CASH_OUT,354556.39,C1111564269,0.0,0.0,C1888439681,853390.91,3476255.29,0,0
8,CASH_OUT,121044.16,C629063952,0.0,0.0,C744708435,669151.57,630662.18,0,0
8,CASH_OUT,25520.43,C215664765,0.0,0.0,C1845765982,104970.06,3483.62,0,0
8,CASH_OUT,294019.48,C801381250,0.0,0.0,C420398953,312246.63,963198.49,0,0
8,CASH_OUT,170962.68,C1706088416,0.0,0.0,C1477979030,11226918.73,11875848.5,0,0
8,CASH_OUT,23572.88,C907410439,0.0,0.0,C557030255,52929.24,0.0,0,0
8,CASH_OUT,299040.84,C1825981336,0.0,0.0,C1209271652,741697.9,1488576.94,0,0
8,CASH_OUT,65352.59,C1673616779,0.0,0.0,C755583709,336028.42,127533.46,0,0
8,TRANSFER,1859887.13,C1205199409,519.0,0.0,C978609035,20221.15,2413840.05,0,0
8,TRANSFER,2029209.07,C781304389,0.0,0.0,C1060041730,6378753.86,16532032.16,0,0
8,TRANSFER,1330017.74,C675498245,45194.0,0.0,C2072030256,1396215.8,0.0,0,0
8,CASH_OUT,143710.31,C589764410,370018.23,226307.93,C35126588,10386360.93,10813194.63,0,0
8,CASH_OUT,92351.2,C625357831,226307.93,133956.73,C35263828,319646.15,0.0,0,0
8,CASH_OUT,12481.89,C1522028658,23945.92,11464.04,C345679794,342789.11,415516.29,0,0
8,CASH_OUT,195037.17,C1544144075,75280.0,0.0,C648604330,0.0,172264.3,0,0
8,CASH_OUT,224408.1,C1810490435,29709.0,0.0,C1421496184,16699.0,29165.18,0,0
8,CASH_OUT,421784.7,C1603863894,50338.0,0.0,C580735116,170402.93,380765.41,0,0
8,CASH_OUT,35361.21,C1853440277,12540.0,0.0,C1804424410,0.0,0.0,0,0
8,CASH_OUT,25238.97,C686216799,21155.0,0.0,C1246370163,20967.0,301146.81,0,0
8,CASH_OUT,130700.73,C852002534,0.0,0.0,C232812328,694935.37,2096642.77,0,0
8,TRANSFER,560408.83,C540070568,27019.0,0.0,C1504420803,0.0,809759.39,0,0
8,TRANSFER,844648.5,C158569211,35853.51,0.0,C638590716,1346208.78,4592962.92,0,0
8,CASH_OUT,200616.97,C959776726,99108.0,0.0,C360382401,106.0,0.0,0,0
8,TRANSFER,1742974.88,C446448807,201756.0,0.0,C1651432416,0.0,3810758.95,0,0
8,TRANSFER,660137.58,C276431940,44731.0,0.0,C2049813033,466.0,1254902.66,0,0
8,TRANSFER,1322111.9,C1576039409,14789.0,0.0,C602874477,6029.0,998977.12,0,0
8,CASH_OUT,72033.73,C1080727592,30711.0,0.0,C1782580546,0.0,267814.92,0,0
8,CASH_OUT,126070.05,C1677738650,8805.97,0.0,C1302931951,882136.76,1740418.55,0,0
8,TRANSFER,303786.16,C698031234,21623.0,0.0,C219543946,0.0,718573.51,0,0
8,TRANSFER,1116677.63,C240951485,11711.0,0.0,C1734649556,42165.0,1047835.63,0,0
8,CASH_OUT,215466.3,C1809086197,839.0,0.0,C1326243087,124636.92,39790.43,0,0
8,CASH_OUT,248973.96,C1960296458,1318.0,0.0,C1209271652,1040738.74,1488576.94,0,0
8,CASH_OUT,76155.17,C448150648,41115.0,0.0,C413046895,0.0,76155.17,0,0
8,TRANSFER,113869.79,C1040983632,126.0,0.0,C723166096,0.0,113869.79,0,0
8,CASH_OUT,230813.19,C267350028,82678.0,0.0,C1725025770,78227.0,0.0,0,0
8,TRANSFER,1364334.85,C516657256,172.0,0.0,C1058634310,0.0,3071176.4,0,0
8,CASH_OUT,414681.89,C260391683,0.0,0.0,C115885991,861730.78,4215505.1,0,0
8,CASH_OUT,161805.69,C678823897,83200.0,0.0,C1956001257,24432.0,18715.52,0,0
8,CASH_OUT,193731.19,C2098060528,106327.0,0.0,C1457728035,0.0,133584.06,0,0
8,TRANSFER,222.0,C1961506277,222.0,0.0,C378841819,0.0,267095.19,1,0
8,CASH_OUT,222.0,C1737727444,222.0,0.0,C588779235,24708.0,171647.35,1,0
8,TRANSFER,26176.99,C722729993,11514.0,0.0,C1438689128,20500.0,117723.31,0,0
8,CASH_OUT,356734.33,C582582242,12844.0,0.0,C163453316,21798.36,0.0,0,0
8,TRANSFER,897435.0,C1994524985,74357.82,0.0,C2073764942,38054.34,2388433.48,0,0
8,CASH_OUT,86644.01,C525151848,0.0,0.0,C54617902,145419.85,1442068.04,0,0
8,CASH_OUT,428560.81,C1810289429,7018.03,0.0,C1758941631,666227.36,516387.72,0,0
8,CASH_OUT,104136.75,C1435376793,9406.0,0.0,C2070626006,58929.76,0.0,0,0
8,TRANSFER,178493.79,C1008757853,120686.0,0.0,C1689262323,194441.02,14639.3,0,0
8,TRANSFER,42571.94,C435144084,16781.0,0.0,C2030816292,70565.0,0.0,0,0
8,CASH_OUT,205232.77,C175871603,43796.95,0.0,C1205603525,287819.76,149261.82,0,0
8,CASH_OUT,219586.05,C1843343821,21136.0,0.0,C280663936,7641.79,108775.04,0,0
8,TRANSFER,1139777.64,C515366401,68596.0,0.0,C1759482496,201310.73,2912335.58,0,0
8,TRANSFER,230632.5,C428277083,0.0,0.0,C1909597726,863612.63,494709.81,0,0
8,CASH_OUT,163696.67,C2075829197,12572.35,0.0,C1477641326,288090.32,1614315.76,0,0
8,CASH_OUT,429246.56,C1762263888,13763.51,0.0,C1948471365,4399288.33,4628857.24,0,0
8,CASH_OUT,41792.77,C1191207287,20043.0,0.0,C1192937442,24065.0,1093089.7,0,0
8,TRANSFER,458476.47,C1430579862,0.0,0.0,C2011996123,5190817.99,9264344.9,0,0
8,TRANSFER,160658.38,C2075899468,0.0,0.0,C1541385794,499897.95,47342.1,0,0
8,TRANSFER,702077.82,C1116879592,0.0,0.0,C909295153,10617410.49,10946293.06,0,0
8,TRANSFER,821394.62,C106819604,0.0,0.0,C1105527690,838870.71,3518763.02,0,0
8,TRANSFER,1189146.75,C1958722067,0.0,0.0,C891020651,2589356.07,5812262.37,0,0
8,TRANSFER,213492.83,C1385200414,0.0,0.0,C2112921429,242350.13,790651.1,0,0
8,TRANSFER,903744.75,C25583326,0.0,0.0,C1816986148,1190556.19,6023815.62,0,0
8,TRANSFER,550485.22,C1756545962,0.0,0.0,C635281078,1383546.13,2265663.04,0,0
8,TRANSFER,390602.89,C1641317261,0.0,0.0,C1518728219,1132994.89,1157398.83,0,0
8,TRANSFER,200083.39,C818760738,0.0,0.0,C1933965693,788671.38,2074668.33,0,0
8,TRANSFER,395779.09,C51287115,0.0,0.0,C1128238842,2250223.36,2487668.34,0,0
8,TRANSFER,844946.42,C2103425043,0.0,0.0,C265108079,1651554.36,4937135.42,0,0
8,TRANSFER,157668.67,C944936158,0.0,0.0,C1545454825,364804.79,5171229.64,0,0
8,TRANSFER,503348.0,C1654944682,0.0,0.0,C1105527690,1660265.32,3518763.02,0,0
8,TRANSFER,237786.82,C369037177,0.0,0.0,C1850180796,8406337.8,8257071.34,0,0
8,TRANSFER,445844.71,C367047413,0.0,0.0,C365212068,2569699.33,3805747.48,0,0
8,TRANSFER,1881238.99,C959983859,0.0,0.0,C345603257,1954571.25,9917629.77,0,0
8,TRANSFER,185205.55,C2025864541,0.0,0.0,C72565662,209637.65,0.0,0,0
8,TRANSFER,42874.66,C363426299,0.0,0.0,C1151964959,78186.57,121061.23,0,0
8,TRANSFER,32938.24,C89001633,0.0,0.0,C1619282151,56008.78,88947.02,0,0
8,TRANSFER,19689.41,C2106136915,0.0,0.0,C91463800,341150.1,1510495.57,0,0
8,CASH_OUT,37168.87,C81455466,11693.0,0.0,C711278951,94849.74,299403.05,0,0
8,CASH_OUT,233434.93,C8834073,232.0,0.0,C1247600089,4640872.56,6965916.76,0,0
8,TRANSFER,170356.26,C1543382427,29992.0,0.0,C1697593996,171361.39,177687.33,0,0
8,CASH_OUT,18903.9,C164336772,0.0,0.0,C1562565970,20797.0,39700.9,0,0
8,CASH_OUT,168864.52,C787561378,5765.0,0.0,C1241128308,21112.18,152159.4,0,0
8,CASH_OUT,11084.79,C1070909952,250.0,0.0,C111975277,0.0,2439.03,0,0
8,TRANSFER,537006.96,C455980347,5865.83,0.0,C802935635,876054.0,0.0,0,0
8,CASH_OUT,146426.45,C229508503,154.0,0.0,C1274584381,0.0,146426.45,0,0
8,CASH_OUT,232140.6,C1827400573,7383.0,0.0,C1884542690,65708.0,39408.68,0,0
8,CASH_OUT,171095.47,C60305973,12194.0,0.0,C2016335685,15475.09,202249.96,0,0
8,CASH_OUT,430512.93,C770139496,20492.0,0.0,C1818730877,24418.64,0.0,0,0
8,CASH_OUT,345221.13,C771860737,107.0,0.0,C128736076,0.0,216651.57,0,0
8,CASH_OUT,137366.98,C815116,18730.74,0.0,C1254893565,1814224.92,2085959.07,0,0
8,CASH_OUT,21892.71,C1131952008,0.0,0.0,C1475998599,1205418.16,1286372.45,0,0
8,CASH_OUT,220987.21,C430537775,0.0,0.0,C1816757085,11723418.57,14048634.13,0,0
8,CASH_OUT,299643.41,C931370959,0.0,0.0,C580441921,949136.35,1278933.03,0,0
8,CASH_OUT,228152.36,C1416371491,0.0,0.0,C2052185144,635523.64,951130.52,0,0
8,CASH_OUT,88774.31,C1445639249,0.0,0.0,C1039865382,200311.87,326496.58,0,0
8,CASH_OUT,115976.38,C78705343,0.0,0.0,C1802632685,1035389.55,2290132.87,0,0
8,CASH_OUT,71348.8,C791031817,0.0,0.0,C1039162432,4461008.0,5478833.48,0,0
8,CASH_OUT,328658.01,C454538699,0.0,0.0,C814900611,1288812.21,4893599.98,0,0
8,CASH_OUT,102407.07,C412881604,0.0,0.0,C1804883318,425399.98,763820.95,0,0
8,CASH_OUT,3366.71,C465186402,0.0,0.0,C1060563153,622814.18,844861.56,0,0
8,CASH_OUT,27049.22,C84075364,0.0,0.0,C1107146140,434128.59,1655416.88,0,0
8,CASH_OUT,259189.4,C597534690,0.0,0.0,C929452805,1226025.86,872104.29,0,0
8,CASH_OUT,62688.58,C1542425447,0.0,0.0,C1870237274,314756.65,1180032.06,0,0
8,CASH_OUT,82214.5,C292316998,0.0,0.0,C1698593276,457538.35,1191888.4,0,0
8,CASH_OUT,45620.05,C65515468,0.0,0.0,C339082934,87229.86,0.0,0,0
8,CASH_OUT,85854.57,C1292614373,0.0,0.0,C1355326338,209712.71,652230.65,0,0
8,CASH_OUT,3377.42,C1780003984,0.0,0.0,C1540929793,21550.0,2977.52,0,0
8,CASH_OUT,64127.53,C415017154,0.0,0.0,C1564931235,483422.51,742404.44,0,0
8,CASH_OUT,109132.77,C639368662,0.0,0.0,C593210287,1320808.38,2724575.25,0,0
8,CASH_OUT,185141.6,C920106850,0.0,0.0,C1722141669,280362.22,1118549.36,0,0
8,CASH_OUT,387812.47,C423901468,0.0,0.0,C1313534832,2989805.85,4605990.97,0,0
8,CASH_OUT,496826.94,C1682143310,0.0,0.0,C362585233,1730031.4,2489006.65,0,0
8,CASH_OUT,83355.55,C491773021,0.0,0.0,C1233472915,107625.0,0.0,0,0
8,CASH_OUT,40093.65,C380113969,0.0,0.0,C1377020151,49814.0,0.0,0,0
8,CASH_OUT,65797.36,C773608225,0.0,0.0,C2011996123,5649294.46,9264344.9,0,0
8,CASH_OUT,517950.59,C1365430180,0.0,0.0,C1589477624,584803.77,0.0,0,0
8,CASH_OUT,189431.49,C850156769,0.0,0.0,C1981839580,384898.28,875416.34,0,0
8,CASH_OUT,249209.49,C1685311257,0.0,0.0,C490150701,1676558.58,1983599.05,0,0
8,CASH_OUT,68975.55,C683281901,0.0,0.0,C1921838990,142469.13,261434.22,0,0
8,CASH_OUT,109041.56,C1877141681,0.0,0.0,C1062254208,281785.31,943625.57,0,0
8,CASH_OUT,147444.01,C1073343224,0.0,0.0,C1847521348,334352.6,99302.15,0,0
8,CASH_OUT,286542.24,C1166602521,0.0,0.0,C1284149862,383441.91,2465823.51,0,0
8,CASH_OUT,109994.74,C1025857824,0.0,0.0,C476800120,114019.97,1595598.78,0,0
8,CASH_OUT,5301.21,C1165658453,0.0,0.0,C662736689,8437244.75,8488789.41,0,0
8,CASH_OUT,68652.04,C899941672,0.0,0.0,C1880332929,14567614.18,14299084.37,0,0
8,CASH_OUT,55755.83,C925252284,0.0,0.0,C517653428,169554.94,27030.0,0,0
8,CASH_OUT,26802.82,C543004961,0.0,0.0,C573200870,68832.89,560396.95,0,0
8,CASH_OUT,104086.14,C838634590,0.0,0.0,C478124129,281331.75,2978988.84,0,0
8,CASH_OUT,143513.55,C610554380,0.0,0.0,C691636444,1358815.43,4439070.28,0,0
8,CASH_OUT,3734.11,C571568102,0.0,0.0,C601893033,43936.27,47670.38,0,0
8,CASH_OUT,58466.68,C1850306068,0.0,0.0,C1568059495,137543.54,196010.22,0,0
8,CASH_OUT,129040.23,C998412799,0.0,0.0,C295372946,415722.63,472083.92,0,0
8,CASH_OUT,49711.75,C1039155377,0.0,0.0,C913001083,65606.05,17276.69,0,0
8,CASH_OUT,237080.74,C339179190,0.0,0.0,C683605346,982159.81,1371546.23,0,0
8,CASH_OUT,57378.14,C833328106,0.0,0.0,C1167066016,255865.62,641979.14,0,0
8,CASH_OUT,162724.43,C503968073,0.0,0.0,C746359178,233766.75,1793011.1,0,0
8,CASH_OUT,111739.82,C558096369,0.0,0.0,C1001367899,513575.0,129782.95,0,0
8,CASH_OUT,99749.85,C250519465,0.0,0.0,C1643855278,9879695.32,9680855.68,0,0
8,CASH_OUT,41942.38,C1672964445,0.0,0.0,C145693769,92329.79,177296.65,0,0
8,CASH_OUT,125384.43,C853893083,0.0,0.0,C1967017653,148620.28,171749.05,0,0
8,CASH_OUT,86011.8,C224829985,0.0,0.0,C2067466390,223148.19,1178249.03,0,0
8,CASH_OUT,35214.93,C1997502451,0.0,0.0,C977993101,2691943.18,3373302.83,0,0
8,CASH_OUT,240003.92,C791287246,0.0,0.0,C1589477624,1102754.36,0.0,0,0
8,CASH_OUT,662371.82,C933858423,0.0,0.0,C2109470512,941410.45,6787849.45,0,0
8,CASH_OUT,171575.04,C258361097,0.0,0.0,C312537393,1001709.03,4810603.67,0,0
8,CASH_OUT,5267.49,C56236537,0.0,0.0,C1800405372,71795.18,69119.09,0,0
8,CASH_OUT,529000.7,C2090985529,0.0,0.0,C1852790850,637147.55,1633434.42,0,0
8,CASH_OUT,464959.01,C126880238,0.0,0.0,C1647754924,786543.3,1563660.85,0,0
8,CASH_OUT,104395.88,C989026330,0.0,0.0,C1948471365,4828534.89,4628857.24,0,0
8,CASH_OUT,322130.41,C1765088108,0.0,0.0,C447691425,3935378.69,6795453.82,0,0
8,CASH_OUT,279760.69,C438752851,0.0,0.0,C1340123681,284653.41,824371.62,0,0
8,CASH_OUT,270604.9,C494822272,0.0,0.0,C1284149862,669984.15,2465823.51,0,0
8,CASH_OUT,321846.29,C1038998461,0.0,0.0,C77652925,441968.23,202111.66,0,0
8,CASH_OUT,135588.68,C2093111575,0.0,0.0,C175291188,147109.2,20917.86,0,0
8,CASH_OUT,7690.63,C1358597266,0.0,0.0,C265184085,22124.0,567756.32,0,0
8,CASH_OUT,49687.68,C1047959406,0.0,0.0,C1241878571,99374.0,1367524.98,0,0
8,CASH_OUT,15736.73,C1838519086,0.0,0.0,C667504652,2124014.56,2175372.0,0,0
8,CASH_OUT,34868.61,C1152632133,32034.65,0.0,C1032986144,57839.79,0.0,0,0
8,CASH_OUT,502613.65,C482098542,0.0,0.0,C526035976,786212.97,404380.68,0,0
8,CASH_OUT,314471.53,C2006208570,0.0,0.0,C499052031,316790.12,61997.79,0,0
8,CASH_OUT,374633.64,C850174157,12175.0,0.0,C447680780,0.0,238963.55,0,0
8,TRANSFER,505358.1,C1760543280,10877.0,0.0,C1878704627,10300.0,499861.81,0,0
8,TRANSFER,55649.46,C365286670,39149.0,0.0,C932634391,11457.0,67106.46,0,0
8,CASH_OUT,72603.67,C1354366587,15669.0,0.0,C1348669431,12748.51,0.0,0,0
8,CASH_OUT,127608.29,C189316648,76436.0,0.0,C1453795463,0.0,194708.66,0,0
8,CASH_OUT,217397.62,C430093511,372934.0,155536.38,C434091818,17281.01,348355.58,0,0
8,CASH_OUT,114121.6,C629372839,20042.0,0.0,C1728766751,2927689.13,6385532.2,0,0
8,CASH_OUT,94107.2,C1571782634,20816.0,0.0,C1519716618,0.0,94107.2,0,0
8,CASH_OUT,213638.58,C87814404,19917.67,0.0,C2110180989,1283562.85,0.0,0,0
8,TRANSFER,357062.79,C797248899,11379.0,0.0,C1926673338,2093168.81,2125199.85,0,0
8,TRANSFER,344841.88,C339063115,16710.0,0.0,C1991252420,188171.99,1241717.95,0,0
8,CASH_OUT,409852.02,C1171723661,0.0,0.0,C35263828,411997.35,0.0,0,0
8,CASH_OUT,356938.76,C841198646,7367.97,0.0,C1760872167,1362274.01,2114173.93,0,0
8,TRANSFER,16238.71,C200901342,370047.6,353808.89,C690031047,0.0,16238.71,0,0
8,CASH_OUT,187624.6,C790204378,19895.0,0.0,C403254166,49680.0,987888.66,0,0
8,CASH_OUT,102501.63,C11257466,626790.0,524288.37,C1943516848,0.0,223275.54,0,0
8,TRANSFER,483181.51,C1862665586,486.0,0.0,C51626955,187365.39,1129092.65,0,0
8,CASH_OUT,141945.97,C1865548703,1824.99,0.0,C189963646,1638659.86,1592418.7,0,0
8,CASH_OUT,125237.79,C1950398419,731.0,0.0,C563780374,0.0,283774.63,0,0
8,CASH_OUT,231043.5,C1785206993,13699.0,0.0,C123366619,23410.9,499859.5,0,0
8,TRANSFER,150948.5,C873357394,450.0,0.0,C2120528456,615074.76,657124.13,0,0
8,CASH_OUT,90624.82,C804594923,17152.0,0.0,C726762476,159224.52,255127.82,0,0
8,CASH_OUT,179414.71,C929102954,95792.98,0.0,C1413055366,889063.98,4023834.75,0,0
8,CASH_OUT,286769.16,C680553329,187840.62,0.0,C1507516448,0.0,150665.89,0,0
8,TRANSFER,877509.25,C813094655,16922.0,0.0,C1046102247,184.0,1694020.5,0,0
8,TRANSFER,1141183.62,C1951816023,9107.0,0.0,C1757877803,37749.36,2325850.99,0,0
8,CASH_OUT,18916.13,C1155734603,230.0,0.0,C1120952561,10781.0,39802.7,0,0
8,CASH_OUT,74664.22,C778196220,5191.0,0.0,C767544292,409798.22,46364.32,0,0
8,CASH_OUT,78777.41,C232258568,376738.67,297961.26,C126778243,0.0,84553.29,0,0
8,CASH_OUT,207067.36,C1082818392,19903.0,0.0,C74288440,343037.08,0.0,0,0
8,TRANSFER,1228361.36,C1913646333,105064.0,0.0,C580431625,4912.68,866827.55,0,0
8,CASH_OUT,65159.77,C624354719,251.0,0.0,C161140376,41359.59,166122.68,0,0
8,CASH_OUT,274586.05,C594215646,21335.0,0.0,C1630293008,259890.54,1237504.1,0,0
8,CASH_OUT,106180.2,C1825842454,17012.0,0.0,C838170026,27271.0,0.0,0,0
8,TRANSFER,1236845.42,C1205975833,18240.0,0.0,C1815271991,24885.0,1069004.15,0,0
8,CASH_OUT,90323.79,C173070950,45739.0,0.0,C130777353,0.0,130569.28,0,0
8,TRANSFER,3226604.31,C213510528,13849.61,0.0,C345603257,3835810.24,9917629.77,0,0
8,TRANSFER,1830973.0,C433516222,537.0,0.0,C650657798,387195.29,2164952.74,0,0
8,TRANSFER,258464.82,C2112791087,21595.0,0.0,C352202338,58450.79,484819.58,0,0
8,TRANSFER,2288736.8,C1240259528,1147.0,0.0,C58333888,50155.0,4173485.4,0,0
8,CASH_OUT,350602.54,C2126606244,0.0,0.0,C428796726,739180.25,847656.86,0,0
8,CASH_OUT,478592.4,C421004803,0.0,0.0,C1671386208,1218636.82,6214174.81,0,0
8,TRANSFER,1281371.86,C1254123558,15223.0,0.0,C863811613,8159270.11,14247328.87,0,0
8,CASH_OUT,174822.47,C184420654,20350.0,0.0,C2071512077,121109.53,25545.78,0,0
8,CASH_OUT,242884.49,C1949854020,29941.0,0.0,C209813603,0.0,253063.69,0,0
8,CASH_OUT,30704.74,C250980756,23162.0,0.0,C1257117293,21220.0,354275.02,0,0
8,CASH_OUT,375677.53,C146384092,2031.0,0.0,C1525944481,171994.49,437561.96,0,0
8,TRANSFER,202143.74,C1796504623,434299.82,232156.07,C447691425,4100039.01,6795453.82,0,0
8,TRANSFER,1367788.47,C776911573,232156.07,0.0,C1728766751,3041810.73,6385532.2,0,0
8,CASH_OUT,239189.47,C1939814216,10205.0,0.0,C1234059684,325194.68,588641.6,0,0
8,CASH_OUT,54804.76,C213516770,51228.0,0.0,C759994182,1096.44,111238.42,0,0
8,CASH_OUT,229311.29,C493914372,12660.0,0.0,C2133598779,29739.0,0.0,0,0
8,CASH_OUT,199247.56,C867544875,21294.0,0.0,C128870695,14421247.77,14456678.26,0,0
8,CASH_OUT,47501.76,C1980576344,7093.0,0.0,C2121674731,42951.65,90453.41,0,0
8,TRANSFER,912795.71,C861974910,188.0,0.0,C713987035,5868.6,1284003.82,0,0
8,CASH_OUT,209118.46,C744540856,367.0,0.0,C1866408768,0.0,209118.46,0,0
8,CASH_OUT,74434.05,C1478302822,1320.0,0.0,C1519254830,73804.0,1377703.81,0,0
8,CASH_OUT,198522.99,C1712756332,14301.17,0.0,C1085479446,1005882.49,1423850.27,0,0
8,CASH_OUT,6311.6,C898208117,660603.58,654291.97,C1848415041,0.0,44968.66,0,0
8,CASH_OUT,99406.93,C702830321,654291.97,554885.05,C861720625,1105118.18,1752674.41,0,0
8,CASH_OUT,260491.01,C2073235543,22064.0,0.0,C783286238,0.0,372688.92,0,0
8,TRANSFER,1109744.22,C1135178330,5077.0,0.0,C814900611,1617470.22,4893599.98,0,0
8,TRANSFER,159433.94,C71316459,20496.0,0.0,C1016689071,630264.46,1024005.37,0,0
8,CASH_OUT,101267.15,C1736890057,59181.0,0.0,C30013970,0.0,0.0,0,0
8,CASH_OUT,364000.5,C372230093,420556.0,56555.5,C366015139,1841049.24,4555236.24,0,0
8,TRANSFER,502341.05,C1833761170,31486.0,0.0,C1583798365,175265.4,115712.16,0,0
8,CASH_OUT,296288.59,C87378521,11588.0,0.0,C1558550579,76206.64,414084.5,0,0
8,TRANSFER,916490.4,C1579164591,102352.0,0.0,C2091209617,18928.0,1178577.89,0,0
8,CASH_OUT,270905.27,C772795415,13864.5,0.0,C1089177065,919445.18,1076036.85,0,0
8,TRANSFER,634391.73,C1903005474,6625.0,0.0,C480500119,41112.0,135593.97,0,0
8,CASH_OUT,371939.38,C1180649970,0.0,0.0,C1359484306,4926169.48,7364724.84,0,0
8,CASH_OUT,100000.87,C1722958190,0.0,0.0,C1875542814,146464.39,95224.9,0,0
8,CASH_OUT,179690.78,C869710202,19000.0,0.0,C1379031360,0.0,4200399.97,0,0
8,CASH_OUT,243879.03,C1228544850,23756.0,0.0,C2036762590,389578.81,987490.04,0,0
8,CASH_OUT,32966.31,C1431401777,59607.0,26640.69,C1145835418,1450296.94,1236584.82,0,0
8,CASH_OUT,294099.35,C699940679,564.0,0.0,C896393489,11666.0,28783585.38,0,0
8,CASH_OUT,9670.28,C2032782987,400210.0,390539.72,C1505755152,11466277.21,14646239.59,0,0
8,CASH_OUT,247001.08,C2132926962,51272.6,0.0,C935808590,17551607.21,18381668.73,0,0
8,CASH_OUT,197910.14,C2125996017,4004.1,0.0,C1459757869,878886.67,4042386.17,0,0
8,TRANSFER,296865.45,C299775045,123749.0,0.0,C1638556416,206045.61,335656.26,0,0
8,CASH_OUT,13026.41,C754387545,64957.0,51930.59,C578294406,771882.83,1909674.3,0,0
8,CASH_OUT,356941.09,C1027307226,551502.56,194561.46,C1062254208,390826.86,943625.57,0,0
8,CASH_OUT,217934.21,C420641420,194561.46,0.0,C345603257,7062414.55,9917629.77,0,0
8,CASH_OUT,128728.84,C1326029526,0.0,0.0,C979719862,604976.72,491448.89,0,0
8,CASH_OUT,199733.58,C1083225715,0.0,0.0,C2086425573,594494.6,0.0,0,0
8,CASH_OUT,78546.7,C654017821,0.0,0.0,C1883840933,22452843.64,25330272.63,0,0
8,CASH_OUT,5775.88,C741825876,0.0,0.0,C126778243,78777.41,84553.29,0,0
8,CASH_OUT,126208.93,C803974446,0.0,0.0,C2036762590,633457.84,987490.04,0,0
8,CASH_OUT,124962.97,C1787667854,0.0,0.0,C1031639563,4051759.07,5739012.22,0,0
8,CASH_OUT,14154.78,C279189167,0.0,0.0,C1499528600,20968.0,35122.78,0,0
8,CASH_OUT,304220.28,C116335634,0.0,0.0,C1303868418,7639908.4,10007761.88,0,0
8,CASH_OUT,54090.95,C1948220220,0.0,0.0,C2104165942,63374.85,331061.49,0,0
8,CASH_OUT,122585.12,C1941504484,0.0,0.0,C1615443145,147144.32,2907944.14,0,0
8,CASH_OUT,217882.71,C1125675090,0.0,0.0,C977993101,2727158.12,3373302.83,0,0
8,CASH_OUT,96414.15,C1017648023,0.0,0.0,C2030816292,113136.94,0.0,0,0
8,CASH_OUT,24073.22,C870406565,0.0,0.0,C461640598,42043.12,11547845.68,0,0
8,TRANSFER,1070166.69,C228811540,183.0,0.0,C1511785794,201821.0,1949682.33,0,0
8,CASH_OUT,197370.16,C1261818587,489205.0,291834.84,C1528968613,0.0,65899.04,0,0
8,TRANSFER,61767.63,C639211824,96282.89,34515.26,C577628476,0.0,61767.63,0,0
8,TRANSFER,2256694.97,C1792322110,34515.26,0.0,C1360767589,13944123.86,18482735.85,0,0
8,TRANSFER,1376081.84,C1540656059,0.0,0.0,C884262954,1512566.62,3043577.11,0,0
8,TRANSFER,2887748.9,C1041381648,0.0,0.0,C451111351,8982797.3,13101828.29,0,0
8,TRANSFER,750216.48,C1420355579,0.0,0.0,C814900611,2727214.44,4893599.98,0,0
8,TRANSFER,45080.99,C459416074,0.0,0.0,C591862575,172113.22,0.0,0,0
8,TRANSFER,263862.83,C1687481230,0.0,0.0,C264843581,473497.71,909963.8,0,0
8,TRANSFER,1128483.56,C1264686261,0.0,0.0,C115885991,1276412.67,4215505.1,0,0
8,TRANSFER,605481.46,C1483023645,0.0,0.0,C732929122,1135121.2,2221293.55,0,0
8,TRANSFER,586451.23,C1386032745,0.0,0.0,C1674899618,11310115.77,12588180.96,0,0
8,TRANSFER,770548.92,C286680879,0.0,0.0,C1978557426,880463.34,1581167.12,0,0
8,TRANSFER,37340.23,C1444253060,0.0,0.0,C1963862935,549620.45,817839.9,0,0
8,TRANSFER,157948.51,C657000342,0.0,0.0,C1081599606,321916.05,568540.77,0,0
8,TRANSFER,339939.19,C486312828,0.0,0.0,C1697593996,341717.65,177687.33,0,0
8,TRANSFER,143140.32,C1056028883,0.0,0.0,C979387846,476790.93,1142330.03,0,0
8,CASH_OUT,139428.09,C1522954982,2728030.54,2588602.45,C143580560,20508.0,1475853.11,0,0
8,CASH_OUT,259307.99,C85380354,2075.0,0.0,C1850180796,8644124.62,8257071.34,0,0
8,TRANSFER,740221.7,C1815010820,39435.0,0.0,C1805037453,1698.0,805782.36,0,0
8,TRANSFER,1026898.75,C389569417,75192.52,0.0,C807247901,203103.11,2080368.86,0,0
8,CASH_OUT,566419.35,C1168784987,106216.0,0.0,C1245442940,44286.9,608336.53,0,0
8,CASH_OUT,227170.03,C270258548,201294.0,0.0,C2135554589,0.0,0.0,0,0
8,CASH_OUT,495023.34,C451355094,79936.0,0.0,C1688071442,16068.0,840201.49,0,0
8,CASH_OUT,159577.11,C2049476239,10974.0,0.0,C451111351,11870546.19,13101828.29,0,0
8,CASH_OUT,3737.33,C519852399,243855.0,240117.67,C2067546399,93892.7,1318005.5,0,0
8,CASH_OUT,74690.93,C841095783,1040.0,0.0,C520876240,15828.0,0.0,0,0
8,TRANSFER,2957475.12,C463748041,199428.39,0.0,C1787868648,6841716.83,15128076.87,0,0
8,CASH_OUT,107669.23,C1100586646,159795.0,52125.77,C2130300459,82132.0,3553.57,0,0
8,TRANSFER,841153.93,C1563729090,37270.79,0.0,C1892922524,1753287.74,2775439.16,0,0
8,CASH_OUT,306129.58,C1356121308,95614.33,0.0,C1719351666,576.0,306705.58,0,0
8,TRANSFER,266745.45,C1338373200,103966.0,0.0,C312362475,0.0,266745.45,0,0
8,CASH_OUT,45861.31,C844668631,18376.0,0.0,C1692142175,0.0,963726.26,0,0
8,CASH_OUT,99616.7,C2062321695,3241.57,0.0,C531511436,929074.74,1230912.07,0,0
8,CASH_OUT,116626.28,C1781683867,0.0,0.0,C2013691076,637975.16,926590.63,0,0
8,CASH_OUT,388615.76,C1323749278,0.0,0.0,C991505714,13606137.64,13994753.4,0,0
8,CASH_OUT,544138.12,C319511296,0.0,0.0,C374625527,2261346.9,5175906.61,0,0
8,CASH_OUT,217979.31,C230266126,0.0,0.0,C732929122,1740602.66,2221293.55,0,0
8,CASH_OUT,262915.63,C1976011948,0.0,0.0,C2137848242,346582.6,3939899.41,0,0
8,CASH_OUT,337316.48,C220538805,0.0,0.0,C826383690,546420.22,910277.22,0,0
8,CASH_OUT,339312.75,C1145024074,0.0,0.0,C1339765646,343894.79,165103.45,0,0
8,CASH_OUT,139325.3,C91177510,0.0,0.0,C1753714541,1680089.73,868119.25,0,0
8,CASH_OUT,303950.66,C1283726539,0.0,0.0,C1833904548,378974.79,698681.07,0,0
8,CASH_OUT,121976.03,C1756926561,0.0,0.0,C1859795678,482428.11,282742.76,0,0
8,CASH_OUT,2965.65,C1372339394,0.0,0.0,C1877059833,911360.71,0.0,0,0
8,CASH_OUT,274844.77,C776809135,0.0,0.0,C1477641326,451786.99,1614315.76,0,0
8,CASH_OUT,150104.08,C1120078313,0.0,0.0,C836514715,1088224.57,2511051.14,0,0
8,CASH_OUT,1560.93,C1858379850,0.0,0.0,C330226144,61774.0,0.0,0,0
8,CASH_OUT,93405.71,C1583266684,0.0,0.0,C837153776,8805012.93,8734044.41,0,0
8,CASH_OUT,44280.51,C419560010,0.0,0.0,C1092318644,1378569.97,2525331.77,0,0
8,CASH_OUT,108279.77,C1129788610,0.0,0.0,C1234776885,5401180.17,5424661.74,0,0
8,CASH_OUT,195760.27,C140122642,0.0,0.0,C1107146140,461177.8,1655416.88,0,0
8,CASH_OUT,31468.59,C594855230,0.0,0.0,C438379413,64840.0,46714.97,0,0
8,CASH_OUT,223150.57,C900835504,0.0,0.0,C782432613,269315.19,561064.37,0,0
8,CASH_OUT,236187.5,C1329228768,0.0,0.0,C1423992712,10605153.67,13803333.72,0,0
8,CASH_OUT,219129.65,C392721055,0.0,0.0,C1749476584,1567807.36,2294866.91,0,0
8,CASH_OUT,303956.94,C305141881,0.0,0.0,C1396755641,1463376.47,2666422.03,0,0
8,CASH_OUT,417521.42,C721208999,0.0,0.0,C712956349,517987.07,1586820.55,0,0
8,CASH_OUT,440878.93,C914738547,0.0,0.0,C1413055366,1068478.69,4023834.75,0,0
8,CASH_OUT,28060.11,C1647164854,0.0,0.0,C741431520,339892.25,731077.5,0,0
8,CASH_OUT,8500.79,C1884066394,0.0,0.0,C1316897476,11706.0,20206.79,0,0
8,CASH_OUT,266091.13,C1011464970,0.0,0.0,C157316544,622894.06,1094373.33,0,0
8,CASH_OUT,80338.6,C616499109,0.0,0.0,C875761527,1549775.24,1238942.28,0,0
8,CASH_OUT,350559.24,C728813193,0.0,0.0,C1337741679,1252608.26,4670415.04,0,0
8,CASH_OUT,157862.02,C1060788223,0.0,0.0,C329829198,4858827.32,5102121.72,0,0
8,CASH_OUT,56857.51,C1322924793,0.0,0.0,C2070626006,163066.51,0.0,0,0
8,CASH_OUT,152912.13,C310677160,0.0,0.0,C758750856,397643.13,945056.48,0,0
8,CASH_OUT,213111.83,C1059917559,0.0,0.0,C1842297286,345546.02,0.0,0,0
8,CASH_OUT,109822.34,C1388655426,0.0,0.0,C456538529,140222.91,686343.83,0,0
8,CASH_OUT,54524.44,C1305990673,0.0,0.0,C545710008,1808500.78,1282962.39,0,0
8,CASH_OUT,59996.86,C2064707789,0.0,0.0,C8290162,6021159.96,6650282.66,0,0
8,CASH_OUT,16230.86,C748487662,0.0,0.0,C1872618824,50085.98,52384.62,0,0
8,CASH_OUT,201899.37,C1463384604,0.0,0.0,C1247600089,4874307.49,6965916.76,0,0
8,CASH_OUT,115020.14,C606951860,0.0,0.0,C709091500,162886.11,100947.45,0,0
8,CASH_OUT,194485.36,C1489453924,0.0,0.0,C667346055,11461555.79,17132106.53,0,0
8,CASH_OUT,82611.84,C478259681,0.0,0.0,C573200870,95635.71,560396.95,0,0
8,CASH_OUT,20030.69,C7657975,0.0,0.0,C1909597726,1094245.13,494709.81,0,0
8,CASH_OUT,575.17,C1314570420,0.0,0.0,C2082673402,110892.74,218486.67,0,0
8,CASH_OUT,15102.71,C744777336,0.0,0.0,C332911016,22937.93,0.0,0,0
8,CASH_OUT,198698.81,C1035668660,0.0,0.0,C1326243087,340103.22,39790.43,0,0
8,CASH_OUT,140408.33,C463917461,0.0,0.0,C1311325237,907787.07,5465400.62,0,0
8,CASH_OUT,345977.31,C65142069,0.0,0.0,C1626759869,1092389.77,1845436.06,0,0
8,CASH_OUT,149592.93,C213458071,0.0,0.0,C1937962514,352992.34,1581311.49,0,0
8,CASH_OUT,69263.02,C1770159896,0.0,0.0,C1166654566,938030.82,851662.52,0,0
8,CASH_OUT,61753.28,C1141187012,0.0,0.0,C1722141669,465503.83,1118549.36,0,0
8,CASH_OUT,26881.27,C1216439332,0.0,0.0,C1269336757,48291.23,0.0,0,0
8,CASH_OUT,341815.89,C211325959,0.0,0.0,C1255024717,15706932.47,17020715.36,0,0
8,CASH_OUT,531381.79,C1989693491,0.0,0.0,C423580937,9704066.13,12682009.97,0,0
8,CASH_OUT,284600.2,C461263909,0.0,0.0,C571113365,1869059.13,2153659.33,0,0
8,CASH_OUT,12802.5,C1486725930,0.0,0.0,C2136124320,269464.0,127874.69,0,0
8,CASH_OUT,74991.31,C275590290,0.0,0.0,C75474253,90685.0,155150.2,0,0
8,CASH_OUT,12672.45,C616628068,0.0,0.0,C1582765215,20212.0,4811776.93,0,0
8,CASH_OUT,414841.57,C1299597477,0.0,0.0,C1107146140,656938.08,1655416.88,0,0
8,CASH_OUT,410535.81,C2026317522,0.0,0.0,C343534938,935941.72,1048017.45,0,0
8,CASH_OUT,63888.63,C28806372,0.0,0.0,C480500119,675503.73,135593.97,0,0
8,CASH_OUT,28991.36,C573536361,0.0,0.0,C1052170153,1183175.85,151635.37,0,0
8,CASH_OUT,82938.8,C1566781417,0.0,0.0,C403254166,237304.6,987888.66,0,0
8,CASH_OUT,473590.97,C475226913,0.0,0.0,C1757877803,1178932.98,2325850.99,0,0
8,CASH_OUT,154184.05,C566103267,0.0,0.0,C896393489,305765.35,28783585.38,0,0
8,CASH_OUT,83713.05,C2014037133,0.0,0.0,C1178471274,2574637.16,2096994.78,0,0
8,CASH_OUT,122450.16,C1012113410,0.0,0.0,C1615443145,269729.44,2907944.14,0,0
8,CASH_OUT,132817.79,C991860418,0.0,0.0,C607702142,162533.68,11475.36,0,0
8,CASH_OUT,233282.49,C1788234838,0.0,0.0,C489693281,259352.12,920447.14,0,0
8,CASH_OUT,166651.58,C1277153829,0.0,0.0,C256902273,320499.91,468727.5,0,0
8,CASH_OUT,300953.76,C1835874324,0.0,0.0,C732470450,788047.91,1563966.08,0,0
8,CASH_OUT,140871.89,C579476477,0.0,0.0,C648021642,213977.88,324340.8,0,0
8,CASH_OUT,110547.2,C2049316614,0.0,0.0,C93518808,118651.53,0.0,0,0
8,CASH_OUT,117169.79,C1209691293,0.0,0.0,C40075281,6502416.42,7088323.13,0,0
8,CASH_OUT,14230.94,C1286815762,0.0,0.0,C1786099923,29163.98,43394.91,0,0
8,CASH_OUT,15062.07,C1049952138,0.0,0.0,C1927159174,1119715.26,762973.35,0,0
8,CASH_OUT,824917.77,C1950372217,0.0,0.0,C188246551,1268108.31,3439878.27,0,0
8,CASH_OUT,58227.52,C1864742376,0.0,0.0,C155439298,116268.51,119022.01,0,0
8,CASH_OUT,409503.73,C968936398,0.0,0.0,C1627965794,447479.42,1557376.47,0,0
8,CASH_OUT,247878.57,C548477907,0.0,0.0,C1023714065,2347360.87,8398562.84,0,0
8,CASH_OUT,346194.79,C1452039461,0.0,0.0,C746359178,396491.18,1793011.1,0,0
8,CASH_OUT,145485.84,C348399849,0.0,0.0,C1219248641,1032682.44,1706725.26,0,0
8,CASH_OUT,144494.27,C736435972,0.0,0.0,C1022680775,813512.1,1070858.6,0,0
8,CASH_OUT,78247.4,C61011496,0.0,0.0,C1966562224,240758.43,556885.26,0,0
8,CASH_OUT,452189.31,C938731020,0.0,0.0,C1298316171,1112855.68,749621.53,0,0
8,CASH_OUT,346258.68,C46465915,0.0,0.0,C1150610696,1508266.66,2040211.46,0,0
8,CASH_OUT,29164.54,C31142168,0.0,0.0,C378218735,69588.0,98752.54,0,0
8,CASH_OUT,48566.81,C366773437,0.0,0.0,C444920847,58507.97,107074.77,0,0
8,CASH_OUT,116562.74,C1035457420,0.0,0.0,C904383922,1317779.0,2065619.02,0,0
8,CASH_OUT,28572.2,C398709146,0.0,0.0,C1615443145,392179.6,2907944.14,0,0
8,CASH_OUT,93521.72,C1338532235,0.0,0.0,C1200417755,265849.22,1411708.67,0,0
8,CASH_OUT,19271.23,C1044442531,0.0,0.0,C1219248641,1178168.28,1706725.26,0,0
8,CASH_OUT,33097.64,C1038639700,0.0,0.0,C974088986,74908.0,20997.71,0,0
8,CASH_OUT,5501.34,C875441010,0.0,0.0,C646059443,220018.6,537463.33,0,0
8,CASH_OUT,265946.61,C946257989,0.0,0.0,C54142591,599341.36,6085383.25,0,0
8,CASH_OUT,302048.14,C32644895,0.0,0.0,C1167066016,313243.76,641979.14,0,0
8,CASH_OUT,326857.45,C2138453943,0.0,0.0,C1327907419,1205486.43,1204577.24,0,0
8,CASH_OUT,539716.9,C986113680,0.0,0.0,C1778801068,10880607.44,11835842.92,0,0
8,CASH_OUT,30551.36,C883715429,0.0,0.0,C1318491599,34731.43,65282.79,0,0
8,CASH_OUT,9243.25,C632784392,0.0,0.0,C1134776066,20650.0,29893.25,0,0
8,CASH_OUT,145914.93,C1798489734,0.0,0.0,C728526866,8496933.66,10520267.05,0,0
8,CASH_OUT,144885.19,C1724735254,0.0,0.0,C348708793,250371.41,1164655.76,0,0
8,CASH_OUT,171088.79,C828232175,0.0,0.0,C312537393,1173284.07,4810603.67,0,0
8,CASH_OUT,361952.36,C675517962,0.0,0.0,C1590550415,21218204.01,21939087.4,0,0
8,CASH_OUT,28446.15,C1438151538,0.0,0.0,C281632155,72111.4,0.0,0,0
8,CASH_OUT,116427.18,C1501668156,0.0,0.0,C1337741679,1603167.51,4670415.04,0,0
8,CASH_OUT,274911.02,C109892426,0.0,0.0,C635281078,1934031.36,2265663.04,0,0
8,CASH_OUT,156875.44,C852227671,0.0,0.0,C1424731356,818195.49,0.0,0,0
8,CASH_OUT,182940.45,C612249759,0.0,0.0,C2040656033,1037923.42,8124431.39,0,0
8,CASH_OUT,41328.61,C1890778991,0.0,0.0,C218193338,155715.02,449522.32,0,0
8,CASH_OUT,88322.76,C272921776,0.0,0.0,C1036454560,1023646.73,0.0,0,0
8,CASH_OUT,101851.22,C2102411681,0.0,0.0,C1317731757,605498.03,322519.15,0,0
8,CASH_OUT,335619.05,C687832156,0.0,0.0,C1671179293,601967.93,686937.33,0,0
8,CASH_OUT,251663.42,C1339144107,0.0,0.0,C2127862399,308812.36,1388195.29,0,0
8,CASH_OUT,105995.84,C2080615189,0.0,0.0,C657255537,1136540.89,2036309.01,0,0
8,CASH_OUT,100581.88,C60928125,0.0,0.0,C1334679764,151501.0,280315.42,0,0
8,CASH_OUT,113984.74,C1349460425,0.0,0.0,C1039960084,137660.0,0.0,0,0
8,CASH_OUT,75309.2,C314681472,0.0,0.0,C928023753,1006253.17,636296.03,0,0
8,CASH_OUT,52333.97,C1945887438,0.0,0.0,C1734649556,1158842.63,1047835.63,0,0
8,CASH_OUT,26029.14,C2102888084,0.0,0.0,C1189861498,192667.59,922482.19,0,0
8,CASH_OUT,53871.43,C1411350942,0.0,0.0,C232834050,93839.54,155491.95,0,0
8,CASH_OUT,62432.67,C1258661429,0.0,0.0,C1509170127,64277.0,370926.97,0,0
8,CASH_OUT,37826.65,C1740947465,0.0,0.0,C749013731,41774.0,4369565.78,0,0
8,CASH_OUT,174067.57,C644258115,0.0,0.0,C1039162432,4532356.8,5478833.48,0,0
8,CASH_OUT,1255048.95,C249429856,0.0,0.0,C1337741679,1719594.68,4670415.04,0,0
8,CASH_OUT,21044.76,C1745867904,0.0,0.0,C1022680775,958006.37,1070858.6,0,0
8,CASH_OUT,100333.67,C688559360,0.0,0.0,C1219273867,2748365.48,3650961.01,0,0
8,CASH_OUT,217572.36,C1001696739,0.0,0.0,C2040656033,1220863.88,8124431.39,0,0
8,CASH_OUT,203753.49,C1525900042,0.0,0.0,C932583850,7091802.09,9546432.01,0,0
8,CASH_OUT,303014.48,C823208220,20039.0,0.0,C1339678445,56726.44,101970.76,0,0
8,CASH_OUT,384309.28,C320119463,12980.0,0.0,C2072201071,105613.0,512119.61,0,0
8,CASH_OUT,584848.43,C64986591,254221.82,0.0,C1292435170,1390204.07,2076594.43,0,0
8,CASH_OUT,281659.12,C896013977,22833.0,0.0,C761069599,0.0,113299.63,0,0
8,TRANSFER,1827728.45,C924036236,619126.33,0.0,C1782113663,2075228.23,6002040.86,0,0
8,CASH_OUT,118604.27,C271919265,20182.0,0.0,C1486249495,134537.27,389716.43,0,0
8,CASH_OUT,97363.79,C123314558,488.0,0.0,C1975607158,0.0,164284.17,0,0
8,CASH_OUT,186015.31,C1009540213,14649.0,0.0,C2036368507,0.0,597520.72,0,0
8,TRANSFER,57296.77,C2147266720,30810.0,0.0,C1941371857,0.0,0.0,0,0
8,CASH_OUT,185988.04,C1134031361,46042.0,0.0,C866356999,1959566.52,2017695.97,0,0
8,CASH_OUT,288404.19,C1426089542,31594.0,0.0,C678651991,34684.0,1177157.62,0,0
8,CASH_OUT,177911.62,C1040421283,62155.0,0.0,C1219248641,1197439.52,1706725.26,0,0
8,CASH_OUT,171909.33,C348281250,83617.0,0.0,C2070157789,80740.0,0.0,0,0
8,TRANSFER,892249.81,C1652255572,62631.05,0.0,C1334669858,74.0,1017900.47,0,0
8,TRANSFER,3380634.34,C524541191,10421.0,0.0,C2032924554,0.0,6561493.61,0,0
8,CASH_OUT,23542.12,C1124940793,65427.0,41884.88,C1332701679,10461.0,0.0,0,0
8,TRANSFER,1449869.6,C1676067089,163.0,0.0,C470217116,1011367.52,6821434.41,0,0
8,CASH_OUT,13619.07,C743164992,0.0,0.0,C1211297851,793733.95,862194.34,0,0
8,CASH_OUT,300814.73,C1244605474,0.0,0.0,C1760872167,1719212.76,2114173.93,0,0
8,CASH_OUT,159031.2,C1959185254,0.0,0.0,C587433505,176310.21,202287.16,0,0
8,CASH_OUT,199776.2,C570253990,0.0,0.0,C265108079,2401434.54,4937135.42,0,0
8,CASH_OUT,32127.89,C1403425557,0.0,0.0,C224342296,50121.0,80084.58,0,0
8,CASH_OUT,82052.72,C1625029503,0.0,0.0,C599968109,271816.31,1235102.24,0,0
8,CASH_OUT,184847.1,C570720761,0.0,0.0,C580735116,321342.59,380765.41,0,0
8,CASH_OUT,8062.61,C1755721549,0.0,0.0,C1738994372,107350.98,118893.05,0,0
8,CASH_OUT,355133.47,C259995511,0.0,0.0,C1394526584,3692338.25,5038256.49,0,0
8,CASH_OUT,210768.82,C809514468,0.0,0.0,C849038219,2109126.54,1337271.15,0,0
8,CASH_OUT,273024.93,C919433564,0.0,0.0,C194746285,549971.78,1404489.37,0,0
8,CASH_OUT,58407.39,C1875442831,0.0,0.0,C1940189108,62802.0,110810.89,0,0
8,CASH_OUT,20140.57,C435862158,0.0,0.0,C471293240,117456.0,0.0,0,0
8,CASH_OUT,132370.08,C673469248,0.0,0.0,C569022831,556326.45,1000968.35,0,0
8,CASH_OUT,140116.48,C1975423113,0.0,0.0,C66893623,247156.54,532921.62,0,0
8,CASH_OUT,89433.41,C1572484661,0.0,0.0,C1880332929,14636266.22,14299084.37,0,0
8,CASH_OUT,114630.91,C299424198,0.0,0.0,C1842297286,302806.13,0.0,0,0
8,CASH_OUT,99767.56,C468465390,0.0,0.0,C2011904058,205071.0,140668.7,0,0
8,CASH_OUT,69389.75,C441960386,0.0,0.0,C2036926986,201959.41,45538.4,0,0
8,CASH_OUT,44566.72,C382751011,0.0,0.0,C1757877803,1652523.94,2325850.99,0,0
8,CASH_OUT,455796.93,C1091681494,0.0,0.0,C1058634310,1364334.85,3071176.4,0,0
8,CASH_OUT,312651.06,C1001433436,0.0,0.0,C1426908073,828003.64,0.0,0,0
8,CASH_OUT,212460.26,C528285759,0.0,0.0,C1023714065,2595239.45,8398562.84,0,0
8,CASH_OUT,180840.01,C187700154,0.0,0.0,C1924874046,247069.18,148444.02,0,0
8,CASH_OUT,287050.82,C1191962886,0.0,0.0,C1414763289,311054.67,434053.18,0,0
8,CASH_OUT,100374.24,C2043626226,0.0,0.0,C313124964,7956857.49,7930883.53,0,0
8,CASH_OUT,134330.42,C239393036,0.0,0.0,C208427878,1129949.5,1454807.63,0,0
8,CASH_OUT,251709.75,C90355389,0.0,0.0,C1577420620,498584.19,1346843.05,0,0
8,CASH_OUT,291664.57,C498678990,0.0,0.0,C580431625,1233274.04,866827.55,0,0
8,CASH_OUT,47459.2,C518141273,0.0,0.0,C208427878,1264279.92,1454807.63,0,0
8,CASH_OUT,164598.66,C910562096,0.0,0.0,C1981839580,574329.77,875416.34,0,0
8,CASH_OUT,376614.14,C637635611,0.0,0.0,C447691425,4302182.76,6795453.82,0,0
8,CASH_OUT,257660.29,C1921686361,0.0,0.0,C705321061,306999.27,1306261.5,0,0
8,CASH_OUT,78089.85,C2102210732,0.0,0.0,C248609774,11706454.15,13033871.02,0,0
8,CASH_OUT,28208.87,C2064937894,0.0,0.0,C160284738,289738.67,44049.23,0,0
8,CASH_OUT,56289.06,C1365203339,0.0,0.0,C1059781259,13448259.88,13649019.57,0,0
8,CASH_OUT,114542.83,C2007580842,0.0,0.0,C128736076,345221.13,216651.57,0,0
8,CASH_OUT,10767.52,C1668667043,0.0,0.0,C339099861,410580.08,393406.66,0,0
8,CASH_OUT,58912.24,C1000607784,0.0,0.0,C713961699,64536.73,0.0,0,0
8,CASH_OUT,39467.93,C270304726,0.0,0.0,C678308721,169443.18,101561.18,0,0
8,CASH_OUT,113913.47,C764230511,0.0,0.0,C1410669831,775315.68,252392.49,0,0
8,CASH_OUT,236040.3,C1619013811,0.0,0.0,C1880332929,14725699.63,14299084.37,0,0
8,CASH_OUT,88636.26,C2076072411,0.0,0.0,C1211297851,807353.02,862194.34,0,0
8,CASH_OUT,220791.45,C259539279,0.0,0.0,C1978557426,1651012.25,1581167.12,0,0
8,CASH_OUT,84343.04,C1265259916,0.0,0.0,C75457651,194900.12,323253.31,0,0
8,CASH_OUT,75120.43,C714011130,0.0,0.0,C1390121014,428151.35,914190.45,0,0
8,CASH_OUT,36968.43,C603395569,0.0,0.0,C1185567380,112313.04,36565.34,0,0
8,CASH_OUT,284929.88,C1850231545,0.0,0.0,C1141137903,10882877.18,14068690.23,0,0
8,CASH_OUT,434793.02,C2006430857,0.0,0.0,C818570949,1278260.37,2402597.58,0,0
8,CASH_OUT,191618.91,C709597856,0.0,0.0,C675203915,4290862.32,5398127.54,0,0
8,CASH_OUT,200869.43,C822626949,0.0,0.0,C1945802665,1254799.93,1471945.15,0,0
8,CASH_OUT,40543.26,C490455519,0.0,0.0,C1313534832,3230978.27,4605990.97,0,0
8,CASH_OUT,33322.22,C1472339213,0.0,0.0,C715819458,419238.08,926737.45,0,0
8,CASH_OUT,132586.21,C564794319,0.0,0.0,C1790831319,176804.78,66958.78,0,0
8,CASH_OUT,709927.25,C1376074013,0.0,0.0,C372017580,2036531.78,4122268.38,0,0
8,CASH_OUT,164837.44,C292765627,158165.06,0.0,C651445737,0.0,293516.38,0,0
8,TRANSFER,1474998.09,C1444831981,0.0,0.0,C1671386208,1697229.22,6214174.81,0,0
8,CASH_OUT,271189.65,C1897305098,10568.0,0.0,C1150043970,0.0,123050.78,0,0
8,CASH_OUT,197506.07,C1677690767,172.0,0.0,C681419196,0.0,284836.99,0,0
8,CASH_OUT,60487.26,C1889552797,22860.0,0.0,C388527192,80368.79,106885.07,0,0
8,TRANSFER,825236.62,C2064702302,258542.0,0.0,C787040724,0.0,4039814.03,0,0
8,CASH_OUT,38390.65,C1614453866,11226.96,0.0,C1746371201,743712.51,392132.46,0,0
8,CASH_OUT,237430.77,C1687316649,2236911.86,1999481.09,C225852166,557738.63,877929.84,0,0
8,CASH_OUT,161122.11,C9355328,1999481.09,1838358.98,C1231540556,220544.75,83585.1,0,0
8,CASH_OUT,126739.38,C878958071,1838358.98,1711619.6,C1340904400,386614.61,0.0,0,0
8,CASH_OUT,101826.91,C269637942,1711619.6,1609792.69,C575335780,136787.54,14610.22,0,0
8,CASH_OUT,351756.34,C1739766973,1609792.69,1258036.35,C170899621,8291199.67,10464208.87,0,0
8,CASH_OUT,47934.33,C289991883,4228.0,0.0,C1134266682,177326.96,3759.16,0,0
8,CASH_OUT,290418.24,C1412834386,2426380.39,2135962.15,C1722141669,527257.11,1118549.36,0,0
8,CASH_OUT,37980.31,C1452635628,2135962.15,2097981.84,C851316413,75148.26,127671.62,0,0
8,TRANSFER,1097476.86,C250579949,100507.0,0.0,C1710002389,10216.0,936474.93,0,0
8,CASH_OUT,366644.47,C1548826220,40621.82,0.0,C30516998,1279426.59,0.0,0,0
8,TRANSFER,505597.87,C1510668235,5588.0,0.0,C1185525558,2696.0,1374865.05,0,0
8,CASH_OUT,290586.24,C2043025750,40113.0,0.0,C656400047,111909.04,1597668.67,0,0
8,CASH_OUT,171782.67,C25378694,5016.0,0.0,C1805162633,0.0,0.0,0,0
8,CASH_OUT,708000.32,C157277860,10548.0,0.0,C305259590,11373.0,937916.52,0,0
8,CASH_OUT,97544.02,C752503379,9227.0,0.0,C1496194127,52059.0,0.0,0,0
8,TRANSFER,2630740.88,C1503087003,195.0,0.0,C1379031360,179690.78,4200399.97,0,0
8,TRANSFER,1810797.94,C773672120,6360.0,0.0,C1050196275,0.0,2417555.8,0,0
8,TRANSFER,455922.51,C1993983686,5591.0,0.0,C406477119,0.0,1879210.25,0,0
8,CASH_OUT,128863.46,C22567893,11934.0,0.0,C1137350304,83794.36,212657.82,0,0
8,CASH_OUT,137568.89,C320396046,497797.47,360228.58,C476402209,222310.39,0.0,0,0
8,CASH_OUT,208281.32,C1356708939,360228.58,151947.25,C1014923261,334261.75,1434633.69,0,0
8,CASH_OUT,93869.51,C617392518,298789.04,204919.54,C63475121,711337.87,519853.57,0,0
8,CASH_OUT,97837.59,C1281037118,129477.49,31639.91,C1825174365,116598.4,6657580.62,0,0
8,CASH_OUT,376099.04,C966455993,9156.0,0.0,C1858098329,0.0,799673.02,0,0
8,CASH_OUT,131147.35,C1407070222,61721.0,0.0,C1117816135,134611.8,163839.59,0,0
8,CASH_OUT,426327.64,C1035931638,19765.75,0.0,C1191985342,13300.89,1276447.09,0,0
8,CASH_OUT,77360.09,C1535249031,0.0,0.0,C1095446005,159400.73,402284.09,0,0
8,CASH_OUT,279753.71,C1328866120,0.0,0.0,C874023329,412905.13,3539577.27,0,0
8,CASH_OUT,158007.12,C424875646,0.0,0.0,C1298177219,474016.32,1618631.97,0,0
8,CASH_OUT,201388.63,C555356422,0.0,0.0,C1469084143,262081.91,2003931.21,0,0
8,CASH_OUT,586322.92,C1787294096,0.0,0.0,C1894575391,1673372.12,3443379.49,0,0
8,CASH_OUT,53426.55,C46231851,0.0,0.0,C1759482496,1191511.46,2912335.58,0,0
8,CASH_OUT,366082.59,C60848107,0.0,0.0,C420561530,631078.29,366505.7,0,0
8,CASH_OUT,224436.79,C1925436600,0.0,0.0,C1501701470,1427983.83,4463342.32,0,0
8,CASH_OUT,71833.22,C664641537,0.0,0.0,C1842297286,417437.04,0.0,0,0
8,CASH_OUT,144975.59,C786220528,0.0,0.0,C481402298,4563593.54,8144736.91,0,0
8,CASH_OUT,168003.64,C776204527,0.0,0.0,C314019925,250772.37,493579.15,0,0
8,CASH_OUT,397722.11,C1112119179,0.0,0.0,C2110180989,1497201.43,0.0,0,0
8,CASH_OUT,191807.52,C136231531,0.0,0.0,C1651945012,1728274.26,2542356.18,0,0
8,CASH_OUT,38142.72,C1076170205,0.0,0.0,C624685600,135966.92,1263934.85,0,0
8,CASH_OUT,23252.84,C1901091262,0.0,0.0,C1273939873,693114.49,1525464.32,0,0
8,CASH_OUT,58679.0,C2133552592,0.0,0.0,C447691425,4678796.89,6795453.82,0,0
8,CASH_OUT,8578.54,C35347900,0.0,0.0,C254038376,58388.22,66966.76,0,0
8,CASH_OUT,15054.94,C1027043712,51550.0,36495.06,C1881151365,0.0,325261.56,0,0
8,TRANSFER,130838.31,C1696148775,20590.0,0.0,C862258808,559.0,0.0,0,0
8,CASH_OUT,188849.41,C1740580335,176834.53,0.0,C1797686173,1111913.42,1474093.6,0,0
8,CASH_OUT,321119.45,C1627583465,0.0,0.0,C365212068,2933657.37,3805747.48,0,0
8,TRANSFER,2140316.07,C1648343271,71.0,0.0,C830831744,59718.17,2838892.83,0,0
8,CASH_OUT,141817.92,C353536118,29718.0,0.0,C1883788127,140143.17,228885.23,0,0
8,CASH_OUT,33845.61,C183886515,118791.0,84945.39,C1089101011,0.0,33845.61,0,0
8,TRANSFER,1259673.1,C372898222,9028.0,0.0,C620532131,0.0,2245700.64,0,0
8,TRANSFER,57250.85,C1804572436,296.0,0.0,C62593131,460744.18,208013.13,0,0
8,CASH_OUT,257307.14,C1867667347,90003.0,0.0,C1692142175,45861.31,963726.26,0,0
8,CASH_OUT,48807.72,C1509239754,171034.3,122226.58,C439078113,1228189.84,1886598.11,0,0
8,CASH_OUT,68072.03,C440607660,49574.0,0.0,C1982828534,1850434.01,1912526.2,0,0
8,TRANSFER,1257149.12,C1265362684,746.0,0.0,C1501701470,1652420.62,4463342.32,0,0
8,CASH_OUT,123009.23,C25557447,11560.0,0.0,C257761496,20496.0,2001378.66,0,0
8,CASH_OUT,60086.26,C1710076336,592009.7,531923.44,C1192983708,39393.33,98055.06,0,0
8,TRANSFER,2999828.31,C1792724213,531923.44,0.0,C1060041730,8407962.94,16532032.16,0,0
8,CASH_OUT,136361.59,C1615422341,234734.23,98372.63,C417236208,276731.51,0.0,0,0
8,CASH_OUT,217335.76,C1781104767,20181.0,0.0,C1187026769,557.0,0.0,0,0
8,TRANSFER,1194206.14,C1966759668,72650.0,0.0,C662267010,0.0,1605242.18,0,0
8,TRANSFER,1017488.96,C780399605,20188.1,0.0,C1765998352,142746.99,1387726.04,0,0
8,CASH_OUT,48231.01,C588615825,0.0,0.0,C1933965693,988754.77,2074668.33,0,0
8,CASH_OUT,28288.91,C75479033,50032.0,21743.09,C250289324,1283.0,0.0,0,0
8,CASH_OUT,126717.26,C1740157312,23474.0,0.0,C1022896347,0.0,126717.26,0,0
8,TRANSFER,1893337.96,C44325906,183611.0,0.0,C30079792,49418.08,1536473.0,0,0
8,CASH_OUT,40699.73,C2065575341,71653.0,30953.27,C657385546,0.0,40699.73,0,0
8,CASH_OUT,245586.79,C2044435493,62954.0,0.0,C132379888,0.0,629147.18,0,0
8,CASH_OUT,243495.14,C457089432,10549.0,0.0,C725400620,0.0,1038.26,0,0
8,CASH_OUT,377780.26,C1667658177,326415.0,0.0,C2122200303,556415.55,1003439.91,0,0
8,TRANSFER,601150.82,C966413521,215318.39,0.0,C1501701470,2909569.75,4463342.32,0,0
8,TRANSFER,997157.8,C1582409532,0.0,0.0,C188246551,2093026.08,3439878.27,0,0
8,CASH_OUT,229017.77,C5486297,140389.65,0.0,C1247658278,544935.86,1133629.28,0,0
8,CASH_OUT,241806.31,C1399359912,0.0,0.0,C1552859894,694699.59,3018034.04,0,0
8,CASH_OUT,18610.82,C338447830,0.0,0.0,C1552859894,936505.9,3018034.04,0,0
8,CASH_OUT,137983.28,C1530574164,0.0,0.0,C1337741679,2974643.63,4670415.04,0,0
8,CASH_OUT,121567.12,C1187128724,0.0,0.0,C720370261,787855.07,643199.54,0,0
8,CASH_OUT,187973.29,C1366343981,0.0,0.0,C2116802101,332317.06,1187770.16,0,0
8,CASH_OUT,4046.13,C658793512,0.0,0.0,C300836639,33959.63,19979.28,0,0
8,CASH_OUT,56779.74,C693826945,0.0,0.0,C2040656033,1438436.24,8124431.39,0,0
8,CASH_OUT,48083.68,C2128845755,0.0,0.0,C2040603986,1062953.98,1930179.38,0,0
8,CASH_OUT,379864.88,C701318371,0.0,0.0,C853932876,551952.83,380655.71,0,0
8,CASH_OUT,176846.12,C757858518,0.0,0.0,C1231842708,1074290.38,751281.48,0,0
8,CASH_OUT,55588.41,C1394875919,0.0,0.0,C1705929636,320481.31,228714.72,0,0
8,CASH_OUT,131743.31,C829974931,0.0,0.0,C115885991,2404896.23,4215505.1,0,0
8,CASH_OUT,132760.22,C1926355203,0.0,0.0,C874023329,692658.83,3539577.27,0,0
8,CASH_OUT,116704.99,C1060523327,0.0,0.0,C1182461167,185431.94,2329693.31,0,0
8,CASH_OUT,501258.01,C1284630704,0.0,0.0,C875917495,1984159.29,6097795.83,0,0
8,CASH_OUT,116458.24,C1045902400,0.0,0.0,C2107268831,117558.73,623377.01,0,0
8,CASH_OUT,74642.97,C1119021896,0.0,0.0,C306206744,9557036.91,9637803.63,0,0
8,CASH_OUT,98401.8,C1340086676,0.0,0.0,C1504217374,144700.0,123668.83,0,0
8,CASH_OUT,39377.69,C209173680,0.0,0.0,C2136124320,282266.5,127874.69,0,0
8,CASH_OUT,123457.27,C184904778,0.0,0.0,C345679794,355271.0,415516.29,0,0
8,CASH_OUT,23881.91,C535755589,1298750.73,1274868.82,C1234059684,564384.16,588641.6,0,0
8,CASH_OUT,184654.07,C1400375971,1274868.82,1090214.75,C365212068,3254776.82,3805747.48,0,0
8,CASH_OUT,544147.69,C864301300,1090214.75,546067.07,C1556875182,1951316.89,3585215.55,0,0
8,CASH_OUT,54689.2,C1230912978,546067.07,491377.87,C471003380,367677.9,511534.87,0,0
8,CASH_OUT,351674.39,C553833327,491377.87,139703.48,C1003872245,436689.68,114686.09,0,0
8,CASH_OUT,102904.14,C851241214,139703.48,36799.34,C798678484,2384768.06,3249604.9,0,0
8,CASH_OUT,426830.03,C548236749,36799.34,0.0,C248609774,11784544.0,13033871.02,0,0
8,CASH_OUT,311046.27,C413492391,0.0,0.0,C1627965794,856983.15,1557376.47,0,0
8,CASH_OUT,288692.21,C789271927,0.0,0.0,C248609774,12211374.04,13033871.02,0,0
8,CASH_OUT,188880.1,C2057679728,0.0,0.0,C93166806,1483727.71,2226811.03,0,0
8,CASH_OUT,195773.05,C833452780,0.0,0.0,C1313534832,3271521.53,4605990.97,0,0
8,CASH_OUT,194947.34,C35565602,0.0,0.0,C1757877803,1697090.66,2325850.99,0,0
8,CASH_OUT,253755.55,C2009853435,0.0,0.0,C2011996123,5715091.82,9264344.9,0,0
8,CASH_OUT,57019.51,C547552833,0.0,0.0,C480500119,739392.36,135593.97,0,0
8,CASH_OUT,118496.94,C2046986915,0.0,0.0,C2052185144,863676.0,951130.52,0,0
8,CASH_OUT,156593.58,C233486945,0.0,0.0,C667346055,11656041.15,17132106.53,0,0
8,CASH_OUT,127878.2,C635841042,0.0,0.0,C663202788,131257.37,163013.28,0,0
8,CASH_OUT,2055.11,C302094361,0.0,0.0,C1891412311,682473.89,1416477.85,0,0
8,CASH_OUT,65479.13,C2084069224,0.0,0.0,C1887692104,72798.39,0.0,0,0
8,CASH_OUT,29629.34,C609868604,0.0,0.0,C1979585370,44472.4,39850.96,0,0
8,CASH_OUT,213576.76,C813421343,0.0,0.0,C968448640,1305323.5,3438487.71,0,0
8,CASH_OUT,243891.24,C782521433,0.0,0.0,C849038219,2319895.36,1337271.15,0,0
8,CASH_OUT,130253.02,C282697210,0.0,0.0,C1583408697,169794.82,638228.31,0,0
8,CASH_OUT,388553.6,C2058560742,0.0,0.0,C1491676195,1251349.81,1800557.56,0,0
8,CASH_OUT,80919.82,C339669892,0.0,0.0,C79708552,93337.56,0.0,0,0
8,CASH_OUT,428788.03,C414481350,0.0,0.0,C787040724,825236.62,4039814.03,0,0
8,CASH_OUT,147826.1,C1147011943,0.0,0.0,C2011904058,304838.56,140668.7,0,0
8,CASH_OUT,354840.47,C665426718,0.0,0.0,C2112826959,580825.54,2258719.46,0,0
8,CASH_OUT,324804.76,C1147731644,0.0,0.0,C662267010,1194206.14,1605242.18,0,0
8,CASH_OUT,587049.59,C2142881724,0.0,0.0,C1395746279,1125016.21,1391020.69,0,0
8,CASH_OUT,128152.92,C1271445015,0.0,0.0,C1219248641,1375351.14,1706725.26,0,0
8,TRANSFER,1558428.12,C309957953,90749.0,0.0,C1751073738,121334.18,8875838.69,0,0
8,TRANSFER,485077.73,C1289188851,20459.0,0.0,C257884050,40540.59,659044.27,0,0
8,CASH_OUT,188396.01,C1488291637,157080.63,0.0,C1060041730,11407791.24,16532032.16,0,0
8,CASH_OUT,680645.68,C1861710554,0.0,0.0,C264685626,1055902.87,0.0,0,0
8,CASH_OUT,235452.18,C481255164,61291.0,0.0,C1001755781,0.0,274407.46,0,0
8,CASH_OUT,350693.72,C279645538,17969.0,0.0,C664038638,0.0,590162.01,0,0
8,CASH_OUT,331160.63,C928871355,991918.6,660757.97,C8290162,5893560.69,6650282.66,0,0
8,CASH_OUT,163736.17,C1388671225,507192.0,343455.83,C2016282692,154018.38,34092.53,0,0
8,CASH_OUT,85349.79,C1631949714,10878.0,0.0,C1463758439,13909.1,99258.9,0,0
8,TRANSFER,13389.79,C1532716193,77301.2,63911.41,C756475678,40699.0,233193.32,0,0
8,CASH_OUT,675186.66,C592075371,63911.41,0.0,C1754722089,745091.21,3719715.07,0,0
8,CASH_OUT,18938.93,C387675565,20613.0,1674.07,C571514738,0.0,0.0,0,0
8,TRANSFER,780953.77,C1098444577,905174.0,124220.23,C1629911510,3145.61,1925872.77,0,0
8,CASH_OUT,257290.05,C748819866,102541.0,0.0,C769298867,13626.01,199825.38,0,0
8,CASH_OUT,208832.94,C1865445743,36487.0,0.0,C1283626649,75247.0,174917.71,0,0
8,CASH_OUT,186048.44,C807810220,1254.0,0.0,C1937294500,162038.0,893126.62,0,0
8,TRANSFER,1327566.28,C1013097003,10438.0,0.0,C1357984916,60059.81,1185616.33,0,0
8,TRANSFER,500301.57,C1452476158,368.0,0.0,C1493448513,0.0,1075149.48,0,0
8,CASH_OUT,207805.32,C1576941791,51243.0,0.0,C1189861498,218696.72,922482.19,0,0
8,CASH_OUT,8744.96,C884233891,209052.87,200307.92,C1970362900,163074.46,1296.45,0,0
8,CASH_OUT,40007.38,C1735202861,172169.64,132162.26,C1683963531,21261.9,0.0,0,0
8,CASH_OUT,268265.52,C475557284,316.0,0.0,C1988852187,0.0,2232864.41,0,0
8,CASH_OUT,237904.63,C1176037947,309390.98,71486.36,C250593727,3947.65,0.0,0,0
8,CASH_OUT,384938.04,C1801872712,16809.0,0.0,C305793941,39752.78,1276315.24,0,0
8,CASH_OUT,41242.0,C702369119,16230.0,0.0,C769342184,16587619.92,16681340.95,0,0
8,CASH_OUT,17408.88,C1909006601,525618.32,508209.44,C345262715,42898.0,0.0,0,0
8,CASH_OUT,138596.36,C1059021169,3143.0,0.0,C1664330755,149884.4,80919.02,0,0
8,TRANSFER,1645104.9,C923387474,81310.97,0.0,C1060041730,11596187.25,16532032.16,0,0
8,TRANSFER,830936.97,C713948663,529.0,0.0,C1976064650,32372.0,0.0,0,0
8,TRANSFER,2047122.53,C1225188557,352679.63,0.0,C1973561066,8268.96,2701301.94,0,0
8,CASH_OUT,341720.06,C1493878286,37159.0,0.0,C453984087,129725.0,548359.45,0,0
8,CASH_OUT,8132.44,C334615376,0.0,0.0,C1892922524,2594441.67,2775439.16,0,0
8,CASH_OUT,377048.03,C1936458450,55277.11,0.0,C703957828,1111298.22,4327929.06,0,0
8,CASH_OUT,209493.96,C1855599804,0.0,0.0,C1218365329,1178474.72,1347353.23,0,0
8,CASH_OUT,180602.25,C926879702,17145.0,0.0,C2119123648,518930.35,475595.42,0,0
8,TRANSFER,300371.42,C647273858,8082.0,0.0,C1000630508,0.0,115423.17,0,0
8,CASH_OUT,121249.73,C1766202495,0.0,0.0,C143580560,159936.09,1475853.11,0,0
8,CASH_OUT,414355.28,C1545816470,32677.0,0.0,C9108707,14140.07,1144029.43,0,0
8,CASH_OUT,149748.87,C1083528294,30958.0,0.0,C1139794020,0.0,225926.33,0,0
8,CASH_OUT,153288.75,C434703855,0.0,0.0,C1722902384,165301.48,681456.39,0,0
8,CASH_OUT,286338.02,C407818317,240859.58,0.0,C1089177065,1190350.45,1076036.85,0,0
8,TRANSFER,142561.46,C1885129157,731.0,0.0,C558216562,10432.07,124763.83,0,0
8,TRANSFER,320012.35,C511615803,10027.0,0.0,C661442540,60222.0,250235.32,0,0
8,TRANSFER,285997.23,C1623275279,5098.0,0.0,C1866827563,6545.0,4057979.08,0,0
8,CASH_OUT,125175.32,C1076791475,20467.0,0.0,C2013854563,39243.0,2506046.99,0,0
8,CASH_OUT,80999.38,C1498006437,52508.0,0.0,C1087546948,10770.0,83341.56,0,0
8,CASH_OUT,181245.4,C1731630644,2779.0,0.0,C93166806,1672607.81,2226811.03,0,0
8,CASH_OUT,97537.05,C2033056323,501582.71,404045.66,C251557282,98908.38,0.0,0,0
8,CASH_OUT,255999.48,C1773922313,404045.66,148046.18,C58333888,2338891.8,4173485.4,0,0
8,CASH_OUT,295275.71,C552330288,148046.18,0.0,C1254893565,1891467.91,2085959.07,0,0
8,CASH_OUT,89835.13,C1189548179,0.0,0.0,C51626955,670546.9,1129092.65,0,0
8,CASH_OUT,257616.11,C1343100398,0.0,0.0,C257999182,8453776.67,14960679.69,0,0
8,CASH_OUT,343220.0,C1724077126,0.0,0.0,C1446521801,8109787.68,11698172.69,0,0
8,CASH_OUT,247492.9,C427222730,0.0,0.0,C1991252420,533013.87,1241717.95,0,0
8,CASH_OUT,296926.44,C1743462143,0.0,0.0,C1834186423,431360.97,195248.73,0,0
8,CASH_OUT,277106.72,C1206572681,0.0,0.0,C459172227,2024866.32,2591462.11,0,0
8,CASH_OUT,99379.8,C708494078,34400.6,0.0,C420561530,749858.58,366505.7,0,0
8,TRANSFER,141995.86,C1870784667,34044.0,0.0,C1155337528,0.0,165417.94,0,0
8,CASH_OUT,337934.18,C1329528015,104899.0,0.0,C1423992712,10841341.17,13803333.72,0,0
8,CASH_OUT,151998.73,C1153400840,410772.0,258773.27,C1249000159,0.0,549159.08,0,0
8,CASH_OUT,174630.28,C1668250335,9583.94,0.0,C1121453612,525867.33,1975007.49,0,0
8,TRANSFER,2246018.57,C1444380816,1889644.35,0.0,C1023714065,2807699.7,8398562.84,0,0
8,TRANSFER,387849.35,C881253965,860.0,0.0,C599726537,650688.09,528200.34,0,0
8,CASH_OUT,289839.13,C8896147,20572.0,0.0,C2020576466,23601.0,0.0,0,0
8,CASH_OUT,114212.72,C223752887,104523.0,0.0,C740950652,45114.36,43471.31,0,0
8,CASH_OUT,174957.6,C465829684,36615.22,0.0,C787040724,1254024.65,4039814.03,0,0
8,CASH_OUT,190421.89,C1832777293,30571.0,0.0,C646183851,59648.0,486706.11,0,0
8,TRANSFER,780886.93,C1260614086,50226.0,0.0,C515132998,1822194.67,4460317.7,0,0
8,CASH_OUT,120862.68,C763756424,25312.0,0.0,C1276424637,25712.0,1610468.3,0,0
8,CASH_OUT,52320.81,C102913385,189.0,0.0,C2052619908,0.0,52320.81,0,0
8,CASH_OUT,257236.27,C1262854544,139.0,0.0,C1638556416,502911.06,335656.26,0,0
8,CASH_OUT,295589.45,C1547134278,21678.0,0.0,C2104165942,117465.8,331061.49,0,0
8,CASH_OUT,115648.41,C1768472889,31790.0,0.0,C612216079,1282.0,104602.27,0,0
8,TRANSFER,222611.17,C1807590375,21090.0,0.0,C676931970,0.0,146457.68,0,0
8,CASH_OUT,116701.45,C1638682473,21476.0,0.0,C1804631788,85967.0,22266.06,0,0
8,CASH_OUT,31063.29,C2071816647,10691.0,0.0,C1553217607,20566.24,812216.2,0,0
8,TRANSFER,240636.86,C1831332014,14633.0,0.0,C1289493889,0.0,1734515.95,0,0
8,CASH_OUT,54376.87,C1177995246,142.0,0.0,C1227659410,0.0,54376.87,0,0
8,CASH_OUT,377850.83,C1183628940,14219.73,0.0,C232812328,825636.1,2096642.77,0,0
8,CASH_OUT,128780.31,C1475580416,5093.0,0.0,C1440282299,253940.11,878239.73,0,0
8,CASH_OUT,214411.1,C2113675145,118469.0,0.0,C2046578329,143840.85,156065.37,0,0
8,CASH_OUT,123195.9,C1631912209,342.0,0.0,C254784037,0.0,39033.94,0,0
8,CASH_OUT,356586.47,C1623944432,229235.81,0.0,C1545688642,0.0,77114.12,0,0
8,TRANSFER,1366314.05,C1171058411,0.0,0.0,C968448640,1518900.26,3438487.71,0,0
8,CASH_OUT,2990.97,C212535997,11988.0,8997.03,C596966098,0.0,2990.97,0,0
8,CASH_OUT,374471.07,C1309160568,138003.57,0.0,C1059781259,13504548.94,13649019.57,0,0
8,TRANSFER,942958.79,C484198155,80279.0,0.0,C26334874,25462.27,2068039.37,0,0
8,CASH_OUT,253016.43,C1389988979,389563.5,136547.07,C1533182537,390490.42,80452.71,0,0
8,CASH_OUT,199799.5,C472510449,7418.0,0.0,C854056805,0.0,54536.27,0,0
8,CASH_OUT,162591.6,C1158266436,883.0,0.0,C985702370,12038.16,174629.76,0,0
8,CASH_OUT,147752.71,C378308467,13813.0,0.0,C497806226,237009.16,173333.3,0,0
8,TRANSFER,63862.66,C1315651677,25125.0,0.0,C1805037453,741919.7,805782.36,0,0
8,CASH_OUT,118964.56,C1927453757,584.0,0.0,C912252532,110365.64,318681.9,0,0
8,TRANSFER,895936.96,C156661163,9141.0,0.0,C1695946783,0.0,1014751.42,0,0
8,CASH_OUT,393.99,C397646274,231.0,0.0,C332391051,6253.0,6647.0,0,0
8,CASH_OUT,162664.33,C2121036131,147557.28,0.0,C65197494,111327.0,732054.05,0,0
8,CASH_OUT,340242.65,C1263724297,419068.0,78825.35,C849689177,183222.49,624094.23,0,0
8,CASH_OUT,195113.8,C188192111,241648.0,46534.2,C1570845844,72185.8,0.0,0,0
8,CASH_OUT,217822.55,C1112542589,420.0,0.0,C1320217924,4660.31,2988080.45,0,0
8,TRANSFER,858733.8,C691851752,1220989.75,362255.94,C1092318644,1422850.48,2525331.77,0,0
8,TRANSFER,274777.08,C1808075351,362255.94,87478.86,C214774813,21430189.08,22638306.95,0,0
8,TRANSFER,1065231.64,C1393074562,87478.86,0.0,C665576141,9253423.14,14786300.22,0,0
8,TRANSFER,469683.7,C831701583,0.0,0.0,C2116802101,520290.34,1187770.16,0,0
8,TRANSFER,2701250.65,C2129589764,0.0,0.0,C2083562754,15331147.47,18123750.85,0,0
8,TRANSFER,458089.67,C1035656252,0.0,0.0,C1354952534,1222578.02,1868994.9,0,0
8,TRANSFER,659845.57,C724074168,0.0,0.0,C34231099,1117885.86,0.0,0,0
8,TRANSFER,97139.63,C210714920,0.0,0.0,C1730752455,2265361.95,5008592.32,0,0
8,TRANSFER,73653.29,C98093163,0.0,0.0,C1247600089,5076206.86,6965916.76,0,0
8,TRANSFER,1206510.91,C1860743120,0.0,0.0,C97730845,17849593.98,23005385.41,0,0
8,TRANSFER,484115.11,C106807563,0.0,0.0,C1298177219,632023.44,1618631.97,0,0
8,TRANSFER,806632.21,C1890404073,0.0,0.0,C312537393,1344372.86,4810603.67,0,0
8,TRANSFER,227330.15,C871711495,0.0,0.0,C566698125,882211.24,2281735.27,0,0
8,TRANSFER,282684.47,C407432326,0.0,0.0,C1089177065,1476688.47,1076036.85,0,0
8,TRANSFER,154304.87,C1895117597,0.0,0.0,C1058634310,1554165.24,3071176.4,0,0
8,TRANSFER,1107289.39,C1786096100,0.0,0.0,C1394526584,4047471.72,5038256.49,0,0
8,CASH_OUT,90106.77,C842781281,204.0,0.0,C404294128,14095.02,104201.78,0,0
8,CASH_OUT,86464.17,C881073052,912529.65,826065.48,C2036762590,523748.12,987490.04,0,0
8,CASH_OUT,535686.25,C1480622007,826065.48,290379.23,C1023714065,5053718.27,8398562.84,0,0
8,TRANSFER,298928.98,C1295927235,63748.0,0.0,C1076496284,0.0,0.0,0,0
8,CASH_OUT,162864.26,C60083020,49.0,0.0,C123428105,14901.15,0.0,0,0
8,CASH_OUT,124512.61,C1417232349,7843.0,0.0,C2082499348,0.0,54400.41,0,0
8,CASH_OUT,286417.98,C1905410229,51719.0,0.0,C296121376,0.0,156760.78,0,0
8,TRANSFER,314175.12,C148003513,127.0,0.0,C84277455,80615.0,148564.66,0,0
8,TRANSFER,1049477.48,C357043113,129653.78,0.0,C556281798,5035.0,3058525.01,0,0
8,TRANSFER,1230469.89,C979683223,376209.25,0.0,C1379031360,2212988.83,4200399.97,0,0
8,TRANSFER,3778558.18,C1971377869,0.0,0.0,C1220897602,5145373.87,10388904.22,0,0
8,TRANSFER,593429.14,C1540595495,0.0,0.0,C214774813,21704966.16,22638306.95,0,0
8,TRANSFER,42519.68,C1951909214,0.0,0.0,C447691425,4737475.89,6795453.82,0,0
8,TRANSFER,994361.71,C1754528828,0.0,0.0,C1031639563,4176722.03,5739012.22,0,0
8,TRANSFER,328296.77,C458651997,0.0,0.0,C1823908748,1333446.6,0.0,0,0
8,TRANSFER,390028.82,C1555818423,0.0,0.0,C1398530689,659032.77,1367406.0,0,0
8,TRANSFER,554324.84,C378315851,0.0,0.0,C1023714065,5589404.52,8398562.84,0,0
8,TRANSFER,75428.26,C1628031162,0.0,0.0,C1149788645,153981.26,79915.4,0,0
8,TRANSFER,1163678.56,C1237178711,0.0,0.0,C716083600,6322038.82,7382990.5,0,0
8,TRANSFER,74971.37,C1253579144,0.0,0.0,C1834992330,115788.87,0.0,0,0
8,TRANSFER,718576.55,C962937448,0.0,0.0,C405881980,1385412.86,3078509.79,0,0
8,CASH_OUT,258695.45,C992489195,204002.0,0.0,C788934076,0.0,433934.56,0,0
8,CASH_OUT,133288.85,C1541651275,6637.0,0.0,C2127132683,27965.11,111132.52,0,0
8,CASH_OUT,242229.48,C794099763,712598.84,470369.35,C188246551,3090183.87,3439878.27,0,0
8,TRANSFER,768849.0,C938535723,323976.0,0.0,C562195832,100262.0,1238112.15,0,0
8,CASH_OUT,31522.37,C1969963594,30963.0,0.0,C1561784955,2408515.75,3830814.23,0,0
8,CASH_OUT,213778.89,C1752025314,11083.0,0.0,C1100767002,40059.54,253838.43,0,0
8,TRANSFER,1586484.81,C332288410,50886.0,0.0,C489712935,0.0,3463421.36,0,0
8,TRANSFER,699795.73,C2123891964,28711.0,0.0,C1978980520,0.0,426082.16,0,0
8,CASH_OUT,132782.24,C1873457853,98621.03,0.0,C872592585,1810540.38,2265853.97,0,0
8,TRANSFER,765516.34,C739818809,67872.15,0.0,C1833467691,0.0,1329152.12,0,0
8,CASH_OUT,229699.79,C1948675163,7091.0,0.0,C307531674,0.0,41179.26,0,0
8,TRANSFER,3226610.92,C610880473,932.0,0.0,C386312539,16717.0,4173293.65,0,0
8,TRANSFER,741978.51,C1550085941,48890.0,0.0,C1898859288,61242.71,896323.73,0,0
8,TRANSFER,1487617.11,C1189382831,61025.0,0.0,C966704622,25561.0,1261174.02,0,0
8,CASH_OUT,127430.93,C1538487585,6709.83,0.0,C891020651,3778502.82,5812262.37,0,0
8,CASH_OUT,298403.06,C1094479526,93671.0,0.0,C848064357,0.0,608737.04,0,0
8,CASH_OUT,70028.59,C630024344,8627.0,0.0,C353318520,0.0,70028.59,0,0
8,TRANSFER,1483910.06,C224442112,255323.87,0.0,C257999182,8711392.78,14960679.69,0,0
8,TRANSFER,521189.28,C2134524652,0.0,0.0,C2073764942,935489.34,2388433.48,0,0
8,TRANSFER,1622091.52,C77544560,0.0,0.0,C1793325972,1775920.57,6311356.92,0,0
8,TRANSFER,275623.38,C769961724,0.0,0.0,C1698593276,539752.85,1191888.4,0,0
8,TRANSFER,308600.64,C632607991,0.0,0.0,C957388291,582047.87,854165.83,0,0
8,TRANSFER,413941.57,C146071439,0.0,0.0,C1191985342,439628.53,1276447.09,0,0
8,TRANSFER,90632.63,C1966415445,0.0,0.0,C1877059833,914326.36,0.0,0,0
8,TRANSFER,379349.59,C2100223297,0.0,0.0,C705321061,564659.56,1306261.5,0,0
8,TRANSFER,508943.57,C2126425471,0.0,0.0,C1577420620,750293.94,1346843.05,0,0
8,TRANSFER,608556.18,C1347968384,0.0,0.0,C1477641326,726631.76,1614315.76,0,0
8,TRANSFER,173438.94,C230827624,0.0,0.0,C306206744,9631679.88,9637803.63,0,0
8,TRANSFER,736539.7,C101529156,0.0,0.0,C54142591,865287.97,6085383.25,0,0
8,TRANSFER,566685.65,C231978671,0.0,0.0,C1838584624,11480164.17,11889776.25,0,0
8,TRANSFER,121217.55,C536174280,0.0,0.0,C503195940,228783.05,614329.95,0,0
8,TRANSFER,63410.23,C51960376,0.0,0.0,C1734719138,1133181.89,1132227.39,0,0
8,TRANSFER,253349.13,C1825071881,0.0,0.0,C1161865950,1653038.87,2076683.64,0,0
8,TRANSFER,434937.1,C2084493041,0.0,0.0,C194746285,612455.83,1404489.37,0,0
8,TRANSFER,155027.35,C1225311392,0.0,0.0,C1725025770,309040.19,0.0,0,0
8,TRANSFER,131948.95,C209985187,0.0,0.0,C65197494,273991.33,732054.05,0,0
8,TRANSFER,12029.85,C603710481,0.0,0.0,C459172227,2301973.04,2591462.11,0,0
8,TRANSFER,2626.78,C704128961,0.0,0.0,C1150043970,271189.65,123050.78,0,0
8,TRANSFER,262330.32,C651873178,0.0,0.0,C686592713,1822208.63,1989877.01,0,0
8,TRANSFER,317394.94,C176666852,0.0,0.0,C2109470512,1603782.28,6787849.45,0,0
8,TRANSFER,1879555.48,C1981812425,11303.0,0.0,C1647809929,0.0,881217.38,0,0
8,TRANSFER,3052190.88,C1339334154,572712.65,0.0,C481402298,4708569.12,8144736.91,0,0
8,CASH_OUT,442040.43,C501525527,196.0,0.0,C184253187,7230135.31,10206620.58,0,0
8,CASH_OUT,141811.83,C1289432205,20848.0,0.0,C285527187,1277163.88,1728663.24,0,0
8,TRANSFER,193879.67,C201467172,922294.03,728414.36,C557030255,76502.12,0.0,0,0
8,CASH_OUT,73119.62,C1928164731,44596.0,0.0,C2107935820,72392.0,437957.17,0,0
8,TRANSFER,1828065.52,C44809310,21106.0,0.0,C1657769946,0.0,1521417.19,0,0
8,CASH_OUT,318169.38,C1830849714,50974.0,0.0,C266912553,6486.0,2580927.41,0,0
8,TRANSFER,252535.04,C374024758,161702.0,0.0,C1905079199,180.0,473786.79,0,0
8,CASH_OUT,118146.98,C640404306,64039.77,0.0,C906718881,1355.6,137466.79,0,0
8,TRANSFER,699551.62,C1711238190,0.0,0.0,C257999182,10195302.85,14960679.69,0,0
8,CASH_OUT,194037.46,C1834649024,20373.0,0.0,C1302931951,1002378.59,1740418.55,0,0
8,CASH_OUT,246746.64,C1946027124,21656.0,0.0,C1150575867,43782.93,752999.34,0,0
8,CASH_OUT,54664.53,C2085948740,11630.0,0.0,C193864812,156494.99,461760.23,0,0
8,CASH_OUT,117954.28,C2139847454,9243.0,0.0,C1374063565,0.0,542692.36,0,0
8,TRANSFER,441973.61,C1989854031,80368.06,0.0,C235386075,0.0,880834.84,0,0
8,TRANSFER,608675.2,C3535733,0.0,0.0,C470217116,2461237.13,6821434.41,0,0
8,TRANSFER,540720.02,C1305043057,0.0,0.0,C657255537,1067753.76,2036309.01,0,0
8,TRANSFER,2573238.46,C240810438,0.0,0.0,C2009378486,7701973.86,10412766.11,0,0
8,TRANSFER,982106.14,C779768825,0.0,0.0,C93166806,1853853.21,2226811.03,0,0
8,TRANSFER,2423847.73,C33268504,0.0,0.0,C1883840933,22531390.35,25330272.63,0,0
8,TRANSFER,651853.45,C121078206,0.0,0.0,C634440506,884945.07,2310987.68,0,0
8,TRANSFER,40834.96,C1526619351,0.0,0.0,C306206744,9805118.82,9637803.63,0,0
8,TRANSFER,234177.28,C652683754,0.0,0.0,C2072030256,1927083.77,0.0,0,0
8,TRANSFER,751977.11,C2061024589,0.0,0.0,C1286084959,11016705.53,12959765.0,0,0
8,TRANSFER,903451.6,C1096415705,0.0,0.0,C638590716,2190857.28,4592962.92,0,0
8,TRANSFER,422226.08,C1230190636,105584.0,0.0,C1335946878,685883.6,3529395.92,0,0
8,CASH_OUT,71464.77,C1715072456,104516.0,33051.23,C1619402333,5739466.05,5810930.82,0,0
8,CASH_OUT,195613.58,C664644680,45547.08,0.0,C478124129,385417.88,2978988.84,0,0
8,TRANSFER,353877.69,C688175941,429.0,0.0,C1298314970,0.0,300641.87,0,0
8,CASH_OUT,166400.49,C1920827643,340797.0,174396.51,C1948558238,50064.51,11604362.04,0,0
8,CASH_OUT,6277.15,C2061281899,10929.0,4651.85,C1248712846,259831.89,1788431.11,0,0
8,CASH_OUT,249501.79,C529642445,4651.85,0.0,C2034460325,1051418.74,1365895.03,0,0
8,CASH_OUT,142001.2,C2110547533,424.0,0.0,C114720259,0.0,0.0,0,0
8,CASH_OUT,102468.21,C1013835074,0.0,0.0,C1360913629,2065.61,7313.81,0,0
8,CASH_OUT,9410.48,C1064034701,20969.0,11558.52,C945960989,0.0,8540.2,0,0
8,CASH_OUT,109266.15,C577634301,10709.0,0.0,C175382361,1359.0,338541.28,0,0
8,TRANSFER,946674.15,C2073458110,9080.0,0.0,C666410506,0.0,1489396.19,0,0
8,TRANSFER,1529210.78,C1651298572,21588.23,0.0,C657255537,1608473.78,2036309.01,0,0
8,CASH_OUT,352627.37,C463844008,32097.0,0.0,C921866695,166995.99,549385.07,0,0
8,TRANSFER,843578.7,C1537645001,0.0,0.0,C627675433,1121462.97,5189726.17,0,0
8,CASH_OUT,274476.87,C180032659,333965.9,59489.03,C36856762,523677.12,998622.3,0,0
8,CASH_OUT,178582.85,C648549606,5052.0,0.0,C499085946,0.0,178582.85,0,0
8,CASH_OUT,40143.28,C1129975378,61234.0,21090.72,C1242586395,0.0,58532.57,0,0
8,TRANSFER,750270.52,C1002417864,957.41,0.0,C1778801068,11420324.34,11835842.92,0,0
8,TRANSFER,1903560.15,C1833341934,0.0,0.0,C1570256460,6380456.2,9281535.44,0,0
8,TRANSFER,2446562.05,C1963167586,0.0,0.0,C423580937,10235447.92,12682009.97,0,0
8,TRANSFER,1013465.94,C834360914,0.0,0.0,C802982068,3575450.34,4385227.45,0,0
8,TRANSFER,1043640.34,C2008311619,0.0,0.0,C97730845,19056104.88,23005385.41,0,0
8,TRANSFER,786498.55,C783569848,0.0,0.0,C1754722089,1420277.87,3719715.07,0,0
8,TRANSFER,1241054.54,C1193648531,0.0,0.0,C1787868648,9799191.95,15128076.87,0,0
8,TRANSFER,639690.89,C742876899,0.0,0.0,C131837504,789040.44,2355805.28,0,0
8,TRANSFER,624430.94,C2015203927,0.0,0.0,C1379031360,3443458.72,4200399.97,0,0
8,TRANSFER,132806.92,C1949841279,0.0,0.0,C1116292004,264247.15,105803.76,0,0
8,TRANSFER,423012.65,C511392082,0.0,0.0,C1034584766,4689467.27,7164410.37,0,0
8,TRANSFER,183276.4,C152839168,0.0,0.0,C1937294500,348086.44,893126.62,0,0
8,TRANSFER,479573.43,C495423582,0.0,0.0,C1674899618,11657768.05,12588180.96,0,0
8,TRANSFER,371136.86,C674352990,0.0,0.0,C732929122,1958581.97,2221293.55,0,0
8,TRANSFER,434681.8,C1875362467,0.0,0.0,C1354725727,4314011.05,4529886.44,0,0
8,TRANSFER,1160212.92,C127125375,0.0,0.0,C374625527,2805485.03,5175906.61,0,0
8,TRANSFER,639179.99,C641184435,0.0,0.0,C265845794,755285.07,3060592.01,0,0
8,TRANSFER,37373.12,C5947924,0.0,0.0,C456538529,250045.25,686343.83,0,0
8,TRANSFER,24534.09,C1364839014,0.0,0.0,C1805683209,6086361.15,7428081.5,0,0
8,TRANSFER,69638.46,C1223182093,0.0,0.0,C1046160944,136069.74,492911.57,0,0
8,TRANSFER,228289.36,C1406260873,0.0,0.0,C1046102247,877693.25,1694020.5,0,0
8,TRANSFER,157991.96,C88994949,0.0,0.0,C63475121,200347.57,519853.57,0,0
8,TRANSFER,532334.44,C441980080,0.0,0.0,C977993101,2945040.83,3373302.83,0,0
8,TRANSFER,1407147.4,C268630233,0.0,0.0,C2078250226,1459455.63,4572011.3,0,0
8,TRANSFER,395113.7,C466950667,2631618.52,2236504.82,C2127862399,560475.78,1388195.29,0,0
8,TRANSFER,987748.59,C2142823008,70692.0,0.0,C1566158153,10178.87,3470699.47,0,0
8,CASH_OUT,407323.98,C2136823263,101720.0,0.0,C549277650,0.0,451133.63,0,0
8,TRANSFER,944361.1,C593325676,956.0,0.0,C294252921,150488.0,789634.89,0,0
8,CASH_OUT,111172.2,C1635773019,1387968.68,1276796.48,C507538622,45838.17,1235736.09,0,0
8,TRANSFER,359004.99,C653316892,31323.0,0.0,C1997859171,62972.23,300656.87,0,0
8,TRANSFER,575352.62,C1475807817,11205.0,0.0,C1034382650,74957.68,281410.24,0,0
8,CASH_OUT,385148.8,C1909699360,1336.0,0.0,C1979563377,0.0,385148.8,0,0
8,CASH_OUT,261086.42,C1187099057,5950.0,0.0,C281656657,20549.94,0.0,0,0
8,CASH_OUT,127963.57,C762951853,5765.98,0.0,C256902273,219753.2,468727.5,0,0
8,CASH_OUT,266362.81,C90842352,0.0,0.0,C1406749291,764040.06,1357168.27,0,0
8,CASH_OUT,227733.64,C1496411722,214779.0,0.0,C1495761010,1802612.96,1969176.6,0,0
8,CASH_OUT,122924.66,C627157722,29697.13,0.0,C1111747867,0.0,0.0,0,0
8,TRANSFER,2075434.73,C423955773,0.0,0.0,C1609562230,8834742.78,11087190.62,0,0
8,CASH_OUT,259790.03,C1699968959,10095.87,0.0,C1060563153,417353.52,844861.56,0,0
8,CASH_OUT,372132.02,C503242084,7509.0,0.0,C1517552713,0.0,502158.84,0,0
8,CASH_OUT,24963.4,C1145389216,584435.13,559471.73,C1249175309,56085.0,0.0,0,0
8,TRANSFER,1382905.17,C279046102,50418.0,0.0,C449775363,49720.0,2052695.2,0,0
8,TRANSFER,2050255.88,C1228285628,225836.0,0.0,C1459757869,1076796.81,4042386.17,0,0
8,CASH_OUT,566730.45,C1970460851,10771.0,0.0,C687292566,3077.0,175904.36,0,0
8,CASH_OUT,217662.41,C1698572614,156665.74,0.0,C1675401022,10783.0,16076.58,0,0
8,CASH_OUT,419192.88,C1774952911,551.0,0.0,C1493513506,0.0,1642701.33,0,0
8,CASH_OUT,180497.07,C145333906,489270.26,308773.19,C1725025770,73430.79,0.0,0,0
8,TRANSFER,2026027.14,C1883021296,308773.19,0.0,C170899621,8642956.02,10464208.87,0,0
8,CASH_OUT,438803.36,C290241732,105044.62,0.0,C295081230,572801.56,1679841.2,0,0
8,CASH_OUT,12553.4,C212244081,71344.0,58790.6,C954225330,0.0,925.49,0,0
8,CASH_OUT,228878.91,C684246042,1564107.71,1335228.79,C1271835801,0.0,2432075.54,0,0
8,CASH_OUT,144161.37,C1677415253,11294.0,0.0,C1777285191,595383.0,122017.44,0,0
8,CASH_OUT,116476.08,C745675701,572940.93,456464.85,C1760872167,2020027.49,2114173.93,0,0
8,CASH_OUT,56656.62,C1010575630,456464.85,399808.23,C515132998,2603081.6,4460317.7,0,0
8,CASH_OUT,781796.89,C829508329,399808.23,0.0,C2078250226,2866603.03,4572011.3,0,0
8,CASH_OUT,134119.83,C842459324,0.0,0.0,C2016282692,208012.24,34092.53,0,0
8,CASH_OUT,179499.25,C237368060,0.0,0.0,C1805445027,389524.82,0.0,0,0
8,CASH_OUT,113943.55,C1393348207,0.0,0.0,C1046102247,1105982.61,1694020.5,0,0
8,CASH_OUT,64481.52,C1754394853,0.0,0.0,C1659797072,365064.38,0.0,0,0
8,CASH_OUT,237566.32,C1835501123,0.0,0.0,C1022680775,979051.13,1070858.6,0,0
8,CASH_OUT,383000.59,C1282685697,0.0,0.0,C2025644484,813167.94,1364270.97,0,0
8,CASH_OUT,312087.48,C2042559318,0.0,0.0,C611621587,2836212.5,4336721.33,0,0
8,CASH_OUT,117176.69,C508504668,0.0,0.0,C361268035,172533.36,285264.22,0,0
8,CASH_OUT,147501.55,C1338761800,0.0,0.0,C970612443,174083.92,170309.52,0,0
8,CASH_OUT,134534.84,C579495043,0.0,0.0,C1896985362,140315.12,470187.33,0,0
8,CASH_OUT,121335.23,C752897999,0.0,0.0,C1983747920,3798293.54,3578328.97,0,0
8,CASH_OUT,169606.77,C1268424133,0.0,0.0,C2070626006,219924.02,0.0,0,0
8,CASH_OUT,69569.08,C1540616028,0.0,0.0,C1407083386,212624.0,1013969.68,0,0
8,CASH_OUT,86497.53,C705439449,0.0,0.0,C1983747920,3919628.77,3578328.97,0,0
8,CASH_OUT,9204.14,C79469152,0.0,0.0,C1139794020,149748.87,225926.33,0,0
8,CASH_OUT,121487.04,C458705799,0.0,0.0,C1095587424,738380.25,1261611.22,0,0
8,TRANSFER,779992.88,C1441706097,5074.0,0.0,C346008447,0.0,1248456.29,0,0
8,CASH_OUT,262012.78,C1955832041,7819.43,0.0,C1248712846,266109.04,1788431.11,0,0
8,CASH_OUT,65097.15,C1718133716,271349.16,206252.01,C330624590,0.0,65097.15,0,0
8,TRANSFER,1470566.5,C261477144,206252.01,0.0,C691636444,1502328.98,4439070.28,0,0
8,CASH_OUT,203828.49,C528999952,219.0,0.0,C573200870,178247.55,560396.95,0,0
8,CASH_OUT,161956.06,C385990201,20436.0,0.0,C1407083386,282193.08,1013969.68,0,0
8,TRANSFER,2102405.82,C1932791660,85644.11,0.0,C392292416,4484504.9,6564973.2,0,0
8,TRANSFER,1007308.16,C831864714,44217.0,0.0,C266912553,324655.38,2580927.41,0,0
8,CASH_OUT,17703.17,C1657165581,50183.0,32479.83,C1247051677,948868.0,1681737.84,0,0
8,CASH_OUT,375262.87,C756008943,6043.0,0.0,C824009085,0.0,120565.89,0,0
8,CASH_OUT,57196.93,C1602887421,12436.0,0.0,C1700852615,159336.54,88097.82,0,0
8,CASH_OUT,18105.49,C1028826751,90671.0,72565.51,C2011184385,41317.0,0.0,0,0
8,CASH_OUT,94679.84,C494287282,20579.0,0.0,C194988831,25730.0,244919.41,0,0
8,TRANSFER,924126.07,C1247903845,14439.0,0.0,C874023329,825419.05,3539577.27,0,0
8,TRANSFER,1164391.46,C1766483097,513.0,0.0,C593596322,0.0,990306.21,0,0
8,CASH_OUT,260582.77,C804168573,149181.0,0.0,C1725775569,1432.0,983990.12,0,0
8,CASH_OUT,40137.59,C915551491,34221.0,0.0,C1435804085,235369.94,1501855.54,0,0
8,CASH_OUT,32432.62,C841394927,971.0,0.0,C982547576,156266.21,754095.34,0,0
8,CASH_OUT,116386.6,C411717250,199134.05,82747.45,C1075238398,259419.98,683602.27,0,0
8,TRANSFER,67888.47,C536669870,1739.0,0.0,C1257952957,0.0,9437.78,0,0
8,TRANSFER,723427.73,C2084990964,274.0,0.0,C1590351968,22287.0,692990.35,0,0
8,TRANSFER,286751.61,C70739788,19980.0,0.0,C1921483039,0.0,1303166.51,0,0
8,CASH_OUT,82166.28,C253392748,49820.71,0.0,C43924520,47958.66,176832.32,0,0
8,CASH_OUT,176885.62,C816344260,0.0,0.0,C1128238842,2646002.45,2487668.34,0,0
8,CASH_OUT,49469.44,C642142699,41510.0,0.0,C266418454,74855.48,262948.58,0,0
8,CASH_OUT,307567.75,C2088261132,12059.0,0.0,C523154252,133146.0,281979.73,0,0
8,CASH_OUT,435075.93,C1056790461,59422.49,0.0,C748014372,4778477.13,5263349.98,0,0
8,CASH_OUT,79746.06,C1092607594,126.0,0.0,C369851597,0.0,79746.06,0,0
8,CASH_OUT,53770.22,C353053003,46485.0,0.0,C843774579,938885.42,899588.81,0,0
8,TRANSFER,689357.54,C833269795,510165.0,0.0,C1390121014,151947.25,914190.45,0,0
8,CASH_OUT,180151.91,C952721591,20197.0,0.0,C367746789,1318211.45,2133868.99,0,0
8,CASH_OUT,22120.22,C37721095,1090555.01,1068434.79,C1251935072,0.0,0.0,0,0
8,CASH_OUT,509467.36,C1356224098,1068434.79,558967.43,C1671386208,3023088.95,6214174.81,0,0
8,TRANSFER,2078426.24,C1142810111,472304.49,0.0,C1247600089,5149860.15,6965916.76,0,0
8,TRANSFER,1612531.52,C108006131,0.0,0.0,C875917495,2485417.3,6097795.83,0,0
8,CASH_OUT,187707.59,C527790221,10373.0,0.0,C1629687658,0.0,187707.59,0,0
8,CASH_OUT,315617.99,C708407479,5085.0,0.0,C1772085663,167110.79,188971.33,0,0
8,CASH_OUT,236367.4,C27281938,0.0,0.0,C1870237274,377445.23,1180032.06,0,0
8,CASH_OUT,202588.76,C117571399,0.0,0.0,C296121376,286417.98,156760.78,0,0
8,CASH_OUT,92583.55,C860096050,0.0,0.0,C2040603986,1073158.47,1930179.38,0,0
8,CASH_OUT,179049.82,C1385788453,0.0,0.0,C294900736,296043.66,384446.11,0,0
8,CASH_OUT,513688.59,C1365923006,0.0,0.0,C1870237274,613812.63,1180032.06,0,0
8,CASH_OUT,128971.77,C1494835731,0.0,0.0,C634440506,1536798.53,2310987.68,0,0
8,CASH_OUT,456775.68,C1249876628,0.0,0.0,C345603257,7280348.76,9917629.77,0,0
8,CASH_OUT,153511.18,C1407117218,0.0,0.0,C1076835071,962554.3,2161457.75,0,0
8,CASH_OUT,134408.62,C1343391427,0.0,0.0,C1023714065,6143729.36,8398562.84,0,0
8,CASH_OUT,128748.02,C1107918632,0.0,0.0,C1805683209,5730531.2,7428081.5,0,0
8,CASH_OUT,280053.29,C1955915463,0.0,0.0,C214974969,345745.91,310740.2,0,0
8,CASH_OUT,12388.3,C1356069888,0.0,0.0,C1515704208,14747846.41,15505523.11,0,0
8,CASH_OUT,187430.82,C338910279,0.0,0.0,C444613285,710212.04,1025383.76,0,0
8,CASH_OUT,14511.03,C499814870,0.0,0.0,C451433836,19535.85,0.0,0,0
8,CASH_OUT,262750.37,C1320939126,0.0,0.0,C1414763289,598105.48,434053.18,0,0
8,CASH_OUT,391094.9,C29833309,0.0,0.0,C476182975,1667280.73,3671968.73,0,0
8,CASH_OUT,125959.44,C261659974,0.0,0.0,C1421496184,241107.1,29165.18,0,0
8,CASH_OUT,59408.82,C1184233794,0.0,0.0,C1242584406,146459.11,203751.7,0,0
8,CASH_OUT,21800.7,C1464625080,0.0,0.0,C187019413,72085.7,384209.88,0,0
8,CASH_OUT,16964.03,C1878112476,0.0,0.0,C268402121,100779.0,1955672.96,0,0
8,CASH_OUT,92587.95,C608729801,0.0,0.0,C503195940,350000.61,614329.95,0,0
8,CASH_OUT,394048.57,C1308543211,0.0,0.0,C46748390,1856275.55,2090579.27,0,0
8,CASH_OUT,43927.84,C2042300235,0.0,0.0,C1907159141,1018682.09,2541785.35,0,0
8,CASH_OUT,123311.8,C468613112,0.0,0.0,C1305075214,177017.5,519020.08,0,0
8,CASH_OUT,94799.56,C2081933438,0.0,0.0,C885136436,110812.15,376471.99,0,0
8,CASH_OUT,318968.24,C1201012359,0.0,0.0,C1196694338,362880.37,212911.64,0,0
8,CASH_OUT,382370.48,C1714763873,0.0,0.0,C2127862399,955589.48,1388195.29,0,0
8,CASH_OUT,340581.72,C244105960,0.0,0.0,C1406749291,1030402.87,1357168.27,0,0
8,CASH_OUT,11054.18,C1285205887,0.0,0.0,C725215101,55893.3,27536.21,0,0
8,CASH_OUT,169200.53,C613613997,0.0,0.0,C1282745381,203658.47,343807.88,0,0
8,CASH_OUT,284972.91,C1797964654,0.0,0.0,C2011996123,5968847.37,9264344.9,0,0
8,CASH_OUT,125892.11,C64608097,0.0,0.0,C1308497108,338763.39,781219.89,0,0
8,CASH_OUT,208016.35,C446783794,0.0,0.0,C1734719138,946138.08,1132227.39,0,0
8,CASH_OUT,16268.98,C646153634,0.0,0.0,C918485243,88153.3,104422.28,0,0
8,CASH_OUT,287583.08,C462357423,0.0,0.0,C712956349,842968.57,1586820.55,0,0
8,CASH_OUT,165003.64,C1444986208,0.0,0.0,C2059996587,1051693.2,1216696.84,0,0
8,CASH_OUT,156721.99,C1192885863,0.0,0.0,C478793413,215476.78,121644.41,0,0
8,CASH_OUT,133536.39,C2106445235,0.0,0.0,C1277694634,291549.26,425085.65,0,0
8,CASH_OUT,288752.87,C511454166,0.0,0.0,C599968109,353869.04,1235102.24,0,0
8,CASH_OUT,166641.31,C1298423492,0.0,0.0,C386312539,3243327.92,4173293.65,0,0
8,CASH_OUT,143733.34,C1158048713,0.0,0.0,C1034584766,5015719.41,7164410.37,0,0
8,CASH_OUT,228211.82,C1458951823,0.0,0.0,C294900736,475093.48,384446.11,0,0
8,CASH_OUT,52415.48,C690513180,0.0,0.0,C1459693562,65906.67,71863.87,0,0
8,CASH_OUT,128143.19,C1180015747,0.0,0.0,C323287038,1851112.66,2058343.75,0,0
8,CASH_OUT,217991.61,C813428643,0.0,0.0,C596299019,409518.92,644344.55,0,0
8,CASH_OUT,15894.55,C1220675213,0.0,0.0,C1538961175,76607.19,0.0,0,0
8,CASH_OUT,84675.82,C573086220,0.0,0.0,C1100439041,168705.77,419710.62,0,0
8,CASH_OUT,211460.74,C1215540046,0.0,0.0,C1435804085,275507.53,1501855.54,0,0
8,CASH_OUT,299618.71,C664421140,0.0,0.0,C746359178,600874.65,1793011.1,0,0
8,CASH_OUT,79386.11,C2142560004,0.0,0.0,C347696158,13677917.75,15639132.7,0,0
8,CASH_OUT,174485.69,C422232580,0.0,0.0,C1407083386,444149.14,1013969.68,0,0
8,CASH_OUT,65380.03,C1280713652,0.0,0.0,C1988852187,268265.52,2232864.41,0,0
8,CASH_OUT,161947.54,C958487497,0.0,0.0,C749672494,525965.63,1714037.69,0,0
8,TRANSFER,783104.02,C560760,2712294.2,1929190.19,C1867096421,21576.0,0.0,0,0
8,CASH_OUT,353330.11,C537132722,4251.0,0.0,C1059154409,0.0,273583.73,0,0
8,CASH_OUT,64161.25,C1360823659,20519.0,0.0,C476179877,4853.52,69014.77,0,0
8,CASH_OUT,129683.07,C826156189,105567.0,0.0,C664232848,0.0,546455.0,0,0
8,CASH_OUT,382451.68,C71096332,550.0,0.0,C1971344738,0.0,653994.87,0,0
8,TRANSFER,416070.32,C312019162,0.0,0.0,C718985478,1636789.87,2679057.37,0,0
8,TRANSFER,1083239.34,C1911595668,0.0,0.0,C1916720513,13110161.46,14711326.65,0,0
8,TRANSFER,254248.27,C929559777,0.0,0.0,C1485516154,10304117.04,11477233.99,0,0
8,TRANSFER,292530.6,C552702267,0.0,0.0,C836514715,1238328.65,2511051.14,0,0
8,TRANSFER,1415780.93,C2062844455,0.0,0.0,C2078745453,1631540.53,2675912.96,0,0
8,TRANSFER,301770.95,C249850863,0.0,0.0,C1459757869,3127052.69,4042386.17,0,0
8,TRANSFER,533838.16,C103564846,0.0,0.0,C593210287,1193934.29,2724575.25,0,0
8,TRANSFER,804183.26,C712533913,0.0,0.0,C492997256,918347.08,3791280.72,0,0
8,TRANSFER,304821.95,C1950559563,0.0,0.0,C1207946845,988071.24,1079004.45,0,0
8,TRANSFER,207184.39,C1498778431,0.0,0.0,C1340123681,564414.09,824371.62,0,0
8,TRANSFER,353266.82,C1034730253,0.0,0.0,C1833467691,765516.34,1329152.12,0,0
8,TRANSFER,1807693.91,C1417762702,0.0,0.0,C1060041730,13241292.16,16532032.16,0,0
8,TRANSFER,381426.56,C969212192,0.0,0.0,C713987035,918664.31,1284003.82,0,0
8,TRANSFER,539900.6,C1287420244,0.0,0.0,C1273939873,716367.33,1525464.32,0,0
8,TRANSFER,87552.95,C345036573,0.0,0.0,C1058634310,1708470.12,3071176.4,0,0
8,TRANSFER,431796.6,C1257492262,0.0,0.0,C1435804085,486968.26,1501855.54,0,0
8,TRANSFER,1108843.41,C1529744217,0.0,0.0,C2073764942,1456678.62,2388433.48,0,0
8,TRANSFER,340678.7,C1962389425,19967.0,0.0,C197353092,35831.0,467101.75,0,0
8,CASH_OUT,335039.43,C871909542,11150.25,0.0,C1954751748,464286.13,738409.98,0,0
8,CASH_OUT,182138.42,C197474302,34904.0,0.0,C2133732070,39766.0,1382579.26,0,0
8,CASH_OUT,304816.51,C1185536849,102083.0,0.0,C1575114306,0.0,307196.78,0,0
8,TRANSFER,1414721.47,C1790988341,7122.0,0.0,C1552859894,955116.73,3018034.04,0,0
8,CASH_OUT,286472.25,C1624973673,0.0,0.0,C1832580921,1817183.88,2003455.42,0,0
8,CASH_OUT,122325.58,C1398964439,41628.0,0.0,C280960713,4713.51,127039.09,0,0
8,TRANSFER,543198.1,C827846222,22428.0,0.0,C230816700,912.0,896779.61,0,0
8,CASH_OUT,114622.21,C103662278,0.0,0.0,C1869228744,1776120.95,2528711.98,0,0
8,CASH_OUT,106758.97,C1313676279,108.0,0.0,C1183572822,59578.61,309086.64,0,0
8,CASH_OUT,16729.08,C1792564224,0.0,0.0,C1568275166,35366.0,186509.01,0,0
8,CASH_OUT,7223.12,C637625947,258095.17,250872.05,C1654561111,0.0,7223.12,0,0
8,CASH_OUT,348474.74,C268943817,42109.29,0.0,C1529115495,469647.6,2956183.79,0,0
8,CASH_OUT,206364.55,C463091957,0.0,0.0,C329829198,4895757.17,5102121.72,0,0
8,CASH_OUT,170723.99,C516657913,725594.0,554870.01,C1039865382,289086.18,326496.58,0,0
8,TRANSFER,287583.58,C2516937,3366.0,0.0,C237988421,780926.83,1720474.04,0,0
8,CASH_OUT,420841.31,C908997298,0.0,0.0,C1529115495,818122.34,2956183.79,0,0
8,CASH_OUT,297756.73,C494310585,202.0,0.0,C414821585,0.0,743038.31,0,0
8,CASH_OUT,168942.37,C260740765,967.2,0.0,C1716895182,20866.0,0.0,0,0
8,CASH_OUT,213633.06,C1786326515,136768.0,0.0,C615829225,10154.0,0.0,0,0
8,CASH_OUT,217997.15,C1329387249,3864.87,0.0,C1804883318,229167.6,763820.95,0,0
8,CASH_OUT,540926.84,C1812560976,0.0,0.0,C367746789,1498363.35,2133868.99,0,0
8,TRANSFER,339412.5,C1940836679,1498.0,0.0,C1269605689,0.0,580828.11,0,0
8,CASH_OUT,115377.38,C2086967286,510.0,0.0,C2143268962,5323.49,0.0,0,0
8,TRANSFER,1236195.0,C1838714516,55906.0,0.0,C1930851375,2829.0,2422222.36,0,0
8,CASH_OUT,235759.5,C1062783345,0.0,0.0,C490150701,1925768.06,1983599.05,0,0
8,CASH_OUT,358309.15,C1695945484,1023.0,0.0,C1044472558,11365.0,362563.33,0,0
8,CASH_OUT,78396.63,C2102556018,1380094.67,1301698.04,C2014105033,0.0,78396.63,0,0
8,CASH_OUT,358239.94,C680105895,1301698.04,943458.1,C1276319779,410151.22,233780.87,0,0
8,CASH_OUT,315703.56,C1224955527,49569.0,0.0,C1321530272,37162.97,371188.02,0,0
8,CASH_OUT,46728.3,C385881241,1018.0,0.0,C1768641212,0.0,3922199.3,0,0
8,TRANSFER,547597.98,C34136829,0.0,0.0,C2040657244,246861.65,1780771.13,0,0
8,CASH_OUT,95194.97,C2015545626,16764.0,0.0,C1598412763,42422.0,0.0,0,0
8,CASH_OUT,49744.65,C1589051923,27093.0,0.0,C2087040347,22356.0,1437775.77,0,0
8,CASH_OUT,427965.94,C1378631801,1236.0,0.0,C1104197405,2097981.84,2532702.62,0,0
8,CASH_OUT,132779.91,C1874127441,1180.0,0.0,C757003004,22572.4,0.0,0,0
8,CASH_OUT,125716.49,C53662427,196619.15,70902.66,C985934102,7113268.43,8663416.6,0,0
8,CASH_OUT,77638.67,C1731594856,5022.0,0.0,C616563206,0.0,868375.21,0,0
8,TRANSFER,1366795.68,C670037872,0.0,0.0,C1727565779,2236504.82,7117684.54,0,0
8,TRANSFER,168576.17,C1747117837,60827.0,0.0,C207258326,0.0,554667.75,0,0
8,TRANSFER,830911.76,C2036328276,45842.24,0.0,C674913323,1407534.68,4984485.97,0,0
8,CASH_OUT,516651.02,C1398259417,2874.0,0.0,C361931733,292.91,496507.85,0,0
8,CASH_OUT,124084.7,C1071357625,291645.0,167560.3,C144931946,0.0,58626.28,0,0
8,CASH_OUT,70297.53,C34127049,104303.0,34005.47,C798170461,0.0,44565.86,0,0
8,CASH_OUT,58094.42,C1631966311,71445.54,13351.11,C193864812,211159.52,461760.23,0,0
8,CASH_OUT,193891.46,C971658950,18620.0,0.0,C1871196571,146277.27,916711.74,0,0
8,TRANSFER,213705.41,C2057845447,107310.0,0.0,C1553217607,51629.53,812216.2,0,0
8,TRANSFER,172180.16,C219086388,0.0,0.0,C1790202239,2315827.21,1592988.35,0,0
8,TRANSFER,1530181.35,C1341381776,12097.0,0.0,C1481851679,0.0,1379576.69,0,0
8,CASH_OUT,138905.88,C1824693685,5994.0,0.0,C465257140,988738.0,1761413.49,0,0
8,TRANSFER,473531.89,C612319389,59937.0,0.0,C1954824726,6295.81,469710.6,0,0
8,CASH_OUT,209531.8,C968945627,0.0,0.0,C1750956965,562032.13,2884719.28,0,0
8,TRANSFER,758362.61,C2053359215,504732.25,0.0,C1730964371,37265.66,4416336.25,0,0
8,CASH_OUT,63178.46,C1015655716,51287.0,0.0,C456538529,287418.37,686343.83,0,0
8,CASH_OUT,324663.8,C23258163,100469.0,0.0,C1195378184,62015.02,1613158.27,0,0
8,CASH_OUT,208876.83,C935744681,16140.0,0.0,C499052031,631261.66,61997.79,0,0
8,CASH_OUT,166891.25,C622955604,0.0,0.0,C1566158153,997927.46,3470699.47,0,0
8,CASH_OUT,151083.67,C549975877,0.0,0.0,C982547576,188698.84,754095.34,0,0
8,CASH_OUT,75018.82,C1812709667,22257.0,0.0,C1326121635,0.0,202020.02,0,0
8,CASH_OUT,15580.87,C1925953541,544110.1,528529.23,C724821526,356559.14,440324.4,0,0
8,CASH_OUT,201828.21,C1555998413,612.0,0.0,C671848738,0.0,445251.27,0,0
8,TRANSFER,303109.02,C967325055,45876.0,0.0,C1986006160,163622.0,343443.26,0,0
8,CASH_OUT,354164.07,C1444777219,11027.0,0.0,C2001120792,31905.0,1257854.82,0,0
8,TRANSFER,268204.29,C1471865492,0.0,0.0,C1171931309,30040.77,0.0,0,0
8,CASH_OUT,93988.16,C1528834040,0.0,0.0,C1289493889,240636.86,1734515.95,0,0
8,CASH_OUT,492879.8,C1204379540,146986.03,0.0,C801142660,11619671.46,16408480.12,0,0
8,TRANSFER,131638.56,C509891548,36290.0,0.0,C461905695,0.0,111804.11,0,0
8,CASH_OUT,15734.36,C1042381815,26768.0,11033.64,C2145867337,42471.3,353947.41,0,0
8,TRANSFER,824928.55,C427748467,20231.0,0.0,C1958390694,46294.5,0.0,0,0
8,CASH_OUT,292591.63,C2135321404,24777.0,0.0,C643658493,0.0,292591.63,0,0
8,CASH_OUT,381172.8,C1222140790,31156.0,0.0,C1953886321,0.0,699272.16,0,0
8,CASH_OUT,71673.93,C1461300993,3820.0,0.0,C69214838,44405.66,147784.85,0,0
8,CASH_OUT,222794.98,C1799317763,69686.35,0.0,C904383922,1434341.74,2065619.02,0,0
8,CASH_OUT,500146.82,C415444388,0.0,0.0,C266912553,1305313.79,2580927.41,0,0
8,CASH_OUT,697899.75,C270605726,0.0,0.0,C1889395764,14616087.88,15766279.1,0,0
8,CASH_OUT,427849.66,C1144889054,0.0,0.0,C1888439681,1013880.22,3476255.29,0,0
8,CASH_OUT,254191.79,C1423609899,0.0,0.0,C404279307,335512.45,157758.06,0,0
8,CASH_OUT,19318.58,C1433741593,0.0,0.0,C15445402,80594.0,1080241.33,0,0
8,CASH_OUT,321014.63,C1302336452,0.0,0.0,C439078113,1263689.54,1886598.11,0,0
8,CASH_OUT,109350.14,C1707323328,0.0,0.0,C403254166,300555.83,987888.66,0,0
8,CASH_OUT,239625.99,C1704472731,0.0,0.0,C1647754924,1251502.3,1563660.85,0,0
8,CASH_OUT,289480.57,C433709264,0.0,0.0,C191614132,586463.86,2122191.07,0,0
8,CASH_OUT,77542.39,C1412099612,0.0,0.0,C767866250,125187.73,202730.12,0,0
8,CASH_OUT,33848.09,C753919734,0.0,0.0,C756475678,54088.79,233193.32,0,0
8,CASH_OUT,217643.28,C139921176,0.0,0.0,C1700355047,589616.88,1455482.66,0,0
8,CASH_OUT,78569.18,C1583266210,0.0,0.0,C988705496,125255.21,654641.84,0,0
8,CASH_OUT,93405.06,C1569191547,0.0,0.0,C141458554,211982.04,276972.3,0,0
8,CASH_OUT,111728.82,C244085611,0.0,0.0,C1922859107,209838.16,744722.69,0,0
8,CASH_OUT,218492.29,C1045678693,0.0,0.0,C880566340,247307.0,419035.1,0,0
8,CASH_OUT,77596.64,C367785892,0.0,0.0,C1186819207,279087.3,933207.23,0,0
8,CASH_OUT,143634.1,C2008936268,0.0,0.0,C1615443145,420751.8,2907944.14,0,0
8,CASH_OUT,33810.17,C440917499,0.0,0.0,C15597197,63658.3,97468.47,0,0
8,CASH_OUT,37431.65,C988228660,0.0,0.0,C1197606915,951939.61,681876.36,0,0
8,CASH_OUT,138616.86,C1895541275,0.0,0.0,C1028574311,3846882.29,5141218.55,0,0
8,CASH_OUT,104721.17,C1755638983,0.0,0.0,C1065997164,2421746.7,2826797.81,0,0
8,CASH_OUT,138753.22,C1286102061,0.0,0.0,C566698125,1109541.39,2281735.27,0,0
8,CASH_OUT,432243.15,C1328373504,0.0,0.0,C746359178,900493.36,1793011.1,0,0
8,CASH_OUT,209644.6,C1647021964,0.0,0.0,C1247658278,607614.94,1133629.28,0,0
8,CASH_OUT,423772.69,C757499354,0.0,0.0,C58333888,2433125.88,4173485.4,0,0
8,CASH_OUT,132568.54,C593624423,0.0,0.0,C970612443,321585.48,170309.52,0,0
8,CASH_OUT,402831.63,C110195540,0.0,0.0,C1566158153,1164818.71,3470699.47,0,0
8,CASH_OUT,188887.05,C947440613,0.0,0.0,C157191672,310278.47,46712.13,0,0
8,CASH_OUT,157000.03,C560562533,0.0,0.0,C1408337297,338502.25,175365.88,0,0
8,CASH_OUT,35504.78,C231725802,0.0,0.0,C1136811657,121122.52,57238.59,0,0
8,CASH_OUT,253612.09,C4789204,0.0,0.0,C779119558,471543.59,3205.98,0,0
8,CASH_OUT,23045.99,C2115033051,0.0,0.0,C1553217607,265334.94,812216.2,0,0
8,CASH_OUT,234053.78,C329192405,0.0,0.0,C185353840,585530.09,1610015.74,0,0
8,CASH_OUT,122275.18,C1618252742,0.0,0.0,C305793941,424690.82,1276315.24,0,0
8,CASH_OUT,7314.27,C686554031,0.0,0.0,C1286084959,11768682.64,12959765.0,0,0
8,CASH_OUT,270883.42,C1354588006,0.0,0.0,C2065199032,297351.84,349087.32,0,0
8,CASH_OUT,305292.19,C1004011295,0.0,0.0,C447691425,4779995.57,6795453.82,0,0
8,CASH_OUT,37938.17,C2147066112,0.0,0.0,C1826334428,103767.62,42329.95,0,0
8,CASH_OUT,170509.34,C146283475,0.0,0.0,C1898859288,803221.23,896323.73,0,0
8,CASH_OUT,187531.75,C851719117,0.0,0.0,C1682576062,189965.97,366932.33,0,0
8,CASH_OUT,13179.56,C921640333,0.0,0.0,C1387567249,91559.81,154903.48,0,0
8,CASH_OUT,89696.76,C78400497,0.0,0.0,C2145319283,100472.3,1062948.15,0,0
8,CASH_OUT,146986.19,C1275248180,0.0,0.0,C232812328,1036333.32,2096642.77,0,0
8,CASH_OUT,54859.35,C1598797346,0.0,0.0,C93518808,229198.73,0.0,0,0
8,CASH_OUT,6883.56,C285657907,0.0,0.0,C1570560183,88942.78,165350.02,0,0
8,CASH_OUT,272447.16,C1997797665,0.0,0.0,C480500119,796411.88,135593.97,0,0
8,CASH_OUT,193638.84,C783878889,0.0,0.0,C1888439681,1441729.88,3476255.29,0,0
8,CASH_OUT,68620.15,C742474682,0.0,0.0,C1671386208,3532556.31,6214174.81,0,0
8,CASH_OUT,88300.25,C188308050,0.0,0.0,C1049804269,330455.82,905142.44,0,0
8,CASH_OUT,102014.37,C1670078693,0.0,0.0,C1440325059,1075223.3,2156169.36,0,0
8,CASH_OUT,45200.35,C84135999,0.0,0.0,C1736382819,148333.0,0.0,0,0
8,TRANSFER,182978.98,C693060947,25068.0,0.0,C1499383906,0.0,412763.55,0,0
8,TRANSFER,318298.44,C1783818607,21683.0,0.0,C288197656,172362.96,3423141.07,0,0
8,TRANSFER,1535838.73,C1408378230,0.0,0.0,C1651432416,1703345.69,3810758.95,0,0
8,CASH_OUT,181924.3,C781629430,126652.0,0.0,C666009404,649.0,592178.22,0,0
8,CASH_OUT,18270.31,C1185886482,5738.0,0.0,C2020576466,313440.13,0.0,0,0
8,CASH_OUT,177026.08,C857694269,46735.7,0.0,C1107146140,1071779.64,1655416.88,0,0
8,CASH_OUT,102656.44,C957182759,20028.0,0.0,C919488700,0.0,189160.31,0,0
8,CASH_OUT,73841.68,C1553904703,16971.0,0.0,C1219161283,0.0,0.0,0,0
8,CASH_OUT,202447.46,C2043300863,16324.0,0.0,C955097010,0.0,202447.46,0,0
8,TRANSFER,725061.15,C1706720242,30766.0,0.0,C1570076320,115657.81,1352815.49,0,0
8,CASH_OUT,119234.34,C1014881069,54064.0,0.0,C1029472813,0.0,0.0,0,0
8,CASH_OUT,115605.03,C1248885829,200665.0,85059.97,C291985698,111.0,0.0,0,0
8,CASH_OUT,105833.47,C403075733,9068.0,0.0,C795982694,0.0,1556254.45,0,0
8,CASH_OUT,296267.79,C1127979015,0.0,0.0,C1540720037,588611.0,1159645.73,0,0
8,CASH_OUT,106353.86,C1031538077,333223.5,226869.64,C614438306,1605666.47,1138741.39,0,0
8,CASH_OUT,45027.9,C1944095298,220.0,0.0,C1934837365,0.0,1429107.04,0,0
8,CASH_OUT,34433.52,C531277793,99271.0,64837.48,C977993101,3391336.05,3373302.83,0,0
8,CASH_OUT,8392.12,C411957191,106483.0,98090.88,C1848270947,25.0,1079972.85,0,0
8,CASH_OUT,236310.77,C268516481,1170.0,0.0,C1624533975,0.0,394387.32,0,0
8,CASH_OUT,401267.85,C1099525276,90559.0,0.0,C1320515149,590817.13,1643201.26,0,0
8,TRANSFER,1553842.75,C823112917,200760.0,0.0,C804475266,11566.0,2247459.18,0,0
8,CASH_OUT,19292.94,C353455172,16918.0,0.0,C2096057945,2434131.4,2453424.34,0,0
8,CASH_OUT,321806.57,C1472492430,98331.98,0.0,C1988852187,333645.56,2232864.41,0,0
8,CASH_OUT,182167.62,C95291903,0.0,0.0,C1373467808,522823.81,1031613.74,0,0
8,CASH_OUT,56062.55,C1863195505,0.0,0.0,C885951223,5459587.65,7882930.45,0,0
8,CASH_OUT,129302.89,C1686175438,0.0,0.0,C503195940,442588.55,614329.95,0,0
8,CASH_OUT,195465.62,C271366611,0.0,0.0,C1095587424,859867.29,1261611.22,0,0
8,CASH_OUT,135475.15,C1706601432,0.0,0.0,C1485516154,10558365.32,11477233.99,0,0
8,CASH_OUT,363852.13,C2054349197,0.0,0.0,C2116873183,1354205.22,2234231.7,0,0
8,CASH_OUT,93588.73,C434574979,0.0,0.0,C1218365329,1267293.97,1347353.23,0,0
8,CASH_OUT,24077.08,C1819330125,0.0,0.0,C1069568462,1174624.62,845203.91,0,0
8,CASH_OUT,24438.68,C1278629488,0.0,0.0,C1153596299,36651.14,73427.85,0,0
8,CASH_OUT,171521.46,C564504818,0.0,0.0,C982547576,339782.5,754095.34,0,0
8,CASH_OUT,233229.21,C663256318,295927.07,62697.87,C362585233,2226858.34,2489006.65,0,0
8,CASH_OUT,61561.73,C1660221342,0.0,0.0,C1303152189,7346.89,38240.9,0,0
8,CASH_OUT,71067.17,C138993059,0.0,0.0,C1040847151,5424727.08,7984433.54,0,0
8,CASH_OUT,323757.54,C1374539211,0.0,0.0,C1629911510,784099.39,1925872.77,0,0
8,CASH_OUT,242473.99,C2026708316,109814.0,0.0,C866970718,0.0,429587.47,0,0
8,CASH_OUT,95614.85,C452197120,14728.0,0.0,C1022023283,12633.05,145425.45,0,0
8,TRANSFER,1621543.69,C91325708,50265.0,0.0,C1359484306,4745069.72,7364724.84,0,0
8,CASH_OUT,209749.88,C1714486706,40746.0,0.0,C1052117080,0.0,347602.17,0,0
8,CASH_OUT,175195.56,C367999141,92250.55,0.0,C635281078,2208942.38,2265663.04,0,0
8,CASH_OUT,271144.31,C727634135,31694.55,0.0,C599968109,642621.91,1235102.24,0,0
8,CASH_OUT,370384.29,C2043396470,10161.0,0.0,C218997206,19822.0,191384.94,0,0
8,CASH_OUT,97250.28,C65137044,32824.0,0.0,C916869225,16255.37,514301.96,0,0
8,CASH_OUT,99577.48,C1916364728,0.0,0.0,C2009378486,9741585.38,10412766.11,0,0
8,CASH_OUT,356662.44,C1297500100,0.0,0.0,C1991252420,780506.78,1241717.95,0,0
8,CASH_OUT,559671.47,C710339959,0.0,0.0,C732470450,1063093.34,1563966.08,0,0
8,CASH_OUT,309119.49,C653724896,0.0,0.0,C681709819,846992.93,466230.2,0,0
8,CASH_OUT,39091.39,C533375777,0.0,0.0,C1132146097,50231.0,0.0,0,0
8,CASH_OUT,154834.83,C1616750459,0.0,0.0,C1189861498,426502.05,922482.19,0,0
8,CASH_OUT,206504.43,C2113786706,0.0,0.0,C620532131,1259673.1,2245700.64,0,0
8,CASH_OUT,108074.16,C1676886017,0.0,0.0,C1089177065,1637081.52,1076036.85,0,0
8,CASH_OUT,275588.21,C690646269,0.0,0.0,C1181708889,1032826.01,684138.15,0,0
8,CASH_OUT,168663.26,C608264412,10724.0,0.0,C1531852312,74735.0,35927.41,0,0
8,CASH_OUT,155475.77,C459340937,0.0,0.0,C1185525558,508293.87,1374865.05,0,0
8,TRANSFER,800645.24,C221981548,17628.37,0.0,C1582765215,32884.45,4811776.93,0,0
8,CASH_OUT,168073.04,C1679266544,0.0,0.0,C705321061,944009.15,1306261.5,0,0
8,CASH_OUT,29861.26,C1194063212,0.0,0.0,C616563206,77638.67,868375.21,0,0
8,CASH_OUT,47644.92,C1692095292,5678.0,0.0,C382697424,216482.32,368836.97,0,0
8,CASH_OUT,154748.63,C743339330,7913.0,0.0,C1788314109,1012.0,0.0,0,0
8,CASH_OUT,173216.03,C1425532955,205672.0,32455.97,C1235151206,15213.5,449233.66,0,0
8,CASH_OUT,102212.42,C1225082475,111348.69,9136.27,C1577420620,1259237.51,1346843.05,0,0
8,TRANSFER,1871671.54,C674175185,2560475.89,688804.35,C1220897602,8923932.05,10388904.22,0,0
8,TRANSFER,165683.13,C1105358070,10572.0,0.0,C1045463246,21555.0,0.0,0,0
8,CASH_OUT,151207.18,C695126903,19097.0,0.0,C975650387,0.0,151207.18,0,0
8,CASH_OUT,141742.77,C1235373758,191.0,0.0,C1689840534,3406.8,113153.73,0,0
8,CASH_OUT,39011.9,C563295712,52.0,0.0,C796796033,0.0,162015.98,0,0
8,CASH_OUT,164839.24,C555872237,113.0,0.0,C611572016,2608.64,71.92,0,0
8,CASH_OUT,271364.67,C2135366219,378.99,0.0,C1185525558,663769.64,1374865.05,0,0
8,CASH_OUT,454651.35,C425066490,0.0,0.0,C1590550415,21580156.37,21939087.4,0,0
8,CASH_OUT,143684.43,C844432208,0.0,0.0,C1945802665,558967.43,1471945.15,0,0
8,CASH_OUT,528241.09,C1465211817,0.0,0.0,C2137848242,609498.23,3939899.41,0,0
8,CASH_OUT,506000.61,C268928586,0.0,0.0,C2112826959,935666.01,2258719.46,0,0
8,CASH_OUT,243358.78,C639308191,0.0,0.0,C1582765215,833529.69,4811776.93,0,0
8,CASH_OUT,74395.84,C332123589,509041.19,434645.34,C1885389259,156708.0,277507.3,0,0
8,CASH_OUT,11538.84,C1493433490,434645.34,423106.51,C1458849419,43040.57,54579.41,0,0
8,CASH_OUT,80408.16,C1108235435,115747.0,35338.84,C800097916,54097.82,103481.89,0,0
8,TRANSFER,568861.27,C521133079,21466.0,0.0,C939693702,0.0,467197.09,0,0
8,TRANSFER,228319.5,C1674584409,50624.0,0.0,C1182908789,24374.54,6795.87,0,0
8,CASH_OUT,224652.37,C1684115832,147541.0,0.0,C740950652,159327.08,43471.31,0,0
8,CASH_OUT,40242.93,C711132402,10086.0,0.0,C758888772,35503.13,956858.04,0,0
8,CASH_OUT,17204.9,C1699627226,115763.0,98558.1,C706331499,0.0,17204.9,0,0
8,CASH_OUT,105348.43,C1709507494,15045.0,0.0,C296121376,489006.74,156760.78,0,0
8,CASH_OUT,67329.09,C855664785,14884.0,0.0,C505855829,0.0,267875.81,0,0
8,TRANSFER,175302.18,C349787086,257405.0,82102.82,C326101537,20181.0,271599.14,0,0
8,CASH_OUT,379472.89,C1509805590,29365.59,0.0,C667346055,11812634.74,17132106.53,0,0
8,CASH_OUT,115592.09,C271176090,0.0,0.0,C1674899618,12137341.48,12588180.96,0,0
8,CASH_OUT,35720.74,C1570545712,52030.0,16309.26,C1948471365,4932930.77,4628857.24,0,0
8,TRANSFER,522778.38,C421568677,59000.0,0.0,C1304345230,51616.0,834552.47,0,0
8,TRANSFER,441497.93,C2030355361,602.0,0.0,C937195105,0.0,1256403.17,0,0
8,TRANSFER,1301969.95,C1427077270,16559.0,0.0,C977990184,20763.0,2559967.5,0,0
8,CASH_OUT,161335.21,C1604839683,17501.0,0.0,C1321530272,352866.53,371188.02,0,0
8,CASH_OUT,375873.43,C1528903130,0.0,0.0,C623476050,5167403.39,6180085.57,0,0
8,CASH_OUT,275557.0,C2116973935,10025.0,0.0,C290945720,0.0,455892.27,0,0
8,TRANSFER,999045.56,C263674979,60797.0,0.0,C176203926,0.0,1353768.41,0,0
8,TRANSFER,920389.12,C2001447185,63575.0,0.0,C1017767725,0.0,861466.8,0,0
8,CASH_OUT,84033.01,C1065402364,2187.0,0.0,C1058664855,153851.37,0.0,0,0
8,TRANSFER,60549.33,C921985845,6858.22,0.0,C1058634310,1796023.07,3071176.4,0,0
8,CASH_OUT,218152.62,C1378626073,111996.06,0.0,C1261031890,22468.56,92853.91,0,0
8,CASH_OUT,208947.54,C1621538454,568725.0,359777.46,C276384108,9973.0,740680.07,0,0
8,CASH_OUT,42797.4,C187626228,536.0,0.0,C2025644484,1196168.52,1364270.97,0,0
8,CASH_OUT,303626.77,C62820468,4096.0,0.0,C1134976854,0.0,756076.63,0,0
8,CASH_OUT,269156.05,C871580103,284177.22,15021.17,C1651855867,0.0,381631.99,0,0
8,CASH_OUT,43809.65,C1138596266,1016.0,0.0,C549277650,407323.98,451133.63,0,0
8,TRANSFER,1963449.06,C636548193,0.0,0.0,C1793325972,3398012.08,6311356.92,0,0
8,CASH_OUT,99350.77,C1318359734,25872.17,0.0,C1793325972,5361461.15,6311356.92,0,0
8,CASH_OUT,180913.42,C2008712681,0.0,0.0,C1275435326,201704.0,224398.7,0,0
8,CASH_OUT,77003.87,C1093787609,0.0,0.0,C1220911229,1056856.33,2261741.99,0,0
8,TRANSFER,613005.35,C602863888,16335.0,0.0,C691586697,24946.0,1314539.3,0,0
8,TRANSFER,369221.21,C498710496,475505.0,106283.79,C54617902,232063.86,1442068.04,0,0
8,TRANSFER,757290.26,C1349073998,32530.0,0.0,C1539556581,0.0,199041.81,0,0
8,TRANSFER,3932449.48,C1012349956,8487.01,0.0,C1948558238,6132279.12,11604362.04,0,0
8,TRANSFER,866555.89,C558510986,9819.15,0.0,C2116873183,1718057.35,2234231.7,0,0
8,CASH_OUT,102924.42,C755064293,29827.0,0.0,C812586739,0.0,140696.94,0,0
8,CASH_OUT,34504.12,C208235613,11398.0,0.0,C36856762,798153.99,998622.3,0,0
8,CASH_OUT,98.69,C518169058,204459.0,204360.31,C1696758742,10227547.04,14055266.39,0,0
8,CASH_OUT,288767.4,C1504587239,10825.0,0.0,C448155494,204919.54,1451241.25,0,0
8,CASH_OUT,113226.02,C1523378833,10718.0,0.0,C866356999,1757117.46,2017695.97,0,0
8,CASH_OUT,216876.06,C638708768,19254.0,0.0,C1220911229,1133860.21,2261741.99,0,0
8,TRANSFER,1141661.32,C302357663,125831.0,0.0,C1149080047,8174.0,1713718.4,0,0
8,CASH_OUT,179459.36,C1185819840,172060.37,0.0,C151400576,1086301.35,1276550.33,0,0
8,CASH_OUT,343024.63,C425021313,21567.0,0.0,C708992245,0.0,512148.69,0,0
8,CASH_OUT,198257.44,C915354514,51728.0,0.0,C795982694,105833.47,1556254.45,0,0
8,TRANSFER,803700.84,C425545992,38512.0,0.0,C1276424637,133763.14,1610468.3,0,0
8,CASH_OUT,119116.47,C1442963986,734.0,0.0,C721215918,150440.43,195279.92,0,0
8,CASH_OUT,6585.07,C2126565198,0.0,0.0,C1169903663,2401721.34,2312335.17,0,0
8,CASH_OUT,209679.25,C1957925990,309224.24,99544.99,C382934088,1028244.32,1030696.9,0,0
8,CASH_OUT,80829.47,C733725949,99544.99,18715.52,C666009404,182573.3,592178.22,0,0
8,CASH_OUT,61338.46,C836124509,10855.0,0.0,C1614388499,15518.0,0.0,0,0
8,CASH_OUT,302546.02,C565277747,19577.0,0.0,C401067111,0.0,34998.4,0,0
8,CASH_OUT,274284.27,C228295461,11697.0,0.0,C1036138670,0.0,465858.75,0,0
8,TRANSFER,2609250.7,C1831409020,107586.0,0.0,C1134701218,6576.0,2573991.24,0,0
8,CASH_OUT,107142.13,C1094575005,9102.0,0.0,C2011763876,126.0,107268.13,0,0
8,CASH_OUT,147993.28,C509223704,4515.0,0.0,C1038678108,185788.82,254341.75,0,0
8,CASH_OUT,169708.65,C1238652655,47898.67,0.0,C602874477,1181234.77,998977.12,0,0
8,CASH_OUT,110149.43,C66993482,0.0,0.0,C662267010,1519010.91,1605242.18,0,0
8,CASH_OUT,64525.72,C1797087411,0.0,0.0,C187019413,93886.4,384209.88,0,0
8,CASH_OUT,150419.46,C1720255319,0.0,0.0,C683605346,441336.7,1371546.23,0,0
8,CASH_OUT,633.3,C226574919,0.0,0.0,C1334973394,588454.47,1421615.52,0,0
8,CASH_OUT,119137.22,C2145860304,0.0,0.0,C1689374891,557624.08,855640.88,0,0
8,CASH_OUT,227128.65,C2147472743,0.0,0.0,C1105527690,2163613.33,3518763.02,0,0
8,CASH_OUT,691611.55,C1363341940,0.0,0.0,C476182975,2058375.62,3671968.73,0,0
8,CASH_OUT,12975.4,C1456869729,0.0,0.0,C1485516154,10533042.14,11477233.99,0,0
8,CASH_OUT,41858.54,C279023825,0.0,0.0,C979719862,553708.68,491448.89,0,0
8,CASH_OUT,340290.48,C292825935,0.0,0.0,C1234776885,5509459.94,5424661.74,0,0
8,CASH_OUT,22958.47,C1474542151,0.0,0.0,C500153041,280420.15,212257.37,0,0
8,CASH_OUT,423886.7,C827909315,20110.0,0.0,C303888116,0.0,423886.7,0,0
8,CASH_OUT,422613.66,C314037985,11524.0,0.0,C952219856,0.0,821571.37,0,0
8,CASH_OUT,40642.51,C98062463,168379.0,127736.49,C25075353,21266.0,69281.64,0,0
8,CASH_OUT,256371.1,C913809546,5558.0,0.0,C1978980520,699795.73,426082.16,0,0
8,CASH_OUT,162359.96,C110493054,175945.0,13585.04,C377207092,34218.24,42648.43,0,0
8,CASH_OUT,45538.4,C1640297814,1777731.43,1732193.03,C2036926986,0.0,45538.4,0,0
8,TRANSFER,3285.58,C48996791,1732193.03,1728907.45,C1025031603,155947.71,1507.65,0,0
8,TRANSFER,533650.65,C788330405,1728907.45,1195256.81,C1089993541,690630.15,1741771.65,0,0
8,TRANSFER,43608.91,C279601028,1195256.81,1151647.9,C1973191571,166164.55,127424.27,0,0
8,TRANSFER,264050.1,C1451390594,1151647.9,887597.79,C1010306008,338952.5,1120683.69,0,0
8,TRANSFER,1474827.54,C163283964,887597.79,0.0,C2109470512,1921177.22,6787849.45,0,0
8,TRANSFER,215411.13,C1077087409,0.0,0.0,C26334874,968421.06,2068039.37,0,0
8,TRANSFER,662513.8,C36121932,0.0,0.0,C1186449563,1794122.63,2790178.93,0,0
8,TRANSFER,612298.83,C1196719596,0.0,0.0,C1849941462,1233461.81,2455385.38,0,0
8,TRANSFER,864414.21,C312849049,0.0,0.0,C1297685781,901290.28,3258726.36,0,0
8,TRANSFER,382322.22,C1244357368,0.0,0.0,C556281798,1054512.48,3058525.01,0,0
8,TRANSFER,260046.26,C1901951932,0.0,0.0,C1027992087,10573033.57,10862988.56,0,0
8,TRANSFER,975201.0,C352502630,0.0,0.0,C638590716,3094308.88,4592962.92,0,0
8,TRANSFER,137852.29,C705464869,0.0,0.0,C1052117080,209749.88,347602.17,0,0
8,TRANSFER,27540.67,C1000411454,0.0,0.0,C1450133081,1035218.0,1062758.67,0,0
8,TRANSFER,263911.38,C557522285,0.0,0.0,C766681183,16387131.45,17356500.26,0,0
8,TRANSFER,351141.81,C572646367,0.0,0.0,C382934088,1237923.57,1030696.9,0,0
8,TRANSFER,947850.05,C1815218204,0.0,0.0,C836514715,1530859.25,2511051.14,0,0
8,TRANSFER,96750.38,C1604967493,0.0,0.0,C85102332,282796.77,537185.56,0,0
8,TRANSFER,67419.86,C637563560,0.0,0.0,C66497191,135221.0,322.49,0,0
8,CASH_OUT,25882.5,C1724282984,0.0,0.0,C237594516,203718.19,503755.22,0,0
8,CASH_OUT,66119.55,C505039506,703305.3,637185.74,C1329589315,330346.24,711930.13,0,0
8,CASH_OUT,247483.55,C483392291,637185.74,389702.2,C2104652067,3587091.36,3437239.45,0,0
8,CASH_OUT,231858.65,C405935870,1553.0,0.0,C1654583020,17019.0,224286.07,0,0
8,CASH_OUT,503359.71,C111362927,267914.61,0.0,C1867096421,804680.02,0.0,0,0
8,TRANSFER,92095.41,C2131498299,105685.0,13589.59,C102537461,0.0,2742.32,0,0
8,CASH_OUT,112788.88,C52653616,10927.0,0.0,C881662115,0.0,305387.86,0,0
8,CASH_OUT,315298.94,C1123277510,6480.0,0.0,C1725571079,135.0,603117.35,0,0
8,TRANSFER,612507.83,C8120276,259869.0,0.0,C1915163610,1482.0,1232867.65,0,0
8,CASH_OUT,78536.78,C276468880,318827.0,240290.22,C785703145,112295.73,169830.4,0,0
8,CASH_OUT,368724.75,C521613078,28414.0,0.0,C1998750048,0.0,553336.6,0,0
8,CASH_OUT,180895.36,C934985230,617131.08,436235.72,C728526866,8605884.76,10520267.05,0,0
8,CASH_OUT,339165.99,C411482188,436235.72,97069.73,C406477119,455922.51,1879210.25,0,0
8,CASH_OUT,11916.76,C909777411,97069.73,85152.97,C1538264524,229443.87,555348.58,0,0
8,CASH_OUT,52927.94,C1900162111,85152.97,32225.03,C1321139761,1115300.15,1521202.97,0,0
8,CASH_OUT,270186.1,C334149335,32225.03,0.0,C804475266,1565408.75,2247459.18,0,0
8,CASH_OUT,534909.21,C1040394302,0.0,0.0,C54142591,1601827.67,6085383.25,0,0
8,CASH_OUT,270616.94,C1485821951,0.0,0.0,C1476213591,414483.78,407437.54,0,0
8,CASH_OUT,93916.27,C944519941,0.0,0.0,C1069131391,995439.99,1153204.01,0,0
8,CASH_OUT,392136.86,C2119593685,0.0,0.0,C347696158,13757303.87,15639132.7,0,0
8,CASH_OUT,133348.71,C1504967673,0.0,0.0,C1698593276,815376.24,1191888.4,0,0
8,CASH_OUT,238576.55,C2133196575,0.0,0.0,C1577420620,1361449.94,1346843.05,0,0
8,CASH_OUT,65754.37,C652769261,0.0,0.0,C1894575391,2259695.04,3443379.49,0,0
8,CASH_OUT,184015.02,C1795527971,0.0,0.0,C1340123681,771598.48,824371.62,0,0
8,CASH_OUT,242005.65,C758110089,0.0,0.0,C1880901678,504122.49,293199.16,0,0
8,CASH_OUT,119305.96,C2107775028,0.0,0.0,C777863332,222126.57,341432.53,0,0
8,CASH_OUT,14552.94,C412110706,0.0,0.0,C855085682,100699.0,115251.94,0,0
8,CASH_OUT,119293.17,C1610317262,0.0,0.0,C1583408697,300047.84,638228.31,0,0
8,CASH_OUT,60666.67,C213613095,0.0,0.0,C381605910,137068.03,759872.18,0,0
8,CASH_OUT,6582.25,C1630908476,0.0,0.0,C1001367899,69873.76,129782.95,0,0
8,CASH_OUT,8140.03,C2076477623,0.0,0.0,C36437323,178038.29,160083.17,0,0
8,TRANSFER,111818.78,C1674094157,22825.0,0.0,C866710867,0.0,166801.21,0,0
8,CASH_OUT,436457.92,C795713295,20953.0,0.0,C1325038895,0.0,1943673.08,0,0
8,CASH_OUT,45420.39,C1901808614,14554.0,0.0,C306206744,9845953.78,9637803.63,0,0
8,CASH_OUT,139909.16,C1235487694,5171083.74,5031174.59,C1670445212,21232.0,770732.3,0,0
8,CASH_OUT,310009.67,C580259812,170526.53,0.0,C1105901057,0.0,2420628.66,0,0
8,CASH_OUT,340176.3,C625666492,0.0,0.0,C755583709,401381.01,127533.46,0,0
8,CASH_OUT,147675.89,C1660006731,548.55,0.0,C1494895909,997591.66,1362678.43,0,0
8,CASH_OUT,231474.19,C1435542982,30264.0,0.0,C1063303686,0.0,316493.58,0,0
8,CASH_OUT,143221.07,C634059656,12154.0,0.0,C1306763722,25867.69,169088.76,0,0
8,CASH_OUT,264508.39,C1965343842,206082.0,0.0,C1738973904,0.0,807319.04,0,0
8,CASH_OUT,494275.9,C898771721,0.0,0.0,C1561784955,2440038.12,3830814.23,0,0
8,CASH_OUT,485364.4,C264720293,0.0,0.0,C830831744,1865556.35,2838892.83,0,0
8,TRANSFER,2077829.53,C1808462430,233456.0,0.0,C1377194794,0.0,3397278.16,0,0
8,CASH_OUT,66598.29,C1518579140,21112.0,0.0,C1508631684,4020.69,104710.0,0,0
8,CASH_OUT,25851.4,C976763806,106890.0,81038.6,C1360913629,104533.82,7313.81,0,0
8,CASH_OUT,357633.47,C1557227128,6231.0,0.0,C1115404972,0.0,275349.5,0,0
8,TRANSFER,85036.22,C1296805210,14991.0,0.0,C2078250226,3648399.92,4572011.3,0,0
8,CASH_OUT,191784.31,C368071473,11069.08,0.0,C276384108,218920.54,740680.07,0,0
8,CASH_OUT,212992.05,C302490006,968.0,0.0,C2071722626,0.0,202043.27,0,0
8,CASH_OUT,245759.45,C259418858,66626.0,0.0,C42519721,0.0,0.0,0,0
8,TRANSFER,463543.29,C139692984,0.0,0.0,C26334874,1183832.19,2068039.37,0,0
8,TRANSFER,498813.39,C202652907,50613.0,0.0,C956986674,0.0,1494748.17,0,0
8,TRANSFER,729367.44,C1231042477,10789.0,0.0,C868288978,25795.0,972668.69,0,0
8,CASH_OUT,191963.82,C1827261519,40796.0,0.0,C1271835801,228878.91,2432075.54,0,0
8,CASH_OUT,83687.72,C2073124154,107866.62,24178.9,C269016862,0.0,83687.72,0,0
8,CASH_OUT,283081.02,C1806836537,72043.0,0.0,C383296094,0.0,563462.86,0,0
8,CASH_OUT,152514.08,C525851600,191.0,0.0,C1982740534,166552.66,319066.74,0,0
8,CASH_OUT,25260.38,C860199452,218145.72,192885.34,C1038678108,333782.1,254341.75,0,0
8,CASH_OUT,2700.18,C1707994201,192885.34,190185.16,C662035758,52311.0,0.0,0,0
8,TRANSFER,1575635.01,C1051061138,27195.07,0.0,C347696158,14149440.73,15639132.7,0,0
8,TRANSFER,1911412.45,C402436442,0.0,0.0,C787033725,2122990.49,4547905.63,0,0
8,CASH_OUT,188622.04,C337225832,1048.0,0.0,C1141049797,24453.56,1404288.87,0,0
8,CASH_OUT,304273.0,C1948763138,21322.0,0.0,C644345897,51153.1,800992.18,0,0
8,CASH_OUT,402422.93,C874050597,437517.76,35094.83,C1092318644,1965953.13,2525331.77,0,0
8,CASH_OUT,105261.31,C16287522,122440.0,17178.69,C1201057368,30425.68,32981.25,0,0
8,CASH_OUT,28965.03,C278379912,576964.0,547998.97,C2020180625,5013.0,0.0,0,0
8,TRANSFER,547640.5,C1528374577,331710.44,0.0,C699026377,0.0,1242261.84,0,0
8,CASH_OUT,205961.44,C684936107,0.0,0.0,C1373172466,4197171.11,4791597.89,0,0
8,TRANSFER,936179.86,C1028957060,16079.0,0.0,C1019670582,317618.31,2098492.52,0,0
8,CASH_OUT,45643.02,C915063555,199289.26,153646.24,C1645903235,57141.4,31924.63,0,0
8,CASH_OUT,40170.15,C957041612,153646.24,113476.09,C348708793,395256.6,1164655.76,0,0
8,CASH_OUT,289658.1,C294001888,228286.76,0.0,C2011996123,6253820.28,9264344.9,0,0
8,CASH_OUT,174057.9,C1820486274,8.0,0.0,C884262954,2888648.46,3043577.11,0,0
8,CASH_OUT,269859.4,C914403392,9167.0,0.0,C1891412311,684529.0,1416477.85,0,0
8,CASH_OUT,43798.14,C1487728499,74068.23,30270.09,C1479091350,55746.0,117419.01,0,0
8,TRANSFER,923879.53,C1797080726,30270.09,0.0,C1636786811,10881472.03,14456269.9,0,0
8,CASH_OUT,105196.17,C196026488,0.0,0.0,C1210315704,4878.6,197750.5,0,0
8,CASH_OUT,265806.74,C102498537,0.0,0.0,C8290162,6224721.33,6650282.66,0,0
8,CASH_OUT,198990.66,C963944494,0.0,0.0,C341552838,255255.49,1916366.83,0,0
8,CASH_OUT,178139.31,C1237549829,407225.0,229085.69,C1927159174,1024178.24,762973.35,0,0
8,CASH_OUT,222947.46,C350157220,6190.0,0.0,C1374063565,117954.28,542692.36,0,0
8,CASH_OUT,228863.78,C1202227383,2548.0,0.0,C1375936066,0.0,228863.78,0,0
8,CASH_OUT,138267.47,C1836762925,68846.8,0.0,C731253803,0.0,470082.93,0,0
8,CASH_OUT,73556.7,C155137760,1165.0,0.0,C1881246122,547.0,0.0,0,0
8,CASH_OUT,220686.71,C1419851027,103196.0,0.0,C1915089150,0.0,62012.03,0,0
8,CASH_OUT,131610.83,C596910879,108847.56,0.0,C36856762,832658.12,998622.3,0,0
8,CASH_OUT,202610.51,C2118161363,0.0,0.0,C382934088,1589065.38,1030696.9,0,0
8,CASH_OUT,111434.34,C752790864,0.0,0.0,C1475998599,866076.07,1286372.45,0,0
8,CASH_OUT,225351.95,C465100360,0.0,0.0,C744708435,405310.23,630662.18,0,0
8,CASH_OUT,190661.9,C423009019,0.0,0.0,C1883840933,24955238.07,25330272.63,0,0
8,CASH_OUT,29575.35,C1000848098,103135.0,73559.65,C1220897602,10392795.54,10388904.22,0,0
8,CASH_OUT,452899.81,C1783337733,71936.25,0.0,C2147195354,5034.0,790460.11,0,0
8,CASH_OUT,101765.9,C849268920,2982.3,0.0,C1651924497,0.0,45084.9,0,0
8,TRANSFER,208842.82,C767705026,705328.0,496485.18,C118136684,0.0,57991.83,0,0
8,TRANSFER,462608.42,C158478801,19885.0,0.0,C1938612885,27047.91,0.0,0,0
8,CASH_OUT,394558.74,C1039832551,51880.0,0.0,C256125761,6613.0,1319878.62,0,0
8,CASH_OUT,5229.46,C863547214,125.0,0.0,C218007578,190913.38,163427.07,0,0
8,CASH_OUT,87159.93,C386789869,421.0,0.0,C1210315704,110074.77,197750.5,0,0
8,CASH_OUT,112145.99,C1906842360,98856.0,0.0,C194746285,1047392.94,1404489.37,0,0
8,CASH_OUT,225246.36,C1232512829,29708.0,0.0,C1654583020,248877.65,224286.07,0,0
8,TRANSFER,2503436.11,C1438400820,208599.67,0.0,C1505755152,11475738.74,14646239.59,0,0
8,TRANSFER,2922545.82,C688872433,0.0,0.0,C465499079,3288770.48,6457094.34,0,0
8,TRANSFER,1065924.93,C308184573,0.0,0.0,C1781090157,1343920.63,2403703.4,0,0
8,TRANSFER,188327.21,C1453231433,0.0,0.0,C1354952534,1680667.69,1868994.9,0,0
8,TRANSFER,780534.55,C1629279055,0.0,0.0,C679235222,1089869.18,3763135.16,0,0
8,CASH_OUT,213796.6,C849337422,33251.0,0.0,C1489275794,47609.62,120258.54,0,0
8,CASH_OUT,293855.92,C1409861261,10271.0,0.0,C1851668139,1256209.19,1131534.35,0,0
8,TRANSFER,268632.93,C1985932672,94888.98,0.0,C14990083,8006.0,0.0,0,0
8,CASH_OUT,295063.96,C687558377,43315.12,0.0,C1639464943,557539.95,631745.85,0,0
8,CASH_OUT,71252.18,C129011380,16009.0,0.0,C570607919,1954.49,17458.51,0,0
8,CASH_OUT,26953.72,C659520458,1188057.36,1161103.63,C304909156,145226.0,306928.93,0,0
8,CASH_OUT,175239.12,C1494055486,0.0,0.0,C788934076,258695.45,433934.56,0,0
8,CASH_OUT,120448.38,C1339883288,25843.0,0.0,C1875507388,10290.0,0.0,0,0
8,CASH_OUT,118347.18,C2108862551,0.0,0.0,C1570076320,840718.96,1352815.49,0,0
8,TRANSFER,996532.64,C1660216191,66310.2,0.0,C801142660,12112551.26,16408480.12,0,0
8,TRANSFER,1816684.39,C107561597,0.0,0.0,C1369695156,3659986.18,5966884.67,0,0
8,TRANSFER,1564088.39,C717617198,0.0,0.0,C1034584766,5159452.75,7164410.37,0,0
8,TRANSFER,1282764.23,C803101117,0.0,0.0,C1671386208,3601176.45,6214174.81,0,0
8,TRANSFER,20516.56,C1794418722,0.0,0.0,C1335946878,998840.83,3529395.92,0,0
8,TRANSFER,465388.23,C650274219,0.0,0.0,C1926673338,2020009.57,2125199.85,0,0
8,TRANSFER,53415.23,C600047061,0.0,0.0,C1096283470,358675.66,159625.32,0,0
8,TRANSFER,873274.87,C2114800545,0.0,0.0,C2011996123,6543478.38,9264344.9,0,0
8,TRANSFER,988839.95,C838289914,0.0,0.0,C665576141,9738551.63,14786300.22,0,0
8,TRANSFER,143560.05,C78486866,0.0,0.0,C1532153384,2660852.32,3614408.95,0,0
8,TRANSFER,475058.53,C943519047,0.0,0.0,C54617902,601285.07,1442068.04,0,0
8,TRANSFER,392119.44,C746119586,0.0,0.0,C1297685781,1765704.49,3258726.36,0,0
8,TRANSFER,98529.06,C659277134,0.0,0.0,C2110623348,107563.43,166309.88,0,0
8,TRANSFER,161514.03,C1340382200,0.0,0.0,C63475121,358339.53,519853.57,0,0
8,TRANSFER,510987.59,C279824782,0.0,0.0,C28125426,3901112.99,4395556.09,0,0
8,TRANSFER,661862.72,C2066964424,0.0,0.0,C634440506,1665770.3,2310987.68,0,0
8,TRANSFER,1477499.03,C44794965,0.0,0.0,C891020651,3905933.75,5812262.37,0,0
8,TRANSFER,25861.48,C1778119843,0.0,0.0,C1339765646,384981.63,165103.45,0,0
8,TRANSFER,104798.05,C400863659,0.0,0.0,C1494895909,1145267.56,1362678.43,0,0
8,TRANSFER,106682.11,C1992843648,0.0,0.0,C1121453612,544765.87,1975007.49,0,0
8,TRANSFER,11269.49,C681564704,0.0,0.0,C767544292,35094.83,46364.32,0,0
8,CASH_OUT,233609.92,C433933972,10196.0,0.0,C527482085,0.0,411973.25,0,0
8,TRANSFER,291502.44,C861462072,0.0,0.0,C1248712846,528121.82,1788431.11,0,0
8,CASH_OUT,45367.65,C1805584560,22290.0,0.0,C1857852787,0.0,45367.65,0,0
8,CASH_OUT,16463.02,C329766696,11615.0,0.0,C220766773,0.0,148770.89,0,0
8,CASH_OUT,294415.54,C954995439,82025.0,0.0,C2063763486,316285.88,610701.41,0,0
8,CASH_OUT,27601.52,C110035578,345661.0,318059.48,C1781548235,0.0,39412.38,0,0
8,CASH_OUT,29761.71,C70959602,6814.55,0.0,C921866695,519623.36,549385.07,0,0
8,CASH_OUT,291558.06,C2052628445,0.0,0.0,C1493513506,419192.88,1642701.33,0,0
8,CASH_OUT,295328.63,C582291919,0.0,0.0,C461640598,8166711.05,11547845.68,0,0
8,CASH_OUT,214815.96,C631277228,0.0,0.0,C1572600325,407380.0,866993.4,0,0
8,CASH_OUT,69014.92,C2009593531,0.0,0.0,C1750563752,112275.31,181290.23,0,0
8,CASH_OUT,221349.1,C1239366121,0.0,0.0,C766681183,16651042.83,17356500.26,0,0
8,CASH_OUT,24590.3,C1139696244,0.0,0.0,C2145041211,118662.54,143252.84,0,0
8,CASH_OUT,395990.53,C1658460483,0.0,0.0,C801142660,13109083.89,16408480.12,0,0
8,CASH_OUT,137611.52,C710957453,0.0,0.0,C405881980,2016680.75,3078509.79,0,0
8,CASH_OUT,100482.16,C448806233,0.0,0.0,C900425684,634611.03,1165471.56,0,0
8,CASH_OUT,72917.14,C705499575,0.0,0.0,C508000580,686984.02,1547638.64,0,0
8,CASH_OUT,27074.78,C405738932,0.0,0.0,C20671747,51248.53,78323.31,0,0
8,CASH_OUT,263519.43,C816552717,0.0,0.0,C1389405694,1020811.96,1738350.23,0,0
8,CASH_OUT,31465.43,C723145396,0.0,0.0,C1255024717,15980291.89,17020715.36,0,0
8,CASH_OUT,5320.48,C1767407305,0.0,0.0,C193946880,120934.44,126254.93,0,0
8,CASH_OUT,264172.45,C154817763,0.0,0.0,C1130075212,271900.95,428409.32,0,0
8,CASH_OUT,189478.72,C1705366842,235.0,0.0,C1280512370,0.0,369324.89,0,0
8,CASH_OUT,267589.8,C1829894344,741557.31,473967.51,C59215997,162043.44,1359980.45,0,0
8,CASH_OUT,39438.25,C651619413,473967.51,434529.26,C1538264524,241360.63,555348.58,0,0
8,CASH_OUT,430328.41,C656566707,434529.26,4200.85,C1446521801,8250112.08,11698172.69,0,0
8,CASH_OUT,413301.64,C679940285,4200.85,0.0,C1674899618,12252933.57,12588180.96,0,0
8,CASH_OUT,186514.95,C1244822237,0.0,0.0,C345603257,7737124.43,9917629.77,0,0
8,CASH_OUT,46360.55,C1528267658,0.0,0.0,C818570949,1289900.47,2402597.58,0,0
8,CASH_OUT,525333.34,C1875642026,0.0,0.0,C874023329,1749545.12,3539577.27,0,0
8,CASH_OUT,154258.22,C2145317142,0.0,0.0,C956986674,498813.39,1494748.17,0,0
8,CASH_OUT,212055.16,C652445858,0.0,0.0,C787033725,4034402.94,4547905.63,0,0
8,CASH_OUT,438418.07,C1099908135,0.0,0.0,C2040603986,1165742.02,1930179.38,0,0
8,CASH_OUT,88676.2,C1316615146,0.0,0.0,C1081599606,479864.57,568540.77,0,0
8,CASH_OUT,47249.07,C1185414514,0.0,0.0,C1083142315,1040812.95,1930535.01,0,0
8,CASH_OUT,281625.44,C2092682140,0.0,0.0,C2103065350,1208702.95,1135043.98,0,0
8,CASH_OUT,18231.27,C1202587216,0.0,0.0,C1891412311,954388.4,1416477.85,0,0
8,CASH_OUT,205951.52,C1179208684,0.0,0.0,C1065997164,2509643.74,2826797.81,0,0
8,CASH_OUT,104948.06,C1065116218,0.0,0.0,C1286084959,11523374.87,12959765.0,0,0
8,CASH_OUT,141345.44,C498706786,0.0,0.0,C197353092,376509.7,467101.75,0,0
8,CASH_OUT,7878.81,C705867779,0.0,0.0,C173141569,133956.73,480345.78,0,0
8,CASH_OUT,80511.99,C638093446,0.0,0.0,C316919580,671037.21,72978.01,0,0
8,CASH_OUT,9300.62,C2058965967,0.0,0.0,C1407083386,618634.83,1013969.68,0,0
8,CASH_OUT,140870.77,C714803011,0.0,0.0,C732929122,2329718.83,2221293.55,0,0
8,CASH_OUT,116007.77,C364263611,0.0,0.0,C2128665553,124359.97,262835.22,0,0
8,CASH_OUT,379051.87,C2006507059,0.0,0.0,C1696758742,10227645.73,14055266.39,0,0
8,CASH_OUT,565832.05,C1200606244,0.0,0.0,C1615804266,1553839.95,4512194.13,0,0
8,CASH_OUT,149415.73,C903637641,30219.0,0.0,C1816384733,0.0,149415.73,0,0
8,CASH_OUT,112213.89,C294387561,90670.0,0.0,C952219856,422613.66,821571.37,0,0
8,CASH_OUT,280121.99,C31761217,569024.07,288902.08,C1375280409,0.0,280121.99,0,0
8,CASH_OUT,489203.35,C1058561002,288902.08,0.0,C1435804085,568120.98,1501855.54,0,0
8,CASH_OUT,325094.32,C8668122,0.0,0.0,C679235222,1870403.73,3763135.16,0,0
8,TRANSFER,1267112.25,C922148393,103054.0,0.0,C1469261298,602.0,1964434.31,0,0
8,CASH_OUT,186611.01,C292454002,6027.0,0.0,C1207178960,37628.4,240727.2,0,0
8,CASH_OUT,400500.62,C641730678,2893.0,0.0,C184253187,7672175.74,10206620.58,0,0
8,CASH_OUT,356684.06,C1580825017,205625.0,0.0,C848064357,182516.29,608737.04,0,0
8,CASH_OUT,208412.85,C1406366008,11286.0,0.0,C766671686,330121.66,797973.46,0,0
8,TRANSFER,836224.93,C1186082378,277.0,0.0,C1495001462,1760178.77,2528788.63,0,0
8,CASH_OUT,76816.59,C1559790140,9642.02,0.0,C1689374891,676761.3,855640.88,0,0
8,CASH_OUT,221105.94,C1842421121,11130.0,0.0,C464451704,0.0,1110864.89,0,0
8,CASH_OUT,102796.56,C1266944925,21506.0,0.0,C564160838,16702.98,246050.32,0,0
8,CASH_OUT,10559.31,C1381142672,22350.09,11790.79,C1448525331,2500.58,13059.89,0,0
8,CASH_OUT,108754.36,C898124543,125933.0,17178.64,C2143268962,72347.56,0.0,0,0
8,CASH_OUT,187599.49,C1815881496,643506.85,455907.36,C453984087,326017.84,548359.45,0,0
8,CASH_OUT,298587.81,C1513832102,0.0,0.0,C526035976,1013014.59,404380.68,0,0
8,TRANSFER,371934.52,C208000892,19816.0,0.0,C904672772,0.0,1116763.48,0,0
8,TRANSFER,1063710.68,C1437881365,5450.0,0.0,C1653859230,4286.23,1878150.67,0,0
8,CASH_OUT,401408.92,C558466998,0.0,0.0,C1440325059,1177237.67,2156169.36,0,0
8,CASH_OUT,276285.92,C1691308345,16790.0,0.0,C753282599,0.0,81453.26,0,0
8,TRANSFER,42620.68,C1018362313,0.0,0.0,C796028148,43732.53,536073.63,0,0
8,CASH_OUT,162266.95,C1241535290,55462.0,0.0,C719119378,5100081.96,5568925.74,0,0
8,CASH_OUT,72002.63,C1332918747,1195.0,0.0,C118648358,249797.08,948711.06,0,0
8,CASH_OUT,240674.17,C898769754,100.0,0.0,C1978980520,956166.84,426082.16,0,0
8,CASH_OUT,180581.23,C1869932626,108220.84,0.0,C1935365522,16968.75,533977.04,0,0
8,TRANSFER,1006955.48,C1089947027,195568.0,0.0,C529351377,0.0,595523.81,0,0
8,TRANSFER,588630.55,C269891184,642.0,0.0,C1692434834,9316.0,167038.38,0,0
8,CASH_OUT,60407.41,C930195676,1780.0,0.0,C1261329785,21563.0,0.0,0,0
8,CASH_OUT,307954.98,C385203700,214435.28,0.0,C442364016,0.0,328387.64,0,0
8,CASH_OUT,107289.41,C1930618491,101413.0,0.0,C1306085681,3172.09,110461.5,0,0
8,CASH_OUT,335486.79,C1168286568,31893.0,0.0,C1253373655,15625.0,0.0,0,0
8,TRANSFER,440600.63,C1161658297,9183.0,0.0,C1930040331,0.0,462485.35,0,0
8,CASH_OUT,139920.01,C1362929743,232.0,0.0,C2045348822,0.0,155428.79,0,0
8,CASH_OUT,403827.69,C2144519526,8491.0,0.0,C691620198,10035.5,297029.74,0,0
8,CASH_OUT,144343.17,C647437692,138093.0,0.0,C251155815,0.0,49295.65,0,0
8,CASH_OUT,468619.94,C271242638,281684.68,0.0,C1877059833,995731.34,0.0,0,0
8,CASH_OUT,14567.8,C239621642,0.0,0.0,C904672772,371934.52,1116763.48,0,0
8,TRANSFER,91009.55,C2039583763,284.0,0.0,C1756877039,18423.55,225417.28,0,0
8,CASH_OUT,427512.51,C929679144,7600.0,0.0,C357863579,47457.17,222337.44,0,0
8,TRANSFER,408697.5,C2091331987,30695.0,0.0,C1076835071,1116065.48,2161457.75,0,0
8,CASH_OUT,208319.42,C1363233249,1034.0,0.0,C1757533511,7411.53,1472554.74,0,0
8,TRANSFER,1418000.3,C1477757678,0.0,0.0,C54142591,2136736.88,6085383.25,0,0
8,TRANSFER,534219.7,C710702447,64949.0,0.0,C378081024,184113.58,828631.98,0,0
8,CASH_OUT,346300.35,C1865609758,0.0,0.0,C346008447,779992.88,1248456.29,0,0
8,CASH_OUT,149964.9,C887599192,0.0,0.0,C1575675375,1644443.02,1981093.98,0,0
8,CASH_OUT,460434.11,C1255825296,0.0,0.0,C1567808902,1256795.01,1827614.92,0,0
8,CASH_OUT,124575.12,C65322153,0.0,0.0,C507538622,157010.37,1235736.09,0,0
8,CASH_OUT,550792.13,C2076056777,0.0,0.0,C1440325059,1578646.59,2156169.36,0,0
8,CASH_OUT,271141.3,C1917982358,0.0,0.0,C143580560,281185.82,1475853.11,0,0
8,CASH_OUT,129035.95,C1785520531,0.0,0.0,C611621587,3148299.99,4336721.33,0,0
8,CASH_OUT,293594.36,C1279990147,0.0,0.0,C1962165946,378642.4,490685.21,0,0
8,CASH_OUT,351768.57,C1192762519,0.0,0.0,C1849941462,1845760.64,2455385.38,0,0
8,CASH_OUT,300661.16,C622613572,0.0,0.0,C1185525558,935134.31,1374865.05,0,0
8,CASH_OUT,308609.41,C678517005,0.0,0.0,C957388291,890648.51,854165.83,0,0
8,CASH_OUT,124914.36,C1021495937,0.0,0.0,C2071722626,212992.05,202043.27,0,0
8,CASH_OUT,57425.06,C999916846,0.0,0.0,C1922859107,256401.95,744722.69,0,0
8,CASH_OUT,98055.6,C2086684781,0.0,0.0,C58642425,135933.27,311573.72,0,0
8,CASH_OUT,46016.64,C1593561053,0.0,0.0,C1508631684,70618.99,104710.0,0,0
8,CASH_OUT,85264.26,C1961340993,0.0,0.0,C470217116,2941025.84,6821434.41,0,0
8,CASH_OUT,79296.11,C60877574,0.0,0.0,C461640598,8462039.68,11547845.68,0,0
8,CASH_OUT,56319.29,C2113792063,0.0,0.0,C216084411,57464.36,857333.79,0,0
8,CASH_OUT,147811.6,C2113422714,0.0,0.0,C1321530272,514201.74,371188.02,0,0
8,CASH_OUT,123999.07,C877954876,0.0,0.0,C2128665553,240367.74,262835.22,0,0
8,CASH_OUT,40904.53,C816357995,0.0,0.0,C404279307,589704.24,157758.06,0,0
8,CASH_OUT,360968.88,C579209297,0.0,0.0,C458582664,12803991.57,12776817.91,0,0
8,CASH_OUT,116845.12,C493509358,0.0,0.0,C875917495,3474085.72,6097795.83,0,0
8,CASH_OUT,376707.44,C228016920,0.0,0.0,C593210287,1727772.45,2724575.25,0,0
8,CASH_OUT,266297.85,C2019099451,0.0,0.0,C2086425573,794228.19,0.0,0,0
8,CASH_OUT,177013.1,C1779386593,0.0,0.0,C1609562230,10910177.51,11087190.62,0,0
8,CASH_OUT,35643.2,C628998756,0.0,0.0,C663641998,336240.38,345947.52,0,0
8,CASH_OUT,593615.08,C306563664,0.0,0.0,C1262822392,21804973.71,22641471.24,0,0
8,CASH_OUT,403131.75,C582304760,0.0,0.0,C1076835071,1524762.98,2161457.75,0,0
8,CASH_OUT,296154.41,C846024463,0.0,0.0,C1275435326,382617.42,224398.7,0,0
8,CASH_OUT,174128.46,C2043205060,0.0,0.0,C465257140,1127643.88,1761413.49,0,0
8,CASH_OUT,123836.32,C1164150759,0.0,0.0,C2013691076,536980.03,926590.63,0,0
8,CASH_OUT,362037.92,C1296152112,0.0,0.0,C578294406,784909.24,1909674.3,0,0
8,CASH_OUT,33658.75,C361536928,0.0,0.0,C1150610696,1398393.38,2040211.46,0,0
8,CASH_OUT,107264.16,C718609440,0.0,0.0,C1937962514,502585.27,1581311.49,0,0
8,CASH_OUT,184462.98,C1934682658,0.0,0.0,C1653859230,1067996.91,1878150.67,0,0
8,CASH_OUT,42681.14,C870326862,0.0,0.0,C1300183775,189812.41,232493.54,0,0
8,CASH_OUT,179790.63,C1114691599,0.0,0.0,C1105527690,2390741.98,3518763.02,0,0
8,CASH_OUT,142392.95,C1078388861,0.0,0.0,C1476213591,685100.72,407437.54,0,0
8,CASH_OUT,81357.64,C884149165,0.0,0.0,C503485607,84379.19,341838.45,0,0
8,CASH_OUT,135029.09,C108244263,0.0,0.0,C1039162432,4706424.37,5478833.48,0,0
8,CASH_OUT,276785.53,C1116192070,0.0,0.0,C1477641326,1335187.95,1614315.76,0,0
8,CASH_OUT,139647.3,C337688975,350986.0,211338.7,C803116137,22363423.05,23768107.88,0,0
8,CASH_OUT,157375.55,C1188735659,12582.0,0.0,C54741136,5021.0,112073.94,0,0
8,CASH_OUT,97023.67,C1662190392,441.0,0.0,C107095723,126953.99,324254.48,0,0
8,CASH_OUT,416587.85,C1684423185,499165.53,82577.67,C295081230,1011604.92,1679841.2,0,0
8,TRANSFER,597262.98,C921986264,11844.0,0.0,C1526401615,0.0,1603463.65,0,0
8,TRANSFER,461295.29,C1141348637,22607.21,0.0,C370055648,0.0,7673.54,0,0
8,CASH_OUT,292356.65,C348398195,106923.0,0.0,C1272615921,2376.65,165549.74,0,0
8,CASH_OUT,113460.15,C2099237844,10002.0,0.0,C1866251295,152189.0,0.0,0,0
8,CASH_OUT,170560.35,C216558151,10416.23,0.0,C1730964371,795628.27,4416336.25,0,0
8,TRANSFER,1316672.86,C930830379,20412.0,0.0,C1105901057,310009.67,2420628.66,0,0
8,CASH_OUT,50921.09,C113904,147366.01,96444.93,C1010765614,18162.28,177455.17,0,0
8,CASH_OUT,516938.12,C546116488,144766.0,0.0,C551495160,5033.0,3086545.36,0,0
8,TRANSFER,1547372.73,C314503683,20602.0,0.0,C2040656033,1495215.98,8124431.39,0,0
8,CASH_OUT,137695.42,C406011546,570378.78,432683.36,C604555852,370895.67,508591.09,0,0
8,CASH_OUT,304599.27,C2141431107,432683.36,128084.09,C660101474,736569.92,1549746.57,0,0
8,CASH_OUT,559062.72,C1154842761,329.26,0.0,C1334669858,892323.81,1017900.47,0,0
8,CASH_OUT,288265.7,C1158918503,39578.0,0.0,C954723689,148239.69,580053.83,0,0
8,CASH_OUT,272099.67,C1509557495,7001.0,0.0,C1942319984,0.0,272099.67,0,0
8,CASH_OUT,342417.7,C1494761466,0.0,0.0,C667346055,12192107.62,17132106.53,0,0
8,CASH_OUT,179858.41,C2032373012,0.0,0.0,C1182461167,303301.87,2329693.31,0,0
8,TRANSFER,1387820.14,C281430795,34604.2,0.0,C1669259232,0.0,1929836.14,0,0
8,TRANSFER,2133505.41,C1969762090,0.0,0.0,C1149273771,2412326.59,6347068.5,0,0
8,TRANSFER,2662054.47,C494275635,0.0,0.0,C875917495,3590930.84,6097795.83,0,0
8,CASH_OUT,381663.86,C1458699478,103.0,0.0,C218193338,60210.17,449522.32,0,0
8,CASH_OUT,82996.57,C1053372832,40622.0,0.0,C1559145228,0.0,82996.57,0,0
8,CASH_OUT,4206.23,C1223111343,81513.0,77306.77,C1423956695,214.0,0.0,0,0
8,CASH_OUT,187979.15,C2127583637,10117.0,0.0,C1079491260,0.0,127609.33,0,0
8,TRANSFER,449080.93,C1402154834,12420.41,0.0,C1615443145,564385.9,2907944.14,0,0
8,CASH_OUT,189504.98,C313439652,42441.0,0.0,C1263845074,104118.65,2486396.91,0,0
8,TRANSFER,461349.33,C1227865944,19828.0,0.0,C1328442807,0.0,856882.74,0,0
8,TRANSFER,425371.92,C414398307,1449232.72,1023860.79,C1360767589,16056494.82,18482735.85,0,0
8,TRANSFER,2284539.84,C751996498,1023860.79,0.0,C1721246982,2641758.09,8953314.93,0,0
8,TRANSFER,958038.06,C146181755,0.0,0.0,C977990184,1322732.95,2559967.5,0,0
8,TRANSFER,185450.91,C62802373,0.0,0.0,C1298177219,1116138.55,1618631.97,0,0
8,TRANSFER,611697.08,C45575934,0.0,0.0,C1220911229,1350736.27,2261741.99,0,0
8,TRANSFER,176085.61,C984600804,0.0,0.0,C1825634724,275868.09,1542240.66,0,0
8,TRANSFER,378033.08,C114709660,0.0,0.0,C711248671,464362.55,1522032.15,0,0
8,TRANSFER,6955.38,C2010629602,0.0,0.0,C783286238,222160.84,372688.92,0,0
8,TRANSFER,739524.48,C1320060280,0.0,0.0,C1918034924,904604.06,1096437.03,0,0
8,TRANSFER,324299.98,C172119225,0.0,0.0,C979387846,619931.25,1142330.03,0,0
8,TRANSFER,501741.84,C1048871897,0.0,0.0,C1313534832,3467294.58,4605990.97,0,0
8,TRANSFER,444189.44,C2000005438,0.0,0.0,C478124129,581031.47,2978988.84,0,0
8,TRANSFER,590690.57,C1300916197,0.0,0.0,C1284149862,940589.05,2465823.51,0,0
8,TRANSFER,652929.05,C1442125169,0.0,0.0,C1313534832,3969036.42,4605990.97,0,0
8,TRANSFER,239271.55,C1333124701,0.0,0.0,C257999182,10894854.47,14960679.69,0,0
8,TRANSFER,687159.75,C366207700,0.0,0.0,C1092465037,1003471.01,2394540.24,0,0
8,TRANSFER,6083.28,C192420548,0.0,0.0,C218193338,441874.02,449522.32,0,0
8,TRANSFER,182480.93,C1985730631,0.0,0.0,C551545010,514306.89,692434.8,0,0
8,TRANSFER,35163.0,C398288871,0.0,0.0,C1068824137,56897.27,153235.17,0,0
8,TRANSFER,19108.0,C502456966,0.0,0.0,C929452805,1485215.26,872104.29,0,0
8,TRANSFER,124813.78,C1452762566,0.0,0.0,C1917105166,427601.48,0.0,0,0
8,TRANSFER,127083.14,C2124814003,0.0,0.0,C1930851375,1239024.0,2422222.36,0,0
8,CASH_OUT,134941.22,C47764703,14033.0,0.0,C664038638,350693.72,590162.01,0,0
8,CASH_OUT,69606.31,C449200862,293219.17,223612.86,C807247901,802129.31,2080368.86,0,0
8,CASH_OUT,48468.91,C1717908647,223612.86,175143.96,C1325038895,436457.92,1943673.08,0,0
8,CASH_OUT,365170.21,C605253410,175143.96,0.0,C988138425,2254831.07,4310701.91,0,0
8,CASH_OUT,36170.86,C1243874308,0.0,0.0,C2017484544,99930.18,12.82,0,0
8,CASH_OUT,140232.61,C1650229036,0.0,0.0,C414205222,186941.98,476642.33,0,0
8,CASH_OUT,408429.47,C760463308,0.0,0.0,C954723689,436505.38,580053.83,0,0
8,CASH_OUT,58234.54,C302432059,0.0,0.0,C1065997164,2715595.26,2826797.81,0,0
8,CASH_OUT,148149.36,C2028506459,0.0,0.0,C1833467691,934661.25,1329152.12,0,0
8,CASH_OUT,60287.1,C2043426933,0.0,0.0,C982547576,412414.37,754095.34,0,0
8,CASH_OUT,14773.64,C1230067039,0.0,0.0,C492997256,1722530.34,3791280.72,0,0
8,CASH_OUT,385437.51,C1846137897,0.0,0.0,C505973878,1228069.02,1461299.3,0,0
8,CASH_OUT,113609.67,C1387728614,0.0,0.0,C194746285,1159538.92,1404489.37,0,0
8,CASH_OUT,53802.82,C1243650901,0.0,0.0,C503485607,165736.83,341838.45,0,0
8,CASH_OUT,215281.76,C161010915,0.0,0.0,C566698125,1248294.61,2281735.27,0,0
8,CASH_OUT,307559.89,C688976229,0.0,0.0,C660101474,1041169.19,1549746.57,0,0
8,CASH_OUT,94856.47,C1127881375,0.0,0.0,C934085675,1161625.6,695754.55,0,0
8,CASH_OUT,197130.53,C219077534,0.0,0.0,C1948558238,10064728.6,11604362.04,0,0
8,CASH_OUT,8052.4,C1115568400,0.0,0.0,C993777150,6056302.98,7267626.67,0,0
8,CASH_OUT,96643.33,C1825268707,0.0,0.0,C1880332929,14682515.31,14299084.37,0,0
8,CASH_OUT,91635.01,C2142663175,0.0,0.0,C2091209617,935418.4,1178577.89,0,0
8,CASH_OUT,38191.1,C77562948,0.0,0.0,C1738994372,115413.59,118893.05,0,0
8,CASH_OUT,26965.25,C924490622,0.0,0.0,C2094777811,4667812.49,4984096.57,0,0
8,CASH_OUT,182629.73,C7938565,0.0,0.0,C442364016,307954.98,328387.64,0,0
8,CASH_OUT,131254.09,C1284722247,0.0,0.0,C547644464,227547.46,927541.04,0,0
8,CASH_OUT,257367.68,C1384118912,1096761.84,839394.15,C288197656,490661.4,3423141.07,0,0
8,CASH_OUT,116536.38,C413221726,181.0,0.0,C126351739,0.0,123830.35,0,0
8,CASH_OUT,456676.34,C1448705410,693.0,0.0,C2014517831,0.0,242280.42,0,0
8,TRANSFER,218135.04,C751274188,16339.0,0.0,C1871293699,82792.85,874192.42,0,0
8,TRANSFER,1927555.26,C754883039,4585.0,0.0,C749013731,79600.65,4369565.78,0,0
8,CASH_OUT,46760.87,C1252069461,81794.0,35033.13,C596626170,0.0,4181.21,0,0
8,TRANSFER,1182230.58,C2002807992,56689.3,0.0,C757108857,0.0,1409067.21,0,0
8,CASH_OUT,43224.4,C1366537604,0.0,0.0,C1790598448,50575.73,155671.97,0,0
8,CASH_OUT,359572.88,C161218068,0.0,0.0,C2001120792,386069.07,1257854.82,0,0
8,CASH_OUT,29572.94,C1066128561,679.0,0.0,C1962165946,672236.76,490685.21,0,0
8,TRANSFER,1042355.09,C1930991953,20831.0,0.0,C1404112538,11464.04,2658931.59,0,0
8,CASH_OUT,112090.09,C2039096349,65989.97,0.0,C1298314970,178895.43,300641.87,0,0
8,CASH_OUT,320732.37,C1231830601,0.0,0.0,C551495160,521971.12,3086545.36,0,0
8,CASH_OUT,47574.12,C117511843,0.0,0.0,C1734774007,48555.98,393077.82,0,0
8,CASH_OUT,312532.17,C1618400980,0.0,0.0,C1973561066,2024001.66,2701301.94,0,0
8,CASH_OUT,454601.19,C1215609867,0.0,0.0,C1247658278,817259.54,1133629.28,0,0
8,CASH_OUT,127732.26,C1614957882,0.0,0.0,C1651945012,1725973.08,2542356.18,0,0
8,CASH_OUT,185465.43,C1870265247,0.0,0.0,C1040847151,5144979.06,7984433.54,0,0
8,CASH_OUT,45088.3,C963596498,0.0,0.0,C1651432416,3239184.42,3810758.95,0,0
8,CASH_OUT,156836.7,C1419126544,0.0,0.0,C451111351,12030123.3,13101828.29,0,0
8,CASH_OUT,142669.42,C651139877,0.0,0.0,C753282599,276285.92,81453.26,0,0
8,CASH_OUT,61963.8,C105527648,0.0,0.0,C667504652,2139751.29,2175372.0,0,0
8,CASH_OUT,148171.73,C1172312251,0.0,0.0,C1260889084,148473.41,510329.79,0,0
8,CASH_OUT,134734.32,C548082096,0.0,0.0,C118136684,208842.82,57991.83,0,0
8,CASH_OUT,97201.22,C2062000179,0.0,0.0,C1134701218,2615826.7,2573991.24,0,0
8,CASH_OUT,180882.4,C758187830,0.0,0.0,C620532131,1466177.53,2245700.64,0,0
8,CASH_OUT,181058.96,C1745993699,0.0,0.0,C1981839580,738928.43,875416.34,0,0
8,CASH_OUT,36873.75,C282006976,0.0,0.0,C1871293699,300927.89,874192.42,0,0
8,CASH_OUT,23382.31,C1475267026,0.0,0.0,C1654583020,474124.01,224286.07,0,0
8,CASH_OUT,9936.1,C1925409966,0.0,0.0,C861720625,1204525.11,1752674.41,0,0
8,TRANSFER,115675.6,C1632379503,15944.05,0.0,C1347294617,0.0,98386.98,0,0
8,CASH_OUT,278174.13,C795974813,1034.0,0.0,C1670445212,161141.16,770732.3,0,0
8,CASH_OUT,461989.12,C306691636,14822.0,0.0,C688425953,31202.65,1268298.74,0,0
8,TRANSFER,174151.1,C1410191290,29959.0,0.0,C842729010,1071343.48,5291217.05,0,0
8,TRANSFER,1531053.94,C1932650780,0.0,0.0,C461640598,8541335.79,11547845.68,0,0
8,TRANSFER,351907.31,C679311135,104379.0,0.0,C1576408634,6745.13,745744.95,0,0
8,CASH_OUT,305275.62,C516135771,184521.3,0.0,C937195105,441497.93,1256403.17,0,0
8,CASH_OUT,231257.6,C1573241363,0.0,0.0,C2006081398,2410672.84,4743010.67,0,0
8,CASH_OUT,165173.03,C717371756,0.0,0.0,C123428105,177765.42,0.0,0,0
8,CASH_OUT,131778.7,C1939212320,0.0,0.0,C453211571,9752279.99,9831503.72,0,0
8,CASH_OUT,525213.0,C1896696906,0.0,0.0,C1092465037,1690630.76,2394540.24,0,0
8,CASH_OUT,61468.07,C44813602,0.0,0.0,C1786622318,141177.04,327601.69,0,0
8,CASH_OUT,35005.48,C957979970,0.0,0.0,C403254166,409905.97,987888.66,0,0
8,CASH_OUT,209962.55,C2056082761,0.0,0.0,C33574809,262295.72,153166.15,0,0
8,CASH_OUT,226334.18,C1643723086,0.0,0.0,C1276319779,511856.49,233780.87,0,0
8,CASH_OUT,185632.14,C1030175374,0.0,0.0,C1552859894,2369838.2,3018034.04,0,0
8,CASH_OUT,468039.29,C1222726637,0.0,0.0,C492997256,1737303.99,3791280.72,0,0
8,CASH_OUT,279061.09,C1482059941,0.0,0.0,C115885991,2536639.55,4215505.1,0,0
8,CASH_OUT,334808.14,C1884094888,0.0,0.0,C2112921429,455842.96,790651.1,0,0
8,CASH_OUT,94926.11,C1954215525,0.0,0.0,C1305075214,226112.39,519020.08,0,0
8,CASH_OUT,41840.47,C918990140,4582.0,0.0,C1793436274,67713.62,109554.1,0,0
8,TRANSFER,206553.56,C1576935449,43150.0,0.0,C1205844899,13197.01,204224.99,0,0
8,CASH_OUT,17874.87,C1709231096,113813.25,95938.39,C1479091350,99544.14,117419.01,0,0
8,CASH_OUT,293889.03,C986921565,56260.44,0.0,C189963646,1420052.51,1592418.7,0,0
8,CASH_OUT,177269.64,C1502583284,0.0,0.0,C99275333,1089537.13,1266806.76,0,0
8,CASH_OUT,252705.92,C116376601,0.0,0.0,C1696758742,10606697.6,14055266.39,0,0
8,CASH_OUT,445450.83,C746789956,0.0,0.0,C448155494,493686.94,1451241.25,0,0
8,CASH_OUT,161923.77,C262265435,0.0,0.0,C1651432416,3284272.72,3810758.95,0,0
8,CASH_OUT,517925.86,C717533794,0.0,0.0,C1916720513,14193400.79,14711326.65,0,0
8,CASH_OUT,239099.15,C1383293999,0.0,0.0,C703957828,1689876.12,4327929.06,0,0
8,CASH_OUT,240767.35,C1722163993,0.0,0.0,C413177525,2034550.67,3489392.77,0,0
8,CASH_OUT,140905.62,C1733582484,0.0,0.0,C1235151206,188429.53,449233.66,0,0
8,CASH_OUT,49097.58,C1754052542,0.0,0.0,C1894575391,2325449.41,3443379.49,0,0
8,CASH_OUT,67507.85,C563606684,0.0,0.0,C232812328,1183319.51,2096642.77,0,0
8,CASH_OUT,316564.38,C1988011356,0.0,0.0,C1308497108,464655.51,781219.89,0,0
8,CASH_OUT,93557.42,C865859065,0.0,0.0,C582410861,121625.16,222084.05,0,0
8,CASH_OUT,6891.77,C1051166067,0.0,0.0,C1918034924,1644128.53,1096437.03,0,0
8,CASH_OUT,78091.33,C537568559,0.0,0.0,C1493513506,710750.94,1642701.33,0,0
8,CASH_OUT,79636.74,C601727031,0.0,0.0,C587820621,79731.0,124495.96,0,0
8,CASH_OUT,13704.81,C1325772168,0.0,0.0,C1583245323,53727.67,0.0,0,0
8,CASH_OUT,51699.27,C1300964614,0.0,0.0,C1954824726,479827.7,469710.6,0,0
8,CASH_OUT,97350.13,C945668677,7923639.39,7826289.26,C36437323,186178.32,160083.17,0,0
8,CASH_OUT,134435.58,C1486937426,8410.0,0.0,C964931693,0.0,237405.58,0,0
8,TRANSFER,1721005.72,C1753886584,0.0,0.0,C814900611,3477430.92,4893599.98,0,0
8,TRANSFER,51610.26,C1897571376,2195498.06,2143887.8,C374625527,3965697.95,5175906.61,0,0
8,CASH_OUT,139693.79,C1940202950,2143887.8,2004194.0,C2077098348,140682.8,163665.0,0,0
8,CASH_OUT,233670.92,C758201517,2004194.0,1770523.08,C1630293008,534476.59,1237504.1,0,0
8,CASH_OUT,23550.03,C343484316,813.0,0.0,C1747713912,40924.5,353616.98,0,0
8,CASH_OUT,242837.61,C1313288039,149419.46,0.0,C1092936193,0.0,242837.61,0,0
8,CASH_OUT,17288.04,C856038216,70099.0,52810.96,C997608398,781155.95,1291418.68,0,0
8,CASH_OUT,20411.8,C812452702,13021.0,0.0,C1456400374,44715.0,0.0,0,0
8,CASH_OUT,215133.01,C1303415116,14620.0,0.0,C7881234,1188580.73,1100454.23,0,0
8,TRANSFER,264428.47,C251623723,215574.76,0.0,C1136186114,4866.4,473434.13,0,0
8,CASH_OUT,155802.42,C1180644260,776907.69,621105.26,C193864812,269253.95,461760.23,0,0
8,TRANSFER,89392.86,C1624358723,282904.0,193511.14,C54274682,30160.0,280343.64,0,0
8,CASH_OUT,238922.3,C1655690155,201436.0,0.0,C551495160,842703.49,3086545.36,0,0
8,CASH_OUT,230261.79,C1387340342,5118.0,0.0,C2084129621,19800.0,384294.68,0,0
8,CASH_OUT,30652.8,C1345913047,465.0,0.0,C1698152828,5843.0,36495.8,0,0
8,CASH_OUT,99054.9,C781535696,177267.86,78212.96,C1710901767,0.0,117114.9,0,0
8,TRANSFER,894718.39,C2022543006,65159.0,0.0,C805006582,50616.0,1196120.1,0,0
8,CASH_OUT,22492.03,C799331384,1021939.83,999447.8,C787040724,1428982.26,4039814.03,0,0
8,CASH_OUT,546744.13,C1346393478,999447.8,452703.67,C478124129,1025220.91,2978988.84,0,0
8,CASH_OUT,112878.73,C691390824,12043.0,0.0,C471003380,175478.48,511534.87,0,0
8,CASH_OUT,225496.68,C1032901093,1307.0,0.0,C926957414,0.0,225496.68,0,0
8,CASH_OUT,132375.74,C2086177930,32018.58,0.0,C2136124320,321644.19,127874.69,0,0
8,CASH_OUT,365701.56,C1842362562,0.0,0.0,C131837504,1428731.33,2355805.28,0,0
8,CASH_OUT,600995.0,C1628195123,0.0,0.0,C1615443145,1013466.83,2907944.14,0,0
8,CASH_OUT,54457.48,C465000700,0.0,0.0,C1179975227,101869.46,0.0,0,0
8,CASH_OUT,322086.64,C598977500,0.0,0.0,C1189861498,581336.88,922482.19,0,0
8,CASH_OUT,59212.01,C1330217280,0.0,0.0,C1503560125,368147.66,188802.23,0,0
8,CASH_OUT,288891.71,C1276058699,0.0,0.0,C1297685781,2157823.93,3258726.36,0,0
8,CASH_OUT,477230.01,C1834933646,0.0,0.0,C2113748097,641681.6,1409734.26,0,0
8,CASH_OUT,163500.01,C1401779890,0.0,0.0,C2091209617,1027053.4,1178577.89,0,0
8,CASH_OUT,126473.5,C1355660802,0.0,0.0,C1447218435,212281.0,0.0,0,0
8,CASH_OUT,144749.98,C1679039764,0.0,0.0,C90486891,4093894.92,3803124.27,0,0
8,CASH_OUT,2515.97,C2134707893,0.0,0.0,C699539366,163109.57,215531.33,0,0
8,CASH_OUT,37164.06,C1195233030,0.0,0.0,C1141049797,213075.6,1404288.87,0,0
8,CASH_OUT,7076.57,C2050835533,0.0,0.0,C459971513,21597.0,0.0,0,0
8,CASH_OUT,58197.1,C1040521891,0.0,0.0,C218997206,390206.29,191384.94,0,0
8,CASH_OUT,6243.29,C693826416,0.0,0.0,C1231842708,638423.9,751281.48,0,0
8,CASH_OUT,53947.68,C3558562,0.0,0.0,C1010765614,69083.37,177455.17,0,0
8,CASH_OUT,26322.89,C272203717,0.0,0.0,C65197494,405940.27,732054.05,0,0
8,CASH_OUT,89562.15,C117419875,0.0,0.0,C2116802101,989974.04,1187770.16,0,0
8,CASH_OUT,45232.02,C2025856447,0.0,0.0,C1060041730,15048986.07,16532032.16,0,0
8,CASH_OUT,46155.78,C1243680089,0.0,0.0,C2013854563,164418.32,2506046.99,0,0
8,CASH_OUT,359779.06,C289248399,0.0,0.0,C312537393,2151005.07,4810603.67,0,0
8,CASH_OUT,261400.54,C1782756732,0.0,0.0,C361931733,516943.93,496507.85,0,0
8,CASH_OUT,94130.66,C311914606,0.0,0.0,C1304345230,574394.38,834552.47,0,0
8,CASH_OUT,250629.67,C1352592544,0.0,0.0,C518953848,1021033.56,1571399.65,0,0
8,CASH_OUT,47065.75,C763003856,0.0,0.0,C381390837,52054.0,1353134.08,0,0
8,CASH_OUT,322236.07,C1391209046,0.0,0.0,C932583850,7097354.95,9546432.01,0,0
8,CASH_OUT,301018.48,C2077303909,0.0,0.0,C1251991550,885877.15,1740396.12,0,0
8,CASH_OUT,61648.1,C1544367187,0.0,0.0,C169904524,122820.64,190170.59,0,0
8,CASH_OUT,412651.19,C621826049,0.0,0.0,C1639464943,852603.91,631745.85,0,0
8,CASH_OUT,226836.63,C371023983,0.0,0.0,C757108857,1182230.58,1409067.21,0,0
8,CASH_OUT,281198.12,C1688050885,0.0,0.0,C1554565380,4409995.62,6064917.71,0,0
8,CASH_OUT,142792.66,C1363626929,0.0,0.0,C1384149246,153229.67,379333.69,0,0
8,CASH_OUT,5926.02,C1995479488,0.0,0.0,C1166654566,818198.9,851662.52,0,0
8,CASH_OUT,241743.56,C185827689,0.0,0.0,C414821585,297756.73,743038.31,0,0
8,CASH_OUT,78331.34,C65032058,0.0,0.0,C1327282178,255815.47,169800.16,0,0
8,CASH_OUT,114664.11,C1745978996,0.0,0.0,C1692434834,597946.55,167038.38,0,0
8,CASH_OUT,131257.68,C442313775,0.0,0.0,C2013691076,660816.35,926590.63,0,0
8,CASH_OUT,319.29,C231931588,0.0,0.0,C720759478,7986915.91,8118536.09,0,0
8,CASH_OUT,129181.82,C214494107,0.0,0.0,C170899621,10316143.15,10464208.87,0,0
8,CASH_OUT,60520.13,C1745808976,0.0,0.0,C979719862,595567.22,491448.89,0,0
8,CASH_OUT,96559.51,C465673002,0.0,0.0,C151400576,1265760.71,1276550.33,0,0
8,CASH_OUT,156435.38,C33514056,0.0,0.0,C635281078,2384137.94,2265663.04,0,0
8,CASH_OUT,165340.5,C1243661791,0.0,0.0,C1065774928,567176.65,1024187.45,0,0
8,CASH_OUT,237136.02,C1438899877,0.0,0.0,C1700355047,715009.6,1455482.66,0,0
8,CASH_OUT,21096.19,C1120671740,0.0,0.0,C1696218625,449792.91,398732.86,0,0
8,CASH_OUT,231365.58,C953925839,0.0,0.0,C1467301185,309005.02,190006.37,0,0
8,CASH_OUT,13243.48,C1956246582,0.0,0.0,C970591815,43388.63,56632.12,0,0
8,CASH_OUT,171216.54,C1063533302,0.0,0.0,C688425953,493191.77,1268298.74,0,0
8,CASH_OUT,48666.92,C498444561,0.0,0.0,C674913323,2238446.45,4984485.97,0,0
8,CASH_OUT,42708.95,C2072956880,0.0,0.0,C803368825,176264.03,0.0,0,0
8,CASH_OUT,2198.09,C1074638035,0.0,0.0,C1244762702,16075.0,0.0,0,0
8,CASH_OUT,92445.85,C1579195822,0.0,0.0,C2013854563,210574.09,2506046.99,0,0
8,CASH_OUT,540422.66,C1852660314,0.0,0.0,C699026377,547640.5,1242261.84,0,0
8,CASH_OUT,150440.27,C1662052360,0.0,0.0,C439078113,1584704.17,1886598.11,0,0
8,CASH_OUT,31977.25,C1314302861,0.0,0.0,C1287328228,207762.49,485209.81,0,0
8,CASH_OUT,393561.54,C339841540,0.0,0.0,C40075281,6428413.24,7088323.13,0,0
8,CASH_OUT,197644.98,C284861788,0.0,0.0,C1485516154,10546017.54,11477233.99,0,0
8,CASH_OUT,316004.62,C1959682019,0.0,0.0,C1210180003,820799.45,1313362.94,0,0
8,CASH_OUT,201052.75,C264214580,0.0,0.0,C769342184,16384782.31,16681340.95,0,0
8,CASH_OUT,176915.7,C393673333,0.0,0.0,C141458554,305387.1,276972.3,0,0
8,CASH_OUT,309053.88,C1382247810,0.0,0.0,C1695946783,705697.54,1014751.42,0,0
8,CASH_OUT,254053.97,C1414791530,0.0,0.0,C749672494,620266.12,1714037.69,0,0
8,CASH_OUT,238683.83,C668556780,0.0,0.0,C68113386,11919857.46,12099108.35,0,0
8,CASH_OUT,436083.03,C131903024,0.0,0.0,C193625667,1651577.79,2526131.0,0,0
8,CASH_OUT,207618.76,C1310379060,0.0,0.0,C1915163610,613989.83,1232867.65,0,0
8,CASH_OUT,316543.72,C976341964,0.0,0.0,C1254526270,446132.51,799122.66,0,0
8,CASH_OUT,222087.15,C1475004251,0.0,0.0,C1871293699,337801.64,874192.42,0,0
8,CASH_OUT,151462.32,C891641528,0.0,0.0,C1786758337,347224.49,577913.11,0,0
8,CASH_OUT,20062.91,C767975236,0.0,0.0,C1377194794,2077829.53,3397278.16,0,0
8,CASH_OUT,327551.28,C421371547,0.0,0.0,C1790202239,2488007.37,1592988.35,0,0
8,CASH_OUT,558171.61,C407651068,0.0,0.0,C1256732367,756987.78,1564770.58,0,0
8,CASH_OUT,261131.76,C117641171,0.0,0.0,C593210287,2104479.89,2724575.25,0,0
8,CASH_OUT,55319.65,C404773896,0.0,0.0,C1095587424,1055332.91,1261611.22,0,0
8,CASH_OUT,71749.53,C1841094865,0.0,0.0,C1570076320,959066.14,1352815.49,0,0
8,CASH_OUT,84175.39,C396166200,0.0,0.0,C1286885448,143534.68,0.0,0,0
8,CASH_OUT,48126.16,C142605455,0.0,0.0,C1424731356,975070.92,0.0,0,0
8,CASH_OUT,381659.74,C304423316,0.0,0.0,C1839337592,1977820.79,2185862.48,0,0
8,CASH_OUT,89870.47,C412475753,0.0,0.0,C381605910,197734.7,759872.18,0,0
8,CASH_OUT,82422.43,C1733724807,0.0,0.0,C1220897602,10422370.89,10388904.22,0,0
8,CASH_OUT,200232.21,C272271718,0.0,0.0,C981765041,299180.32,0.0,0,0
8,CASH_OUT,81203.77,C732439412,0.0,0.0,C1589477624,1342758.28,0.0,0,0
8,CASH_OUT,34385.77,C469828033,0.0,0.0,C1907989702,51743.0,86128.77,0,0
8,CASH_OUT,170790.24,C1330684532,0.0,0.0,C1207946845,1292893.18,1079004.45,0,0
8,CASH_OUT,419729.01,C199586625,0.0,0.0,C1359484306,6366613.41,7364724.84,0,0
8,CASH_OUT,111688.11,C1639727818,0.0,0.0,C453984087,513617.34,548359.45,0,0
8,CASH_OUT,163947.95,C1965512757,0.0,0.0,C1930040331,440600.63,462485.35,0,0
8,CASH_OUT,184360.02,C1059985383,0.0,0.0,C1491676195,1639903.4,1800557.56,0,0
8,CASH_OUT,184541.51,C527504440,0.0,0.0,C968448640,2885214.3,3438487.71,0,0
8,CASH_OUT,184525.24,C483962638,0.0,0.0,C1692142175,303168.45,963726.26,0,0
8,CASH_OUT,176815.3,C1399962192,0.0,0.0,C266912553,1805460.61,2580927.41,0,0
8,CASH_OUT,83071.82,C481234678,0.0,0.0,C1487669283,2186007.45,2349962.91,0,0
8,CASH_OUT,119781.17,C199756175,0.0,0.0,C1211297851,742413.17,862194.34,0,0
8,CASH_OUT,67537.81,C1385260835,0.0,0.0,C1217400138,517875.81,359950.01,0,0
8,CASH_OUT,40788.55,C216855579,0.0,0.0,C161140376,63520.78,166122.68,0,0
8,CASH_OUT,45187.29,C1750107086,0.0,0.0,C749013731,2007155.9,4369565.78,0,0
8,CASH_OUT,53287.61,C591350586,0.0,0.0,C570588770,186528.4,9152.19,0,0
8,CASH_OUT,29640.59,C2051971073,0.0,0.0,C1385126783,165983.16,195623.75,0,0
8,CASH_OUT,2585.37,C300541823,0.0,0.0,C183354406,4778023.82,4267082.25,0,0
8,CASH_OUT,5916.94,C2110478463,0.0,0.0,C184253187,8072676.36,10206620.58,0,0
8,CASH_OUT,41856.67,C611625575,0.0,0.0,C815905200,134569.78,79131.69,0,0
8,CASH_OUT,104926.89,C712286328,0.0,0.0,C1251991550,1186895.64,1740396.12,0,0
8,CASH_OUT,64809.59,C1962436694,0.0,0.0,C981198566,103079.84,1039842.77,0,0
8,CASH_OUT,23178.12,C1406651926,0.0,0.0,C1360767589,16481866.74,18482735.85,0,0
8,CASH_OUT,103194.83,C1391554969,0.0,0.0,C1553217607,288380.93,812216.2,0,0
8,CASH_OUT,423203.4,C1560898783,0.0,0.0,C1141137903,11167807.05,14068690.23,0,0
8,CASH_OUT,13990.85,C1778652656,0.0,0.0,C235754376,20987.0,1663.16,0,0
8,CASH_OUT,185643.82,C122601944,0.0,0.0,C1166654566,824124.92,851662.52,0,0
8,CASH_OUT,11746.15,C1592399121,0.0,0.0,C33574809,472258.28,153166.15,0,0
8,CASH_OUT,198098.79,C1209263495,0.0,0.0,C979387846,944231.24,1142330.03,0,0
8,CASH_OUT,360122.65,C49464032,0.0,0.0,C51626955,760382.03,1129092.65,0,0
8,CASH_OUT,979.69,C1933808487,0.0,0.0,C977993101,3425769.57,3373302.83,0,0
8,CASH_OUT,46941.46,C2098152067,0.0,0.0,C2067546399,97630.03,1318005.5,0,0
8,CASH_OUT,101116.28,C711438200,0.0,0.0,C1371191175,110645.44,1093896.21,0,0
8,CASH_OUT,177699.59,C1050053910,0.0,0.0,C480500119,869501.24,135593.97,0,0
8,CASH_OUT,225169.77,C1361180936,0.0,0.0,C1805683209,5843678.21,7428081.5,0,0
8,CASH_OUT,170632.83,C1446884085,0.0,0.0,C1058664855,237884.38,0.0,0,0
8,CASH_OUT,28259.15,C1094109989,0.0,0.0,C1084953745,189631.11,167299.83,0,0
8,CASH_OUT,73334.81,C1262616616,0.0,0.0,C257999182,11134126.02,14960679.69,0,0
8,CASH_OUT,78929.97,C368396785,0.0,0.0,C413177525,2275318.02,3489392.77,0,0
8,CASH_OUT,179538.83,C786754464,0.0,0.0,C991363637,11936714.71,11956594.11,0,0
8,CASH_OUT,178320.9,C1501323962,0.0,0.0,C573200870,382076.05,560396.95,0,0
8,CASH_OUT,56569.86,C48528125,0.0,0.0,C144931946,124084.7,58626.28,0,0
8,CASH_OUT,52082.89,C1029767569,0.0,0.0,C952219856,534827.55,821571.37,0,0
8,CASH_OUT,128867.2,C886133878,0.0,0.0,C728885526,275041.46,608211.84,0,0
8,CASH_OUT,293709.01,C243436004,0.0,0.0,C1185525558,1235795.47,1374865.05,0,0
8,CASH_OUT,307727.99,C682821998,10214.0,0.0,C1483338079,61448.21,774580.02,0,0
8,CASH_OUT,248973.03,C1643312508,25330.0,0.0,C232812328,1250827.36,2096642.77,0,0
8,CASH_OUT,133097.38,C1601614336,748.0,0.0,C2803085,53175.0,0.0,0,0
8,CASH_OUT,83674.98,C693757319,70196.0,0.0,C288197656,748029.08,3423141.07,0,0
8,CASH_OUT,148918.41,C649191212,2546147.34,2397228.93,C922871524,163248.52,312166.92,0,0
8,CASH_OUT,58931.45,C780519364,60513.05,1581.61,C756475678,87936.88,233193.32,0,0
8,CASH_OUT,489768.6,C261159464,482835.96,0.0,C2072030256,1641744.7,0.0,0,0
8,CASH_OUT,484816.47,C254519289,0.0,0.0,C1429623854,1877919.82,2256720.17,0,0
8,CASH_OUT,180899.07,C672847512,386073.71,205174.64,C787033725,4246458.1,4547905.63,0,0
8,CASH_OUT,266365.08,C2052892685,5560.0,0.0,C915049328,16075.0,282440.08,0,0
8,TRANSFER,814586.98,C2004030492,60306.88,0.0,C997588432,49564.1,0.0,0,0
8,CASH_OUT,124680.52,C2004614786,0.0,0.0,C713987035,1300090.87,1284003.82,0,0
8,CASH_OUT,430284.11,C1985208585,96127.36,0.0,C1817886095,0.0,139123.77,0,0
8,CASH_OUT,146094.75,C1042964054,308.0,0.0,C1959940703,12616.48,5869.42,0,0
8,CASH_OUT,444708.88,C728567298,51689.0,0.0,C1638372110,352661.59,1002856.87,0,0
8,CASH_OUT,287380.47,C567516111,31080.0,0.0,C1005941472,0.0,550281.5,0,0
8,CASH_OUT,176383.26,C1143337713,0.0,0.0,C1426908073,698852.41,0.0,0,0
8,CASH_OUT,71344.25,C134148013,430086.8,358742.56,C186847111,95938.39,91918.95,0,0
8,TRANSFER,1546130.53,C1783796349,149223.0,0.0,C2145961947,5747.2,1892961.13,0,0
8,CASH_OUT,238199.08,C1169508565,0.0,0.0,C1854597758,0.0,238199.08,0,0
8,CASH_OUT,438037.61,C269654139,0.0,0.0,C718985478,2057627.66,2679057.37,0,0
8,CASH_OUT,116444.85,C1617006163,0.0,0.0,C1787868648,11043932.21,15128076.87,0,0
8,CASH_OUT,330128.5,C517880152,0.0,0.0,C1526401615,597262.98,1603463.65,0,0
8,CASH_OUT,363632.3,C1908550070,0.0,0.0,C8290162,6490528.07,6650282.66,0,0
8,CASH_OUT,279329.71,C1964484277,0.0,0.0,C1251686742,533612.71,1311387.88,0,0
8,CASH_OUT,495848.69,C426294610,0.0,0.0,C818570949,1336261.02,2402597.58,0,0
8,CASH_OUT,303655.77,C1989362654,0.0,0.0,C2001120792,745641.95,1257854.82,0,0
8,CASH_OUT,139094.48,C385637155,0.0,0.0,C54617902,1076343.6,1442068.04,0,0
8,CASH_OUT,49427.01,C1586914631,0.0,0.0,C289045778,99189.38,699161.9,0,0
8,CASH_OUT,66159.71,C46715370,0.0,0.0,C611572016,167447.88,71.92,0,0
8,CASH_OUT,129877.32,C1856630750,0.0,0.0,C289045778,148616.39,699161.9,0,0
8,CASH_OUT,155653.26,C452498539,0.0,0.0,C1473237843,198065.67,347898.56,0,0
8,CASH_OUT,277057.39,C1999201838,0.0,0.0,C1410669831,498008.91,252392.49,0,0
8,CASH_OUT,120301.59,C858439328,0.0,0.0,C718985478,2495665.27,2679057.37,0,0
8,CASH_OUT,139208.01,C308043780,0.0,0.0,C705321061,1112082.2,1306261.5,0,0
8,CASH_OUT,159097.67,C1280964072,0.0,0.0,C11003494,14787807.37,15487289.9,0,0
8,CASH_OUT,92309.15,C1895690843,0.0,0.0,C207471579,719725.21,610300.47,0,0
8,CASH_OUT,44602.27,C381979994,0.0,0.0,C2127862399,1343593.02,1388195.29,0,0
8,CASH_OUT,39755.39,C1734972358,0.0,0.0,C675203915,4482481.24,5398127.54,0,0
8,CASH_OUT,62065.01,C1679608950,0.0,0.0,C425298744,98205.86,0.0,0,0
8,CASH_OUT,127740.9,C2070709636,0.0,0.0,C444613285,897642.86,1025383.76,0,0
8,CASH_OUT,63216.18,C1240496622,0.0,0.0,C75629578,290379.23,707849.71,0,0
8,CASH_OUT,124547.41,C2131677889,64109.0,0.0,C989898681,120600.57,192397.38,0,0
8,TRANSFER,50212.51,C1603672862,72565.0,22352.49,C1192244013,1109.0,51321.51,0,0
8,CASH_OUT,331826.4,C1443316471,3428823.65,3096997.24,C305306935,0.0,643924.04,0,0
8,CASH_OUT,28232.54,C1019751971,3096997.24,3068764.71,C1334679764,252082.88,280315.42,0,0
8,TRANSFER,2193255.28,C88275467,4716.0,0.0,C975904548,0.0,2577301.68,0,0
8,CASH_OUT,356589.54,C1784897366,0.0,0.0,C668345982,393163.82,879599.54,0,0
8,TRANSFER,115503.23,C1654013872,11243.0,0.0,C588565911,0.0,0.0,0,0
8,CASH_OUT,132628.52,C1087469980,380.0,0.0,C1631408038,0.0,155039.65,0,0
8,CASH_OUT,367358.98,C677870260,89932.0,0.0,C1856885570,86044.14,517223.59,0,0
8,CASH_OUT,35935.28,C1273492299,42721.0,6785.72,C824781215,44826.43,80756.55,0,0
8,TRANSFER,538207.0,C1641953523,0.0,0.0,C1335946878,1019357.39,3529395.92,0,0
8,CASH_OUT,310206.62,C1722342313,51677.0,0.0,C1881151365,15054.94,325261.56,0,0
8,TRANSFER,262231.65,C1614097035,192782.0,0.0,C386349248,8612.4,497560.03,0,0
8,CASH_OUT,209128.09,C622984838,88933.12,0.0,C2036762590,610212.29,987490.04,0,0
8,TRANSFER,934915.03,C1416220329,5982.0,0.0,C496695089,0.0,1908925.89,0,0
8,TRANSFER,103194.08,C2019755292,49143.0,0.0,C1234363215,79317.9,353601.18,0,0
8,CASH_OUT,232882.29,C1540232302,100706.65,0.0,C1540720037,584275.54,1159645.73,0,0
8,CASH_OUT,105983.05,C1907426399,0.0,0.0,C1424731356,1023197.08,0.0,0,0
8,TRANSFER,77244.85,C1798799430,4719.0,0.0,C1199737595,0.0,0.0,0,0
8,CASH_OUT,72088.22,C1504722968,13458.0,0.0,C1058634310,1856572.39,3071176.4,0,0
8,CASH_OUT,264669.13,C240307928,39882.0,0.0,C1242586395,40143.28,58532.57,0,0
8,CASH_OUT,49985.75,C1689925152,52735.0,2749.25,C507046070,0.0,49985.75,0,0
8,CASH_OUT,221036.1,C1444648847,96586.76,0.0,C1815271991,920482.33,1069004.15,0,0
8,CASH_OUT,56293.07,C1515241771,504835.0,448541.93,C1712003741,9690.15,65983.21,0,0
8,CASH_OUT,59161.1,C214866099,10670.0,0.0,C31639297,0.0,59161.1,0,0
8,CASH_OUT,236104.53,C1000303171,45802.0,0.0,C1374917762,0.0,82985.37,0,0
8,CASH_OUT,139858.39,C270137560,39344.0,0.0,C1769042905,8433.39,148291.78,0,0
8,TRANSFER,447771.18,C353416745,5583.0,0.0,C794295331,0.0,864926.37,0,0
8,CASH_OUT,216555.48,C107872781,314594.78,98039.3,C1540720037,817157.83,1159645.73,0,0
8,TRANSFER,1190779.93,C1943963437,69489.0,0.0,C1768641212,46728.3,3922199.3,0,0
8,CASH_OUT,116496.0,C1003598110,0.0,0.0,C193625667,2087660.82,2526131.0,0,0
8,CASH_OUT,83962.07,C1018281638,9058.0,0.0,C1122340750,102.0,84064.07,0,0
8,CASH_OUT,191844.62,C1476293674,689973.0,498128.38,C925936450,0.0,191844.62,0,0
8,CASH_OUT,98244.08,C1187114910,183.0,0.0,C1030706332,3198564.97,3036551.46,0,0
8,TRANSFER,401719.53,C388172239,29036.0,0.0,C495650048,0.0,662759.56,0,0
8,TRANSFER,29647.73,C1591196074,28908.0,0.0,C988138425,2620001.28,4310701.91,0,0
8,TRANSFER,926639.25,C119620745,15072.0,0.0,C1825174365,3964697.41,6657580.62,0,0
8,CASH_OUT,98055.06,C1150395314,80405.0,0.0,C1192983708,0.0,98055.06,0,0
8,CASH_OUT,103090.49,C1226420901,150766.0,47675.51,C624685600,174109.64,1263934.85,0,0
8,CASH_OUT,85096.36,C1433757097,273170.33,188073.98,C728885526,403908.65,608211.84,0,0
8,CASH_OUT,169512.95,C69643410,188073.98,18561.02,C1624533975,236310.77,394387.32,0,0
8,CASH_OUT,394192.5,C1339310232,18561.02,0.0,C348708793,435426.75,1164655.76,0,0
8,CASH_OUT,172979.48,C474716280,0.0,0.0,C766681183,16872391.93,17356500.26,0,0
8,CASH_OUT,113602.68,C1651375733,0.0,0.0,C547644464,358801.55,927541.04,0,0
8,CASH_OUT,375822.33,C1394515094,0.0,0.0,C1493448513,500301.57,1075149.48,0,0
8,CASH_OUT,127874.84,C1050924781,0.0,0.0,C2113748097,1118911.61,1409734.26,0,0
8,CASH_OUT,438444.23,C2129334553,0.0,0.0,C1485516154,10743662.53,11477233.99,0,0
8,CASH_OUT,383243.93,C1945687783,0.0,0.0,C683605346,591756.15,1371546.23,0,0
8,CASH_OUT,162152.62,C1411718690,0.0,0.0,C2013854563,303019.94,2506046.99,0,0
8,CASH_OUT,381432.27,C1955704565,0.0,0.0,C1529115495,1238963.65,2956183.79,0,0
8,CASH_OUT,178553.44,C1389632167,0.0,0.0,C1629911510,1107856.92,1925872.77,0,0
8,CASH_OUT,27112.42,C1739502068,0.0,0.0,C1685697739,163229.61,29206.12,0,0
8,CASH_OUT,46279.23,C461793069,0.0,0.0,C30013970,101267.15,0.0,0,0
8,CASH_OUT,319487.97,C1654232238,0.0,0.0,C1271835801,420842.73,2432075.54,0,0
8,CASH_OUT,183291.54,C275430264,0.0,0.0,C1556875182,2431656.97,3585215.55,0,0
8,CASH_OUT,46243.45,C39426448,0.0,0.0,C662736689,8442545.96,8488789.41,0,0
8,CASH_OUT,2394.08,C709769721,0.0,0.0,C1682264452,16195.29,0.0,0,0
8,CASH_OUT,96559.81,C81585402,0.0,0.0,C63387985,271703.64,209465.11,0,0
8,CASH_OUT,28359.23,C1101545058,0.0,0.0,C1438689128,46676.99,117723.31,0,0
8,CASH_OUT,136338.57,C259242718,45703.74,0.0,C1498438472,6644.77,92559.26,0,0
8,TRANSFER,353849.25,C988804510,2205.0,0.0,C536171536,0.0,398490.39,0,0
8,CASH_OUT,239155.0,C305277801,492704.38,253549.38,C617412264,0.0,220938.7,0,0
8,TRANSFER,1392716.74,C1706564799,190760.24,0.0,C888005223,0.0,1243447.29,0,0
8,CASH_OUT,111059.57,C156136166,60145.0,0.0,C705321061,1251290.2,1306261.5,0,0
8,CASH_OUT,60210.74,C1080685417,17952.0,0.0,C1099915107,0.0,415025.91,0,0
8,CASH_OUT,39288.25,C1247544012,401171.74,361883.49,C2083117811,85653.6,305233.44,0,0
8,CASH_OUT,78075.27,C1432377746,107721.0,29645.73,C811037326,71153.18,41482.56,0,0
8,CASH_OUT,5020.88,C1090469674,19081.27,14060.39,C1552655085,0.0,5020.88,0,0
8,CASH_OUT,114352.9,C386159214,14060.39,0.0,C783286238,229116.22,372688.92,0,0
8,CASH_OUT,293049.7,C1986633992,0.0,0.0,C408304912,839394.15,3158225.46,0,0
8,CASH_OUT,384266.77,C1395098450,0.0,0.0,C309167705,438309.92,102587.94,0,0
8,CASH_OUT,194723.73,C1788403827,0.0,0.0,C1501701470,3481414.54,4463342.32,0,0
8,CASH_OUT,121676.2,C1597655148,0.0,0.0,C420398953,606266.11,963198.49,0,0
8,CASH_OUT,583046.85,C1692455778,0.0,0.0,C248609774,12199941.58,13033871.02,0,0
8,CASH_OUT,467752.9,C196276671,0.0,0.0,C478124129,1571965.04,2978988.84,0,0
8,CASH_OUT,218145.15,C637801410,0.0,0.0,C1495001462,2344699.94,2528788.63,0,0
8,CASH_OUT,179846.17,C728778310,0.0,0.0,C1280512370,189478.72,369324.89,0,0
8,CASH_OUT,205621.57,C1231682441,0.0,0.0,C988138425,2649649.02,4310701.91,0,0
8,CASH_OUT,345409.34,C1439351826,0.0,0.0,C1515979807,11086602.71,12141425.39,0,0
8,CASH_OUT,95094.7,C1398163306,0.0,0.0,C1046102247,1040646.88,1694020.5,0,0
8,CASH_OUT,7142.26,C2059233584,0.0,0.0,C2109470512,3396004.76,6787849.45,0,0
8,CASH_OUT,58229.91,C2081316957,0.0,0.0,C1321128627,256194.89,150631.9,0,0
8,CASH_OUT,171543.04,C2137510298,0.0,0.0,C265108079,2141968.86,4937135.42,0,0
8,CASH_OUT,75053.86,C510374923,0.0,0.0,C1281580764,83938.34,262043.65,0,0
8,CASH_OUT,75571.99,C252623391,0.0,0.0,C1359484306,6786342.42,7364724.84,0,0
8,CASH_OUT,7350.16,C868139,0.0,0.0,C1566158153,1567650.34,3470699.47,0,0
8,CASH_OUT,126712.99,C1093129649,0.0,0.0,C2018975718,193403.65,404128.0,0,0
8,CASH_OUT,101172.43,C36694642,0.0,0.0,C1638372110,797370.47,1002856.87,0,0
8,CASH_OUT,169167.36,C2022405738,0.0,0.0,C1329589315,396465.79,711930.13,0,0
8,CASH_OUT,88953.49,C286714423,0.0,0.0,C555334025,139041.38,72786.24,0,0
8,CASH_OUT,132185.73,C1851998201,0.0,0.0,C1482979717,207838.86,2581338.81,0,0
8,CASH_OUT,224759.92,C325198909,176133.84,0.0,C254669696,39548.9,264308.82,0,0
8,TRANSFER,113485.37,C813246493,0.0,0.0,C97730845,20099745.23,23005385.41,0,0
8,CASH_OUT,182923.33,C910907377,7048.0,0.0,C888005223,1392716.74,1243447.29,0,0
8,CASH_OUT,150958.65,C1544152002,13067.0,0.0,C1095587424,1110652.57,1261611.22,0,0
8,CASH_OUT,86503.87,C555936436,0.0,0.0,C919488700,102656.44,189160.31,0,0
8,CASH_OUT,253832.21,C736233587,0.0,0.0,C1926673338,2485397.81,2125199.85,0,0
8,CASH_OUT,362731.24,C1199187489,0.0,0.0,C660101474,1348729.09,1549746.57,0,0
8,CASH_OUT,264898.0,C1417595647,0.0,0.0,C51626955,1120504.68,1129092.65,0,0
8,CASH_OUT,376851.78,C1656749454,0.0,0.0,C914293025,2184937.35,2755264.61,0,0
8,CASH_OUT,265813.62,C1495650362,0.0,0.0,C1749476584,1503110.11,2294866.91,0,0
8,CASH_OUT,368175.88,C1341697553,0.0,0.0,C1334973394,589087.77,1421615.52,0,0
8,CASH_OUT,98048.66,C1836301347,0.0,0.0,C381390837,99119.75,1353134.08,0,0
8,CASH_OUT,29721.07,C1883078542,0.0,0.0,C1850042097,61127.87,123585.66,0,0
8,CASH_OUT,312538.54,C124700083,0.0,0.0,C1750956965,771563.92,2884719.28,0,0
8,CASH_OUT,347392.0,C225209193,0.0,0.0,C1440282299,382720.42,878239.73,0,0
8,CASH_OUT,223259.56,C2106477635,0.0,0.0,C265108079,2313511.9,4937135.42,0,0
8,CASH_OUT,78021.26,C1716821363,0.0,0.0,C2057394816,809082.38,1655161.56,0,0
8,CASH_OUT,7293.98,C392601431,0.0,0.0,C126351739,116536.38,123830.35,0,0
8,CASH_OUT,48164.05,C2042599921,0.0,0.0,C1847521348,51138.09,99302.15,0,0
8,CASH_OUT,213079.28,C1994141393,0.0,0.0,C1321139761,1168228.09,1521202.97,0,0
8,CASH_OUT,136474.2,C874613372,0.0,0.0,C506046490,199486.27,254084.28,0,0
8,CASH_OUT,82354.93,C387852168,0.0,0.0,C115885991,2815700.63,4215505.1,0,0
8,CASH_OUT,12287.25,C317408395,0.0,0.0,C818570949,1832109.71,2402597.58,0,0
8,CASH_OUT,135707.12,C89545377,0.0,0.0,C193864812,425056.37,461760.23,0,0
8,CASH_OUT,394872.08,C1033654813,0.0,0.0,C749672494,874320.09,1714037.69,0,0
8,CASH_OUT,73096.7,C1532497985,0.0,0.0,C1031639563,5000313.38,5739012.22,0,0
8,CASH_OUT,299861.06,C325048509,0.0,0.0,C1390121014,423223.33,914190.45,0,0
8,CASH_OUT,132701.78,C619383589,0.0,0.0,C2078011503,210233.46,880510.54,0,0
8,CASH_OUT,243929.25,C2067314975,0.0,0.0,C769342184,16585835.05,16681340.95,0,0
8,CASH_OUT,244275.12,C1626956833,0.0,0.0,C123366619,254454.39,499859.5,0,0
8,CASH_OUT,114813.76,C227463859,0.0,0.0,C1750665229,128890.12,132596.48,0,0
8,CASH_OUT,219154.26,C1900036612,0.0,0.0,C515132998,2127565.75,4460317.7,0,0
8,CASH_OUT,236303.76,C1334771058,0.0,0.0,C492997256,2205343.27,3791280.72,0,0
8,CASH_OUT,181269.91,C1685930190,0.0,0.0,C481402298,7760760.0,8144736.91,0,0
8,CASH_OUT,138794.98,C522001848,0.0,0.0,C1134976854,303626.77,756076.63,0,0
8,CASH_OUT,38955.28,C1816013885,0.0,0.0,C1001755781,235452.18,274407.46,0,0
8,CASH_OUT,281154.76,C1415784869,0.0,0.0,C1576408634,358652.44,745744.95,0,0
8,CASH_OUT,148876.34,C1519806679,0.0,0.0,C596299019,627510.53,644344.55,0,0
8,CASH_OUT,31900.57,C764501728,0.0,0.0,C794295331,447771.18,864926.37,0,0
8,CASH_OUT,274863.07,C810795179,0.0,0.0,C1424731356,1129180.14,0.0,0,0
8,CASH_OUT,301753.49,C2100361477,0.0,0.0,C1998750048,368724.75,553336.6,0,0
8,CASH_OUT,40005.22,C344581796,0.0,0.0,C1721892488,72124.0,112129.22,0,0
8,CASH_OUT,22689.77,C860408971,0.0,0.0,C1519216494,35360.82,58050.59,0,0
8,CASH_OUT,60913.55,C489686225,0.0,0.0,C2011996123,7416753.25,9264344.9,0,0
8,CASH_OUT,36767.33,C1739730595,0.0,0.0,C362585233,2460087.54,2489006.65,0,0
8,CASH_OUT,43154.65,C1020614711,0.0,0.0,C910260446,333960.0,312827.84,0,0
8,CASH_OUT,15208.64,C1233975218,0.0,0.0,C1404112538,1053819.12,2658931.59,0,0
8,CASH_OUT,17203.62,C1409774814,0.0,0.0,C1583798365,98508.55,115712.16,0,0
8,CASH_OUT,87784.38,C574001099,0.0,0.0,C665639335,96664.81,219272.02,0,0
8,CASH_OUT,47468.83,C875851610,0.0,0.0,C1983025922,134486.06,55701.65,0,0
8,CASH_OUT,163223.9,C447426313,0.0,0.0,C1298316171,1468127.05,749621.53,0,0
8,CASH_OUT,332017.92,C1969555718,0.0,0.0,C157316544,888985.19,1094373.33,0,0
8,CASH_OUT,86890.39,C1664850102,0.0,0.0,C2036762590,819340.38,987490.04,0,0
8,CASH_OUT,205308.38,C1952605492,0.0,0.0,C646059443,225519.93,537463.33,0,0
8,CASH_OUT,52017.15,C938663894,0.0,0.0,C1827559894,78276.0,0.0,0,0
8,CASH_OUT,71553.66,C1786957079,0.0,0.0,C1298314970,290985.52,300641.87,0,0
8,CASH_OUT,80348.81,C1438848729,0.0,0.0,C2006081398,2641930.45,4743010.67,0,0
8,CASH_OUT,240705.15,C854557328,0.0,0.0,C1725775569,262014.77,983990.12,0,0
8,CASH_OUT,34498.65,C323155828,0.0,0.0,C620532131,1647059.94,2245700.64,0,0
8,CASH_OUT,22136.05,C1876191870,0.0,0.0,C1030706332,3296809.05,3036551.46,0,0
8,CASH_OUT,300857.25,C577555587,0.0,0.0,C1060041730,15094218.09,16532032.16,0,0
8,CASH_OUT,331099.53,C1817780572,0.0,0.0,C991363637,12116253.53,11956594.11,0,0
8,CASH_OUT,364768.11,C1755611892,0.0,0.0,C1973561066,2336533.83,2701301.94,0,0
8,CASH_OUT,353229.36,C619680260,0.0,0.0,C1169903663,2181260.41,2312335.17,0,0
8,CASH_OUT,105043.59,C1612929742,0.0,0.0,C507538622,281585.49,1235736.09,0,0
8,CASH_OUT,281393.86,C1171637335,0.0,0.0,C982547576,472701.47,754095.34,0,0
8,CASH_OUT,155572.19,C153767227,0.0,0.0,C2083562754,17727092.58,18123750.85,0,0
8,CASH_OUT,470737.59,C1368232360,0.0,0.0,C470217116,3026290.1,6821434.41,0,0
8,CASH_OUT,84223.96,C721568893,0.0,0.0,C582320549,294951.15,1382676.85,0,0
8,CASH_OUT,326573.87,C1084148278,0.0,0.0,C1777285191,739544.37,122017.44,0,0
8,CASH_OUT,71346.07,C453383307,0.0,0.0,C173141569,141835.54,480345.78,0,0
8,CASH_OUT,160405.08,C641455762,0.0,0.0,C1722902384,318590.23,681456.39,0,0
8,CASH_OUT,116881.22,C522407812,0.0,0.0,C285527187,1418975.71,1728663.24,0,0
8,CASH_OUT,213473.02,C693823788,0.0,0.0,C1060041730,15395075.33,16532032.16,0,0
8,CASH_OUT,115843.08,C38994624,0.0,0.0,C1046160944,205708.2,492911.57,0,0
8,CASH_OUT,62143.5,C2057624414,0.0,0.0,C1539556581,757290.26,199041.81,0,0
8,CASH_OUT,144847.82,C2139026657,0.0,0.0,C480500119,1047200.83,135593.97,0,0
8,CASH_OUT,104603.37,C26436011,0.0,0.0,C1457728035,193731.19,133584.06,0,0
8,CASH_OUT,81713.8,C466368091,0.0,0.0,C158876320,5020509.98,2984846.84,0,0
8,CASH_OUT,144495.18,C1198420055,0.0,0.0,C1493448513,876123.9,1075149.48,0,0
8,CASH_OUT,24432.27,C1329552807,0.0,0.0,C1781062023,87545.19,0.0,0,0
8,CASH_OUT,1093999.03,C1438376914,0.0,0.0,C1930851375,1366107.14,2422222.36,0,0
8,CASH_OUT,87495.93,C792685008,0.0,0.0,C1014154376,10228455.01,14792632.14,0,0
8,CASH_OUT,442150.07,C468142248,0.0,0.0,C2006081398,2722279.25,4743010.67,0,0
8,CASH_OUT,64101.64,C771816470,0.0,0.0,C975904548,2193255.28,2577301.68,0,0
8,CASH_OUT,26396.1,C615460727,0.0,0.0,C1198167820,54158.49,375014.35,0,0
8,CASH_OUT,87432.71,C1879749595,0.0,0.0,C766681183,17045371.4,17356500.26,0,0
8,CASH_OUT,609856.0,C1367934842,0.0,0.0,C1636786811,11805351.57,14456269.9,0,0
8,CASH_OUT,394600.95,C2017505553,0.0,0.0,C861720625,1214461.21,1752674.41,0,0
8,CASH_OUT,298055.31,C633990649,0.0,0.0,C805006582,945334.39,1196120.1,0,0
8,CASH_OUT,410053.16,C16254704,0.0,0.0,C1730964371,966188.62,4416336.25,0,0
8,CASH_OUT,313413.97,C433283906,0.0,0.0,C1804883318,439935.02,763820.95,0,0
8,CASH_OUT,198812.32,C1692827984,0.0,0.0,C741431520,367952.36,731077.5,0,0
8,CASH_OUT,513365.91,C246025744,0.0,0.0,C1870237274,1127501.23,1180032.06,0,0
8,CASH_OUT,110719.5,C1319458483,0.0,0.0,C1736382819,193533.35,0.0,0,0
8,CASH_OUT,89754.48,C1282336086,0.0,0.0,C2073764942,2565522.04,2388433.48,0,0
8,CASH_OUT,115567.36,C483525002,0.0,0.0,C413177525,2354247.99,3489392.77,0,0
8,CASH_OUT,169019.14,C1121343118,0.0,0.0,C1554540309,8726729.75,9235911.02,0,0
8,CASH_OUT,228765.29,C648188073,0.0,0.0,C91463800,360839.51,1510495.57,0,0
8,CASH_OUT,48081.67,C501060990,0.0,0.0,C615829225,223787.06,0.0,0,0
8,CASH_OUT,49963.84,C294586654,0.0,0.0,C1856036778,16283169.25,13688613.94,0,0
8,CASH_OUT,270612.35,C1637699463,0.0,0.0,C1590351968,453960.4,692990.35,0,0
8,CASH_OUT,321151.65,C1393081541,0.0,0.0,C1951379728,461901.98,579909.62,0,0
8,CASH_OUT,108498.77,C571454911,0.0,0.0,C1824348154,116518.79,215290.75,0,0
8,CASH_OUT,21380.95,C1268883225,0.0,0.0,C778559237,192813.63,436880.53,0,0
8,CASH_OUT,112060.83,C1087049885,0.0,0.0,C2086425573,1060526.04,0.0,0,0
8,CASH_OUT,77802.46,C1454596821,0.0,0.0,C1553217607,205174.64,812216.2,0,0
8,CASH_OUT,280854.65,C164534257,0.0,0.0,C1200417755,359370.94,1411708.67,0,0
8,CASH_OUT,68298.07,C1313904774,0.0,0.0,C929856893,78239.56,146537.63,0,0
8,CASH_OUT,213140.08,C1443313193,0.0,0.0,C732470450,1334267.32,1563966.08,0,0
8,CASH_OUT,291015.98,C468665334,0.0,0.0,C1452722471,3226596.59,3197038.27,0,0
8,CASH_OUT,408736.29,C1726168677,0.0,0.0,C478124129,2039717.94,2978988.84,0,0
8,CASH_OUT,182323.4,C742203031,0.0,0.0,C1186819207,356683.95,933207.23,0,0
8,CASH_OUT,193306.88,C1130677063,0.0,0.0,C1090263069,511138.3,1260609.49,0,0
8,CASH_OUT,441699.88,C578144302,0.0,0.0,C978609035,1656682.83,2413840.05,0,0
8,CASH_OUT,480334.95,C1570429459,0.0,0.0,C1511785794,1271987.69,1949682.33,0,0
8,CASH_OUT,320499.23,C420986513,0.0,0.0,C478124129,2448454.23,2978988.84,0,0
8,CASH_OUT,357123.16,C2081175567,0.0,0.0,C578294406,1146947.16,1909674.3,0,0
8,CASH_OUT,140920.74,C1882503960,0.0,0.0,C891020651,5383432.78,5812262.37,0,0
8,CASH_OUT,167382.57,C2079702351,0.0,0.0,C506046490,335960.47,254084.28,0,0
8,CASH_OUT,209164.1,C1605531542,0.0,0.0,C875761527,1300764.44,1238942.28,0,0
8,CASH_OUT,251434.17,C1113845807,0.0,0.0,C11003494,14946905.04,15487289.9,0,0
8,CASH_OUT,29989.74,C391802624,0.0,0.0,C1954824726,531526.97,469710.6,0,0
8,CASH_OUT,317380.1,C1091807073,0.0,0.0,C1858098329,376099.04,799673.02,0,0
8,CASH_OUT,17157.67,C231831058,0.0,0.0,C2016335685,186570.56,202249.96,0,0
8,CASH_OUT,73954.75,C1349393679,0.0,0.0,C1134976854,442421.75,756076.63,0,0
8,CASH_OUT,69364.23,C336091757,0.0,0.0,C623476050,5543276.83,6180085.57,0,0
8,CASH_OUT,161357.82,C1216143138,0.0,0.0,C527599317,1133342.03,1537888.24,0,0
8,CASH_OUT,68337.11,C1318801881,0.0,0.0,C866356999,1870343.48,2017695.97,0,0
8,CASH_OUT,408575.21,C1849535328,0.0,0.0,C794295331,479671.75,864926.37,0,0
8,CASH_OUT,184111.66,C951083000,0.0,0.0,C1486249495,194325.49,389716.43,0,0
8,CASH_OUT,444029.24,C379257347,0.0,0.0,C2145319283,621105.26,1062948.15,0,0
8,CASH_OUT,210502.44,C43682960,0.0,0.0,C232812328,1499800.38,2096642.77,0,0
8,CASH_OUT,227608.44,C33505544,0.0,0.0,C349015546,1749229.84,1784885.44,0,0
8,CASH_OUT,189199.09,C998936912,0.0,0.0,C1134976854,516376.5,756076.63,0,0
8,CASH_OUT,97052.71,C1976502072,0.0,0.0,C551495160,1081625.79,3086545.36,0,0
8,CASH_OUT,55524.42,C602401565,0.0,0.0,C1271057169,945733.51,1211391.13,0,0
8,CASH_OUT,237034.7,C1491802472,0.0,0.0,C1933965693,1036985.78,2074668.33,0,0
8,CASH_OUT,190685.75,C931402548,0.0,0.0,C1875310223,209087.13,589589.05,0,0
8,CASH_OUT,67322.15,C989803579,0.0,0.0,C1254526270,762676.23,799122.66,0,0
8,CASH_OUT,237498.52,C643600250,0.0,0.0,C405881980,2154292.27,3078509.79,0,0
8,CASH_OUT,184749.48,C654111360,0.0,0.0,C1782704802,2665685.07,2380934.8,0,0
8,CASH_OUT,361727.93,C829835480,0.0,0.0,C2143477943,408674.85,714169.7,0,0
8,CASH_OUT,140063.34,C1928068129,0.0,0.0,C1234363215,182511.99,353601.18,0,0
8,CASH_OUT,125272.45,C806263385,0.0,0.0,C58333888,2856898.57,4173485.4,0,0
8,CASH_OUT,180795.63,C1898382890,0.0,0.0,C988138425,2855270.59,4310701.91,0,0
8,CASH_OUT,13229.9,C1922347102,0.0,0.0,C1181708889,1308414.22,684138.15,0,0
8,CASH_OUT,127954.55,C1597198553,0.0,0.0,C305793941,546966.0,1276315.24,0,0
8,CASH_OUT,103051.44,C464246068,0.0,0.0,C1281580764,158992.21,262043.65,0,0
8,CASH_OUT,68425.07,C1391760957,0.0,0.0,C888005223,1575640.07,1243447.29,0,0
8,CASH_OUT,25895.94,C95799933,0.0,0.0,C1584119395,136576.79,162472.73,0,0
8,CASH_OUT,19526.46,C1086711690,0.0,0.0,C1970362900,157025.32,1296.45,0,0
8,CASH_OUT,93249.68,C92440787,0.0,0.0,C1871293699,559888.79,874192.42,0,0
8,CASH_OUT,239282.08,C1932632864,0.0,0.0,C496695089,934915.03,1908925.89,0,0
8,CASH_OUT,231594.65,C1484548377,0.0,0.0,C660101474,1711460.33,1549746.57,0,0
8,CASH_OUT,427808.57,C929709099,0.0,0.0,C1085479446,677023.93,1423850.27,0,0
8,CASH_OUT,274437.02,C641723909,0.0,0.0,C1423992712,11179275.35,13803333.72,0,0
8,CASH_OUT,92443.07,C1491693889,0.0,0.0,C481402298,7942029.92,8144736.91,0,0
8,CASH_OUT,107420.77,C1676079076,0.0,0.0,C992713622,199253.9,672128.12,0,0
8,CASH_OUT,335036.52,C84610263,0.0,0.0,C348708793,829619.25,1164655.76,0,0
8,CASH_OUT,58748.69,C1545438645,0.0,0.0,C1009972184,226869.64,361559.69,0,0
8,CASH_OUT,161655.42,C1332581390,0.0,0.0,C1315234892,191711.28,160033.48,0,0
8,CASH_OUT,63628.71,C463522760,0.0,0.0,C1390121014,723084.38,914190.45,0,0
8,CASH_OUT,423930.99,C1183846879,0.0,0.0,C1027017168,960969.79,1361101.48,0,0
8,CASH_OUT,257730.73,C1980761237,0.0,0.0,C2006081398,3164429.32,4743010.67,0,0
8,CASH_OUT,156386.81,C1442722749,0.0,0.0,C1304345230,668525.05,834552.47,0,0
8,CASH_OUT,128183.46,C1209883713,0.0,0.0,C12793273,1853928.46,1918654.56,0,0
8,CASH_OUT,42315.62,C247837300,0.0,0.0,C988138425,3036066.22,4310701.91,0,0
8,CASH_OUT,27684.62,C2022124437,0.0,0.0,C551545010,696787.82,692434.8,0,0
8,CASH_OUT,223177.66,C1556126947,0.0,0.0,C471003380,288357.21,511534.87,0,0
8,CASH_OUT,8691.58,C2115845230,0.0,0.0,C701692548,72927.48,81619.06,0,0
8,CASH_OUT,203546.94,C1567127499,0.0,0.0,C1486249495,378437.16,389716.43,0,0
8,CASH_OUT,96822.41,C485631088,0.0,0.0,C219543946,303786.16,718573.51,0,0
8,CASH_OUT,178595.52,C1150125193,0.0,0.0,C248609774,12782988.43,13033871.02,0,0
8,CASH_OUT,772.18,C1407467066,0.0,0.0,C386349248,270844.05,497560.03,0,0
8,CASH_OUT,108042.99,C1294785954,0.0,0.0,C1320515149,992084.98,1643201.26,0,0
8,CASH_OUT,138577.58,C1081127379,0.0,0.0,C1554540309,8895748.88,9235911.02,0,0
8,CASH_OUT,58484.02,C1760681112,0.0,0.0,C1335946878,1557564.39,3529395.92,0,0
8,CASH_OUT,60314.49,C437660242,0.0,0.0,C1298177219,1301589.46,1618631.97,0,0
8,CASH_OUT,232882.29,C830223743,0.0,0.0,C624685600,277200.13,1263934.85,0,0
8,CASH_OUT,227313.08,C1950868650,0.0,0.0,C956986674,653071.61,1494748.17,0,0
8,CASH_OUT,590734.11,C313848742,0.0,0.0,C1271835801,740330.7,2432075.54,0,0
8,CASH_OUT,72606.76,C970657560,0.0,0.0,C176203926,790911.43,1353768.41,0,0
8,CASH_OUT,173604.37,C1776030353,0.0,0.0,C1628737580,639430.07,875254.1,0,0
8,CASH_OUT,131770.23,C578148788,0.0,0.0,C1023714065,6278137.98,8398562.84,0,0
8,CASH_OUT,61579.5,C401160095,0.0,0.0,C1816986148,2094300.94,6023815.62,0,0
8,CASH_OUT,258021.25,C1990937013,0.0,0.0,C1922859107,313827.01,744722.69,0,0
8,CASH_OUT,209902.82,C2146080107,0.0,0.0,C1552859894,2397228.93,3018034.04,0,0
8,CASH_OUT,236238.08,C1943952219,0.0,0.0,C1316560467,4289056.54,4525294.62,0,0
8,CASH_OUT,278547.21,C760602480,0.0,0.0,C497806226,364899.86,173333.3,0,0
8,CASH_OUT,232635.36,C27254158,0.0,0.0,C386312539,3409969.23,4173293.65,0,0
8,CASH_OUT,172453.76,C720720155,0.0,0.0,C1635341595,4680651.84,6191938.31,0,0
8,CASH_OUT,145060.72,C737203101,0.0,0.0,C766681183,17132804.11,17356500.26,0,0
8,CASH_OUT,177521.4,C685582284,0.0,0.0,C582320549,379175.11,1382676.85,0,0
8,CASH_OUT,134335.37,C1464986868,0.0,0.0,C1089177065,1622731.48,1076036.85,0,0
8,CASH_OUT,10542.55,C1470894732,0.0,0.0,C1802632685,830456.89,2290132.87,0,0
8,CASH_OUT,478.55,C2053988319,0.0,0.0,C800097916,134505.98,103481.89,0,0
8,CASH_OUT,37654.59,C1003484185,0.0,0.0,C1326121635,75018.82,202020.02,0,0
8,CASH_OUT,15814.48,C1663142360,0.0,0.0,C1248712846,819624.26,1788431.11,0,0
8,CASH_OUT,65797.12,C1420746562,0.0,0.0,C1924874046,427909.19,148444.02,0,0
8,CASH_OUT,296046.74,C1143857583,0.0,0.0,C1325038895,484926.83,1943673.08,0,0
8,CASH_OUT,96974.4,C1871092894,67432.49,0.0,C1523536343,54183.17,748485.22,0,0
8,CASH_OUT,248173.93,C144811752,130326.77,0.0,C304406966,515853.13,1271995.08,0,0
8,TRANSFER,368731.9,C1215398073,47914.91,0.0,C968448640,3069755.81,3438487.71,0,0
8,TRANSFER,97613.25,C2035159953,11626.0,0.0,C301121080,0.0,97613.25,0,0
8,TRANSFER,996389.59,C182166570,19851.0,0.0,C1876351111,0.0,1785000.81,0,0
8,CASH_OUT,36196.36,C1330176031,48304.14,12107.78,C726762476,249849.34,255127.82,0,0
8,CASH_OUT,60522.1,C1184080124,178.0,0.0,C834079530,0.0,60522.1,0,0
8,CASH_OUT,399904.22,C1127062078,240612.0,0.0,C1923206317,0.0,1805166.52,0,0
8,CASH_OUT,162517.4,C1321911508,10725.0,0.0,C1746150957,291672.68,262823.5,0,0
8,TRANSFER,461067.4,C1143663258,643447.07,182379.67,C365897166,21058.0,401768.25,0,0
8,TRANSFER,1392119.78,C767914749,607.0,0.0,C837588739,20800.0,1089378.13,0,0
8,CASH_OUT,151793.74,C52893272,14323.0,0.0,C510113906,11101.36,162895.1,0,0
8,TRANSFER,786295.92,C1465464586,90300.0,0.0,C541307861,17521.0,499524.74,0,0
8,CASH_OUT,103178.77,C37686445,21124.0,0.0,C1289453529,0.0,136750.07,0,0
8,TRANSFER,610493.06,C1951112189,201747.0,0.0,C1115240385,374895.28,1008238.91,0,0
8,TRANSFER,490250.22,C1776485669,445981.0,0.0,C176203926,863518.19,1353768.41,0,0
8,TRANSFER,1374522.29,C783781020,98.0,0.0,C85545239,791.0,307695.46,0,0
8,TRANSFER,587584.01,C2114629804,0.0,0.0,C2006081398,3422160.05,4743010.67,0,0
8,TRANSFER,3046406.72,C1634651393,0.0,0.0,C1446521801,8680440.49,11698172.69,0,0
8,TRANSFER,1128737.49,C1343835734,0.0,0.0,C184253187,8078593.3,10206620.58,0,0
8,TRANSFER,1988555.18,C1113123749,0.0,0.0,C447691425,5085287.76,6795453.82,0,0
8,TRANSFER,1699660.57,C1769782418,0.0,0.0,C1761353343,2086265.25,5270364.19,0,0
8,TRANSFER,661778.42,C2121097849,0.0,0.0,C496695089,1174197.11,1908925.89,0,0
8,TRANSFER,293634.25,C1679616028,0.0,0.0,C2109470512,3403147.02,6787849.45,0,0
8,TRANSFER,515736.76,C1637626617,0.0,0.0,C1751073738,8360101.92,8875838.69,0,0
8,TRANSFER,2713839.59,C1829276276,0.0,0.0,C985934102,5949577.01,8663416.6,0,0
8,TRANSFER,66554.85,C2028163846,0.0,0.0,C1222590577,684245.68,1196871.13,0,0
8,TRANSFER,655492.15,C2075924494,0.0,0.0,C2001120792,1049297.72,1257854.82,0,0
8,TRANSFER,697468.44,C2067265146,0.0,0.0,C1248712846,835438.74,1788431.11,0,0
8,TRANSFER,77889.29,C1380288578,0.0,0.0,C956986674,880384.69,1494748.17,0,0
8,TRANSFER,259260.34,C819763823,0.0,0.0,C787040724,1451474.29,4039814.03,0,0
8,TRANSFER,362582.35,C733714450,0.0,0.0,C1725775569,502719.92,983990.12,0,0
8,TRANSFER,838333.81,C1878732601,0.0,0.0,C1031639563,5073410.09,5739012.22,0,0
8,TRANSFER,1907082.33,C293780764,0.0,0.0,C1825174365,4891336.66,6657580.62,0,0
8,TRANSFER,174451.49,C1171870369,0.0,0.0,C667346055,12534525.33,17132106.53,0,0
8,TRANSFER,19129.25,C852830464,0.0,0.0,C1676792692,203647.61,92583.01,0,0
8,CASH_OUT,161689.67,C381090407,0.0,0.0,C1186256103,751146.99,4999613.43,0,0
8,CASH_OUT,128060.98,C1871745222,1088.0,0.0,C1548833119,13612.0,0.0,0,0
8,CASH_OUT,123146.78,C745981921,45808.08,0.0,C1807896178,89748.43,324294.59,0,0
8,CASH_OUT,203852.0,C2017583097,0.0,0.0,C405881980,2391790.79,3078509.79,0,0
8,CASH_OUT,310520.51,C2105660332,0.0,0.0,C1046102247,1135741.58,1694020.5,0,0
8,CASH_OUT,225212.47,C2122595110,0.0,0.0,C741431520,566764.68,731077.5,0,0
8,CASH_OUT,280950.66,C1691853528,0.0,0.0,C185353840,732981.85,1610015.74,0,0
8,CASH_OUT,102142.33,C304027564,0.0,0.0,C2100990049,167009.4,0.0,0,0
8,CASH_OUT,777092.27,C1634773744,0.0,0.0,C413177525,2469815.34,3489392.77,0,0
8,CASH_OUT,565919.05,C1056104691,0.0,0.0,C669419693,1214991.6,4692432.3,0,0
8,CASH_OUT,204318.51,C1735017623,0.0,0.0,C683605346,975000.08,1371546.23,0,0
8,CASH_OUT,102655.41,C228760993,0.0,0.0,C1730752455,2362501.58,5008592.32,0,0
8,CASH_OUT,84991.01,C1776390607,0.0,0.0,C191614132,875944.43,2122191.07,0,0
8,CASH_OUT,154760.82,C1086132600,0.0,0.0,C1185525558,1529504.49,1374865.05,0,0
8,CASH_OUT,71433.79,C1975958276,0.0,0.0,C952219856,586910.44,821571.37,0,0
8,CASH_OUT,35025.56,C1821409160,0.0,0.0,C1323741703,106238.48,1966850.36,0,0
8,CASH_OUT,5610.79,C161145916,0.0,0.0,C939693702,568861.27,467197.09,0,0
8,CASH_OUT,180731.22,C562303654,0.0,0.0,C1677727024,203769.8,388853.85,0,0
8,CASH_OUT,136124.18,C1633321737,0.0,0.0,C2013342140,227034.66,363158.84,0,0
8,CASH_OUT,64272.86,C240770197,0.0,0.0,C1515704208,14760234.72,15505523.11,0,0
8,CASH_OUT,22268.46,C1354523238,0.0,0.0,C1880332929,14779158.64,14299084.37,0,0
8,CASH_OUT,214398.06,C1361861621,6404.09,0.0,C1732292969,0.0,105847.94,0,0
8,CASH_OUT,281194.85,C1635277341,17004.0,0.0,C1256728724,0.0,82971.16,0,0
8,CASH_OUT,268877.38,C588430362,374204.79,105327.41,C703957828,1928975.27,4327929.06,0,0
8,TRANSFER,656089.24,C1909894285,32287.0,0.0,C1340707077,29165.0,685254.24,0,0
8,CASH_OUT,340780.47,C1795110069,456.0,0.0,C851772371,62611.55,729460.09,0,0
8,CASH_OUT,150076.36,C89666585,288826.75,138750.38,C339099861,421347.6,393406.66,0,0
8,CASH_OUT,190167.94,C194643873,95382.0,0.0,C1680630881,11865.12,29752.47,0,0
8,CASH_OUT,258257.67,C618371666,33846.0,0.0,C363330984,0.0,667093.53,0,0
8,CASH_OUT,174198.79,C1450921985,22408.0,0.0,C1226372269,7316825.15,8181104.01,0,0
8,CASH_OUT,423909.48,C315055659,756.0,0.0,C1673971173,148260.59,742688.69,0,0
8,TRANSFER,347161.73,C175649810,680.0,0.0,C145581669,46072.28,139821.09,0,0
8,TRANSFER,887428.55,C1695660619,62395.0,0.0,C1271835801,1331064.82,2432075.54,0,0
8,CASH_OUT,31395.42,C1143651533,128305.0,96909.58,C1778289781,34669.75,1273292.81,0,0
8,CASH_OUT,322218.1,C1461499836,2471.0,0.0,C526035976,1311602.41,404380.68,0,0
8,CASH_OUT,278332.49,C1517817666,33195.0,0.0,C450960851,33786.92,121150.57,0,0
8,TRANSFER,633210.41,C1211715275,28834.15,0.0,C667346055,12708976.82,17132106.53,0,0
8,TRANSFER,3593281.81,C2138204664,0.0,0.0,C44870833,8831160.55,16103324.17,0,0
8,TRANSFER,865736.61,C1168715665,0.0,0.0,C1413055366,1235472.26,4023834.75,0,0
8,TRANSFER,955261.97,C488509759,0.0,0.0,C1050196275,1810797.94,2417555.8,0,0
8,TRANSFER,825364.09,C533945153,0.0,0.0,C1833467691,1082810.61,1329152.12,0,0
8,TRANSFER,1032554.32,C1937951978,0.0,0.0,C408304912,1132443.85,3158225.46,0,0
8,TRANSFER,999679.37,C2145104044,0.0,0.0,C1696758742,10859403.52,14055266.39,0,0
8,TRANSFER,377399.5,C304206209,0.0,0.0,C476182975,2749987.18,3671968.73,0,0
8,TRANSFER,205683.63,C397253079,0.0,0.0,C1295301356,7343696.78,10308723.52,0,0
8,TRANSFER,592626.69,C1915609684,0.0,0.0,C803116137,22503070.35,23768107.88,0,0
8,TRANSFER,963286.15,C1347510893,0.0,0.0,C44870833,12424442.36,16103324.17,0,0
8,TRANSFER,157487.58,C1281367103,0.0,0.0,C118648358,321799.71,948711.06,0,0
8,TRANSFER,312061.98,C930629445,0.0,0.0,C1805683209,6068847.98,7428081.5,0,0
8,TRANSFER,466646.93,C710552764,0.0,0.0,C1566158153,1575000.5,3470699.47,0,0
8,TRANSFER,169872.07,C1908634000,0.0,0.0,C381390837,197168.4,1353134.08,0,0
8,TRANSFER,29505.3,C1032723059,0.0,0.0,C842729010,1245494.57,5291217.05,0,0
8,TRANSFER,449808.5,C1220092136,0.0,0.0,C1222590577,750800.54,1196871.13,0,0
8,TRANSFER,110401.18,C872270479,0.0,0.0,C304406966,764027.06,1271995.08,0,0
8,CASH_OUT,4688.76,C368540250,0.0,0.0,C2018975718,320116.64,404128.0,0,0
8,CASH_OUT,130058.13,C2003492622,20669.0,0.0,C1970866392,104130.0,311687.39,0,0
8,CASH_OUT,117989.32,C364177594,226552.0,108562.68,C52620058,0.0,53230.59,0,0
8,CASH_OUT,230464.81,C635657436,735.0,0.0,C2095032356,0.0,31226.81,0,0
8,CASH_OUT,214730.4,C1506313044,44631.0,0.0,C1494271614,0.0,178829.57,0,0
8,TRANSFER,229526.9,C1421085030,11846.88,0.0,C749013731,2052343.2,4369565.78,0,0
8,CASH_OUT,235588.51,C343230927,222031.0,0.0,C510299393,0.0,235588.51,0,0
8,CASH_OUT,122036.42,C688021936,401.0,0.0,C2067546399,144571.5,1318005.5,0,0
8,CASH_OUT,119552.5,C1667793770,146.0,0.0,C1328442807,461349.33,856882.74,0,0
8,CASH_OUT,80125.7,C763946537,100220.0,20094.3,C1855997464,0.0,80125.7,0,0
8,CASH_OUT,107137.66,C1652251229,11799.0,0.0,C414821585,539500.29,743038.31,0,0
8,CASH_OUT,235603.4,C1534343080,174364.8,0.0,C979818878,0.0,285011.29,0,0
8,CASH_OUT,101779.35,C2027549967,0.0,0.0,C1473237843,326380.48,347898.56,0,0
8,CASH_OUT,198995.41,C1880508564,350.0,0.0,C1277716905,0.0,198995.41,0,0
8,TRANSFER,332240.15,C1029903759,11577.0,0.0,C2083117811,124941.85,305233.44,0,0
8,CASH_OUT,138776.15,C1123124177,180.0,0.0,C1251218116,7239.3,854327.1,0,0
8,CASH_OUT,177091.34,C729861519,10195.0,0.0,C664232848,129683.07,546455.0,0,0
8,CASH_OUT,147465.3,C1731623194,0.0,0.0,C372017580,2369221.37,4122268.38,0,0
8,CASH_OUT,19016.1,C2129015863,166048.0,147031.9,C1588901702,1246736.04,2320452.13,0,0
8,TRANSFER,1413336.48,C2080951159,14423.67,0.0,C993777150,6064355.38,7267626.67,0,0
8,TRANSFER,49698.07,C1442445468,0.0,0.0,C1474411656,54582.57,92754.9,0,0
8,TRANSFER,278858.28,C1531232318,0.0,0.0,C391734039,285217.46,1058251.57,0,0
8,TRANSFER,562115.52,C462564472,0.0,0.0,C1247051677,966571.16,1681737.84,0,0
8,TRANSFER,661077.07,C561712910,0.0,0.0,C1105901057,1627596.27,2420628.66,0,0
8,TRANSFER,1004789.66,C1004289701,0.0,0.0,C1727565779,3603300.5,7117684.54,0,0
8,TRANSFER,576983.86,C1189366992,0.0,0.0,C2086425573,1172586.87,0.0,0,0
8,TRANSFER,182030.05,C1285511576,0.0,0.0,C1963862935,586960.68,817839.9,0,0
8,TRANSFER,350248.9,C904215674,0.0,0.0,C1636786811,12415207.57,14456269.9,0,0
8,TRANSFER,908481.19,C1863718261,0.0,0.0,C842729010,1274999.87,5291217.05,0,0
8,CASH_OUT,307964.72,C200300171,12215.0,0.0,C214974969,0.0,310740.2,0,0
8,CASH_OUT,161353.15,C692189875,45409.0,0.0,C522553046,924.7,232827.22,0,0
8,CASH_OUT,225339.78,C513878817,134.0,0.0,C893339434,335388.18,1686521.23,0,0
8,CASH_OUT,276214.51,C949214756,222482.86,0.0,C459857341,345775.32,542963.38,0,0
8,CASH_OUT,102856.38,C1249340874,23112.0,0.0,C1427398085,0.0,102856.38,0,0
8,TRANSFER,152247.38,C1514772189,21352.07,0.0,C81639848,49145.16,201392.54,0,0
8,CASH_OUT,9047.56,C1080291454,206853.0,197805.44,C1123629720,52648.54,0.0,0,0
8,TRANSFER,618899.98,C1772165228,400560.0,0.0,C1790657739,0.0,705479.2,0,0
8,TRANSFER,1338482.92,C1956455576,11414.0,0.0,C346546542,38122.75,956664.8,0,0
8,TRANSFER,326019.29,C1492995589,12981.52,0.0,C2040603986,1604160.09,1930179.38,0,0
8,TRANSFER,1806127.82,C1171851366,0.0,0.0,C703957828,2197852.65,4327929.06,0,0
8,CASH_OUT,281292.21,C539595901,74674.0,0.0,C571435580,1162721.04,1530653.61,0,0
8,TRANSFER,1677486.2,C1201023561,72179.48,0.0,C1727565779,4608090.16,7117684.54,0,0
8,TRANSFER,264279.99,C570136737,147956.0,0.0,C644345897,355426.09,800992.18,0,0
8,CASH_OUT,43270.95,C211247557,20944.0,0.0,C586727036,4696.56,46816.34,0,0
8,CASH_OUT,276816.84,C558287023,9017.0,0.0,C1080993648,0.0,276816.84,0,0
8,CASH_OUT,193425.39,C1992616176,92945.74,0.0,C562195832,869111.0,1238112.15,0,0
8,CASH_OUT,208682.16,C1641043255,0.0,0.0,C1149788645,229409.53,79915.4,0,0
8,CASH_OUT,427027.42,C2080150628,41036.0,0.0,C1186256103,912836.65,4999613.43,0,0
8,CASH_OUT,206333.47,C1206974160,30947.0,0.0,C1082580319,0.0,0.0,0,0
8,CASH_OUT,378369.91,C282665259,48784.0,0.0,C1636786811,12765456.47,14456269.9,0,0
8,CASH_OUT,250795.71,C1980926645,292076.18,41280.48,C1474346966,0.0,323398.34,0,0
8,TRANSFER,74837.0,C530840576,41280.48,0.0,C1807010830,261025.15,335862.15,0,0
8,CASH_OUT,29922.13,C13264545,62750.0,32827.87,C1656107232,110681.0,572009.82,0,0
8,CASH_OUT,384277.74,C1169558967,48383.0,0.0,C275925618,0.0,172012.68,0,0
8,CASH_OUT,235612.46,C1747816322,19872.0,0.0,C559485820,5655.0,53725.77,0,0
8,CASH_OUT,54819.36,C1824061989,766067.0,711247.64,C591824146,0.0,4911.22,0,0
8,CASH_OUT,465594.98,C1260903931,20380.0,0.0,C1925300085,0.0,447752.1,0,0
8,TRANSFER,161270.71,C1250663114,1302.0,0.0,C1361396394,0.0,10408504.67,0,0
8,CASH_OUT,126280.36,C1068912229,90774.66,0.0,C1572164601,1509.0,0.0,0,0
8,CASH_OUT,277240.77,C698690964,43351.0,0.0,C232812328,1710302.82,2096642.77,0,0
8,CASH_OUT,61474.23,C1361135306,159723.0,98248.77,C1346065207,1738.47,152302.79,0,0
8,TRANSFER,675934.49,C687356737,11480.0,0.0,C2061011390,837.89,676772.38,0,0
8,CASH_OUT,355410.83,C1406032994,305134.0,0.0,C747979499,241382.1,65098.05,0,0
8,TRANSFER,848736.51,C1590326551,73099.0,0.0,C762570948,0.0,3572459.17,0,0
8,CASH_OUT,79431.79,C587539902,994.0,0.0,C1871794198,0.0,79431.79,0,0
8,CASH_OUT,106343.25,C194705839,120734.47,14391.23,C666009404,263402.76,592178.22,0,0
8,CASH_OUT,383646.08,C28841399,14391.23,0.0,C937195105,746773.55,1256403.17,0,0
8,CASH_OUT,521717.69,C1556193475,0.0,0.0,C93166806,1705093.34,2226811.03,0,0
8,CASH_OUT,297445.42,C515383442,0.0,0.0,C1692142175,487693.69,963726.26,0,0
8,CASH_OUT,306576.83,C1119085931,0.0,0.0,C719119378,5262348.91,5568925.74,0,0
8,CASH_OUT,210486.78,C775396509,0.0,0.0,C991363637,12447353.06,11956594.11,0,0
8,CASH_OUT,183519.54,C1179211579,0.0,0.0,C276384108,410704.85,740680.07,0,0
8,CASH_OUT,391686.42,C713983339,0.0,0.0,C1238707698,8345872.46,9033850.14,0,0
8,CASH_OUT,96179.67,C1099755514,0.0,0.0,C248609774,12961583.95,13033871.02,0,0
8,CASH_OUT,451600.71,C1397571618,0.0,0.0,C1298177219,1361903.95,1618631.97,0,0
8,CASH_OUT,14939.86,C1605449215,0.0,0.0,C1383942363,16705.17,206937.71,0,0
8,CASH_OUT,128782.48,C30033599,0.0,0.0,C1186449563,2456636.43,2790178.93,0,0
8,CASH_OUT,166187.67,C656382531,0.0,0.0,C665576141,10727391.58,14786300.22,0,0
8,CASH_OUT,125305.05,C510300882,0.0,0.0,C2025644484,1238965.92,1364270.97,0,0
8,CASH_OUT,126563.36,C1218597421,0.0,0.0,C1567808902,1717229.12,1827614.92,0,0
8,CASH_OUT,122597.93,C462297656,0.0,0.0,C8290162,6854160.37,6650282.66,0,0
8,CASH_OUT,214645.97,C1075332744,0.0,0.0,C794295331,888246.96,864926.37,0,0
8,CASH_OUT,213147.17,C170827867,0.0,0.0,C1100439041,253381.58,419710.62,0,0
8,CASH_OUT,6883.21,C1346873353,0.0,0.0,C811597470,114126.04,150792.03,0,0
8,CASH_OUT,45249.33,C1005791203,0.0,0.0,C1432387181,442681.97,577588.9,0,0
8,CASH_OUT,182929.75,C970791443,0.0,0.0,C1245442940,351960.2,608336.53,0,0
8,CASH_OUT,38679.4,C1183734027,0.0,0.0,C1823908748,1331868.01,0.0,0,0
8,CASH_OUT,64431.46,C736405043,0.0,0.0,C2107268831,234016.97,623377.01,0,0
8,CASH_OUT,239739.51,C1822720547,1095.0,0.0,C907892387,0.0,239739.51,0,0
8,CASH_OUT,238398.6,C564764701,338754.5,100355.9,C1803078638,0.0,401570.48,0,0
8,CASH_OUT,300962.22,C995502124,100355.9,0.0,C686592713,1913413.93,1989877.01,0,0
8,CASH_OUT,296764.4,C552446852,0.0,0.0,C44870833,13387728.51,16103324.17,0,0
8,TRANSFER,1335935.9,C770225555,379891.0,0.0,C1607998252,135521.78,1471457.68,0,0
8,CASH_OUT,115227.64,C1093489019,30956.0,0.0,C1846735756,19565.45,44458.08,0,0
8,TRANSFER,476072.86,C1269827130,118.0,0.0,C665576141,10893579.26,14786300.22,0,0
8,TRANSFER,107525.97,C88569332,30262.0,0.0,C47228838,266080.0,711251.54,0,0
8,CASH_OUT,414822.83,C1778342602,1200.0,0.0,C1039162432,4678980.79,5478833.48,0,0
8,TRANSFER,544218.56,C1462332116,21403.0,0.0,C1793325972,5460811.92,6311356.92,0,0
8,CASH_OUT,51392.52,C214763355,9986.0,0.0,C2033711470,104783.4,370146.12,0,0
8,CASH_OUT,226650.09,C279880668,26005.0,0.0,C170503405,103284.0,381786.39,0,0
8,CASH_OUT,186917.2,C300920374,77125.0,0.0,C66893623,387273.02,532921.62,0,0
8,CASH_OUT,112455.63,C988012498,21874.0,0.0,C1972335962,29285.31,113762.45,0,0
8,CASH_OUT,78676.17,C1641823536,0.0,0.0,C407757655,0.0,78676.17,0,0
8,TRANSFER,625172.88,C254273490,189822.0,0.0,C483287972,9288.0,606569.43,0,0
8,TRANSFER,1314262.8,C2011943626,0.0,0.0,C518185827,11824.86,1326087.65,0,0
8,CASH_OUT,160875.22,C1482054036,52764.0,0.0,C1007392323,672964.93,1190304.59,0,0
8,CASH_OUT,389380.99,C1292406739,48352.0,0.0,C157591472,0.0,508195.26,0,0
8,CASH_OUT,228539.86,C1191576312,120409.84,0.0,C1783873866,30890.0,363510.86,0,0
8,CASH_OUT,413669.26,C469732979,1104463.08,690793.82,C988705496,203824.38,654641.84,0,0
8,TRANSFER,1220417.4,C1143528244,690793.82,0.0,C2011996123,7477666.8,9264344.9,0,0
8,CASH_OUT,338652.18,C1596374236,163106.0,0.0,C488624810,0.0,748694.83,0,0
8,CASH_OUT,192326.42,C1907284636,199318.0,6991.58,C440082302,0.0,207994.7,0,0
8,TRANSFER,843566.34,C328186841,60626.0,0.0,C726752092,0.0,646953.51,0,0
8,TRANSFER,23379.27,C1574870109,3636.0,0.0,C806667375,41079.36,64458.63,0,0
8,CASH_OUT,109663.98,C1114498463,683.0,0.0,C1825174365,6798418.99,6657580.62,0,0
8,CASH_OUT,38480.32,C950488943,555.0,0.0,C1516384232,0.0,38480.32,0,0
8,CASH_OUT,189724.69,C1668265390,51674.0,0.0,C1890258988,4964.0,551751.19,0,0
8,TRANSFER,447286.06,C1577839962,1385.0,0.0,C489693281,492634.61,920447.14,0,0
8,CASH_OUT,186633.25,C902568917,200722.97,14089.72,C13627188,11124.0,186235.36,0,0
8,CASH_OUT,74706.33,C464152008,72.0,0.0,C1282788025,37439.92,60540.99,0,0
8,TRANSFER,882350.99,C1428104477,6852.0,0.0,C298222185,0.0,841792.49,0,0
8,CASH_OUT,268017.85,C1753849232,96182.49,0.0,C1938348365,586899.06,854916.91,0,0
8,CASH_OUT,296947.72,C1563627686,2111.0,0.0,C1734774007,96130.1,393077.82,0,0
8,CASH_OUT,127396.22,C1920136398,202640.14,75243.91,C2104165942,413055.25,331061.49,0,0
8,CASH_OUT,116084.47,C895581561,0.0,0.0,C423375700,103058.0,51174.14,0,0
8,CASH_OUT,211276.0,C1608399725,234937.05,23661.05,C909295153,11218263.63,10946293.06,0,0
8,TRANSFER,633170.56,C1460727430,400855.0,0.0,C219913687,0.0,858972.95,0,0
8,CASH_OUT,49407.89,C2035601953,0.0,0.0,C979818878,235603.4,285011.29,0,0
8,CASH_OUT,185678.62,C1944138146,0.0,0.0,C849038219,688804.35,1337271.15,0,0
8,CASH_OUT,408226.24,C218241998,31777.0,0.0,C358820318,325.0,490790.77,0,0
8,CASH_OUT,112898.41,C96935815,9165.0,0.0,C1727093989,1207.31,36991.15,0,0
8,CASH_OUT,228612.14,C1298196309,98515.82,0.0,C1700355047,952145.62,1455482.66,0,0
8,CASH_OUT,212240.59,C1352747356,0.0,0.0,C1248712846,1532907.18,1788431.11,0,0
8,CASH_OUT,1621.0,C807257814,4239.0,2618.0,C815677236,0.0,1621.0,0,0
8,CASH_OUT,329027.78,C1781305888,34138.0,0.0,C1943497629,0.0,342067.4,0,0
8,CASH_OUT,160021.5,C694063759,1047.0,0.0,C405881980,2595642.79,3078509.79,0,0
8,CASH_OUT,73985.16,C1524390714,30527.0,0.0,C2082499348,124512.61,54400.41,0,0
8,CASH_OUT,255884.72,C283465184,31824.07,0.0,C1721246982,4926297.92,8953314.93,0,0
8,CASH_OUT,41521.93,C1263444613,11241.0,0.0,C1891031939,39247.27,80769.2,0,0
8,CASH_OUT,1761.38,C588657204,5075.0,3313.62,C1023598271,24501.0,0.0,0,0
8,CASH_OUT,239289.32,C1902914177,5000.0,0.0,C776404949,26967.67,50199.24,0,0
8,CASH_OUT,8588.11,C697950756,40262.0,31673.89,C1714823857,0.0,0.0,0,0
8,CASH_OUT,89956.12,C2088378229,47348.9,0.0,C225769102,0.0,132956.34,0,0
8,CASH_OUT,401228.66,C1293805690,0.0,0.0,C1251686742,812942.43,1311387.88,0,0
8,TRANSFER,1066757.67,C829723158,72499.0,0.0,C1757533511,215730.95,1472554.74,0,0
8,CASH_OUT,85467.48,C77957089,70462.0,0.0,C931482420,0.0,85467.48,0,0
8,TRANSFER,67930.65,C520426894,79112.0,11181.35,C1384149246,296022.32,379333.69,0,0
8,CASH_OUT,671373.45,C1980760965,296275.08,0.0,C620532131,1681558.58,2245700.64,0,0
8,CASH_OUT,261040.03,C1091486124,0.0,0.0,C495650048,401719.53,662759.56,0,0
8,CASH_OUT,43071.76,C1311696286,0.0,0.0,C991363637,12657839.85,11956594.11,0,0
8,CASH_OUT,127883.52,C1746739418,0.0,0.0,C678651991,310330.21,1177157.62,0,0
8,CASH_OUT,205900.63,C518462071,0.0,0.0,C1561784955,2934314.01,3830814.23,0,0
8,CASH_OUT,399743.92,C693353382,0.0,0.0,C40075281,6821974.78,7088323.13,0,0
8,CASH_OUT,268094.2,C283687175,0.0,0.0,C1010306008,532928.16,1120683.69,0,0
8,CASH_OUT,101056.8,C301092912,0.0,0.0,C778559237,214194.58,436880.53,0,0
8,CASH_OUT,22414.22,C937477339,10962.0,0.0,C14440699,31526.0,1183498.14,0,0
8,CASH_OUT,194286.42,C1619916972,128763.0,0.0,C2077672286,0.0,1071587.01,0,0
8,TRANSFER,352988.77,C418924007,18803.0,0.0,C831467165,50357.0,8605094.93,0,0
8,CASH_OUT,286394.45,C843466842,31325.0,0.0,C1065349988,0.0,198152.07,0,0
8,CASH_OUT,197716.25,C464725408,343837.0,146120.75,C1416278059,0.0,393683.58,0,0
8,CASH_OUT,60521.95,C1679923859,21080.0,0.0,C1677262317,36378.0,82533.64,0,0
8,TRANSFER,97266.75,C135999246,15077.0,0.0,C278738215,0.0,79632.8,0,0
8,CASH_OUT,30361.28,C1135949905,3743565.93,3713204.65,C485423874,43146.0,89315.3,0,0
8,CASH_OUT,66859.5,C951624971,3001.0,0.0,C198210775,0.0,296465.0,0,0
8,CASH_OUT,35381.41,C713674695,108794.0,73412.59,C461640598,10072389.74,11547845.68,0,0
8,CASH_OUT,164151.51,C59014779,20833.0,0.0,C115457323,0.0,164151.51,0,0
8,TRANSFER,207350.58,C1297623660,34.0,0.0,C2141459588,130.0,537271.71,0,0
8,CASH_OUT,388649.94,C1176819495,1938396.51,1549746.57,C1014154376,10204360.66,14792632.14,0,0
8,CASH_OUT,427209.64,C2017700582,39790.0,0.0,C915240663,542.0,278594.28,0,0
8,CASH_OUT,165258.92,C1058242013,1539.0,0.0,C1040240917,51587.0,446719.23,0,0
8,CASH_OUT,70270.18,C315095815,20694.09,0.0,C2120528456,590311.39,657124.13,0,0
8,CASH_OUT,101815.97,C673198420,20443.0,0.0,C221632586,64451.06,0.0,0,0
8,CASH_OUT,48543.62,C274111530,45826.0,0.0,C1647754924,808382.72,1563660.85,0,0
8,CASH_OUT,318427.94,C1823222792,198.0,0.0,C1411451832,2571.0,225586.03,0,0
8,CASH_OUT,29682.61,C1043861081,117.47,0.0,C1058634310,1928660.61,3071176.4,0,0
8,CASH_OUT,119292.51,C863615482,100179.0,0.0,C771303504,0.0,711123.07,0,0
8,CASH_OUT,32736.72,C2046397134,0.0,0.0,C1850042097,90848.94,123585.66,0,0
8,TRANSFER,525884.72,C388470289,11270.0,0.0,C1501701470,3676138.26,4463342.32,0,0
8,CASH_OUT,14976.65,C898054034,1563.0,0.0,C332911016,38040.65,0.0,0,0
8,CASH_OUT,74467.01,C77768317,3080.0,0.0,C205091536,0.0,74467.01,0,0
8,TRANSFER,1019831.31,C171706913,5029.0,0.0,C1007717381,0.0,1464101.1,0,0
8,CASH_OUT,72762.64,C1138009331,454.0,0.0,C462877022,42621.0,115383.64,0,0
8,CASH_OUT,183088.17,C451662023,142.0,0.0,C1994035663,0.0,89839.22,0,0
8,CASH_OUT,252005.24,C2088635477,15151.0,0.0,C1219273867,2642126.45,3650961.01,0,0
8,CASH_OUT,46576.51,C441395029,393651.0,347074.49,C885837397,0.0,46576.51,0,0
8,TRANSFER,204712.66,C854329364,117859.53,0.0,C578294406,1504070.32,1909674.3,0,0
8,CASH_OUT,259229.25,C1701191981,0.0,0.0,C392292416,6586910.72,6564973.2,0,0
8,CASH_OUT,63090.51,C642470006,11598.0,0.0,C718985478,2615966.86,2679057.37,0,0
8,TRANSFER,1389093.56,C1901673755,113505.65,0.0,C1401316767,43707.86,2085232.92,0,0
8,CASH_OUT,207210.15,C1918537167,315.0,0.0,C1898885237,0.0,357742.36,0,0
8,CASH_OUT,59750.58,C1745622252,50773.0,0.0,C157591472,389380.99,508195.26,0,0
8,TRANSFER,567853.72,C1310640343,5058.0,0.0,C510382951,0.0,975636.19,0,0
8,TRANSFER,1311776.9,C604149873,19996.0,0.0,C1491213790,12469.0,1679978.85,0,0
8,CASH_OUT,339501.84,C2117333497,50681.18,0.0,C1725775569,865302.27,983990.12,0,0
8,CASH_OUT,386251.81,C637667905,3680.0,0.0,C1413677222,107300.58,523588.86,0,0
8,TRANSFER,1249491.08,C1130588932,114765.0,0.0,C929286459,0.0,1528994.66,0,0
8,TRANSFER,1429052.03,C1869494088,4594.22,0.0,C1566158153,2041647.44,3470699.47,0,0
8,TRANSFER,1787297.43,C435908759,0.0,0.0,C1023714065,6409908.21,8398562.84,0,0
8,CASH_OUT,125831.54,C480275528,1793.0,0.0,C501402989,45739.0,171570.54,0,0
8,CASH_OUT,158553.81,C1028515820,20720.0,0.0,C560041895,40278.39,523359.27,0,0
8,CASH_OUT,255028.64,C1464990385,1521117.52,1266088.88,C1907159141,1062609.93,2541785.35,0,0
8,CASH_OUT,510448.01,C99681584,13695.0,0.0,C1727331144,0.0,836885.7,0,0
8,CASH_OUT,233704.32,C420490019,41728.0,0.0,C1298316171,1631350.96,749621.53,0,0
8,CASH_OUT,474231.86,C1927558396,30069.0,0.0,C1782113663,3542701.58,6002040.86,0,0
8,CASH_OUT,93549.2,C367112095,101926.0,8376.8,C1465813088,10922.0,318574.94,0,0
8,TRANSFER,1074927.48,C856935645,90186.0,0.0,C121488263,0.0,923520.91,0,0
8,TRANSFER,68495.73,C1624766253,94469.0,25973.27,C647675234,76867.0,145362.73,0,0
8,TRANSFER,977300.54,C638816019,21293.0,0.0,C673068808,667.54,1680127.98,0,0
8,TRANSFER,3231928.32,C1076035261,44145.63,0.0,C665576141,11369652.11,14786300.22,0,0
8,CASH_OUT,120272.29,C1402267465,22089.0,0.0,C1089177065,1757066.85,1076036.85,0,0
8,TRANSFER,1996.17,C1198040187,1996.17,0.0,C1828047633,0.0,0.0,1,0
8,CASH_OUT,1996.17,C858959216,1996.17,0.0,C864078397,2559.74,4555.92,1,0
8,CASH_OUT,34332.68,C2067533068,610.0,0.0,C116289363,26748.07,61080.75,0,0
8,CASH_OUT,47218.95,C720431545,31152.0,0.0,C1257117293,51924.74,354275.02,0,0
8,CASH_OUT,84958.44,C1557321528,479413.8,394455.36,C2049813033,556778.55,1254902.66,0,0
8,TRANSFER,165526.93,C2112136408,124.0,0.0,C705480294,100514.2,535323.06,0,0
8,CASH_OUT,184845.6,C767251503,92714.69,0.0,C1383454473,166974.37,1173901.8,0,0
8,CASH_OUT,285797.31,C1969598801,50127.0,0.0,C1573730841,7308.83,293106.14,0,0
8,TRANSFER,190315.72,C155559593,204858.0,14542.28,C1931451243,89.0,0.0,0,0
8,TRANSFER,1428598.48,C2029515601,1517.0,0.0,C522632546,0.0,1210658.29,0,0
8,TRANSFER,1689513.69,C1097214171,112.0,0.0,C1469084143,342535.47,2003931.21,0,0
8,CASH_OUT,350385.53,C1068735747,25887.0,0.0,C47228838,373605.97,711251.54,0,0
8,TRANSFER,241265.71,C1447970983,11468.0,0.0,C1287328228,243944.1,485209.81,0,0
8,CASH_OUT,169650.32,C985701654,2162.0,0.0,C1610505085,11689.0,304117.77,0,0
8,TRANSFER,733.62,C1994472181,221985.0,221251.38,C1149788645,438091.68,79915.4,0,0
8,TRANSFER,447032.58,C399024498,565864.46,118831.88,C1305075214,321038.51,519020.08,0,0
8,CASH_OUT,211612.15,C298611392,583.0,0.0,C97725839,0.0,211612.15,0,0
8,CASH_OUT,114457.5,C1604886708,30227.0,0.0,C505528357,0.0,159174.97,0,0
8,CASH_OUT,9640.62,C770316414,11160377.05,11150736.44,C1304345230,824911.85,834552.47,0,0
8,CASH_OUT,82071.96,C871963260,8858.0,0.0,C1956871313,0.0,0.0,0,0
8,CASH_OUT,244088.6,C53212312,0.0,0.0,C1493513506,788842.27,1642701.33,0,0
8,CASH_OUT,324808.87,C1761530367,0.0,0.0,C9108707,340716.54,1144029.43,0,0
8,CASH_OUT,366937.68,C188213920,0.0,0.0,C897209100,3886456.77,5188807.88,0,0
8,CASH_OUT,423701.11,C1894132544,0.0,0.0,C1933965693,1274020.49,2074668.33,0,0
8,CASH_OUT,230253.27,C741711600,0.0,0.0,C683605346,1179318.59,1371546.23,0,0
8,CASH_OUT,55455.66,C853197728,0.0,0.0,C727209127,233080.83,4925944.55,0,0
8,CASH_OUT,233066.73,C109862321,0.0,0.0,C669419693,1780910.65,4692432.3,0,0
8,CASH_OUT,186120.83,C1198643723,0.0,0.0,C559485820,241267.46,53725.77,0,0
8,CASH_OUT,450714.6,C596644494,274733.71,0.0,C717951588,795378.31,989801.23,0,0
8,CASH_OUT,303728.36,C1192600216,0.0,0.0,C386312539,3642604.59,4173293.65,0,0
8,CASH_OUT,155904.18,C251501043,53018.0,0.0,C588779235,24930.0,171647.35,0,0
8,CASH_OUT,296136.33,C1373703521,0.0,0.0,C503195940,318193.62,614329.95,0,0
8,TRANSFER,709511.69,C2055027956,59958.0,0.0,C388286025,0.0,570577.73,0,0
8,CASH_OUT,339684.1,C598650079,8417.12,0.0,C388583042,0.0,0.0,0,0
8,TRANSFER,799593.56,C2032523831,121476.0,0.0,C1060041730,15608548.36,16532032.16,0,0
8,CASH_OUT,12730.42,C1711765009,29801.0,17070.58,C1049228732,31082.53,43812.95,0,0
8,CASH_OUT,164612.13,C2095592703,39952.0,0.0,C866710867,111818.78,166801.21,0,0
8,CASH_OUT,98787.43,C1108808799,26262.38,0.0,C66497191,203149.56,322.49,0,0
8,CASH_OUT,116737.85,C434194944,0.0,0.0,C875761527,1509928.54,1238942.28,0,0
8,CASH_OUT,78762.76,C277589052,0.0,0.0,C803116137,23095697.04,23768107.88,0,0
8,CASH_OUT,46030.5,C1447730313,0.0,0.0,C711278951,124070.32,299403.05,0,0
8,CASH_OUT,185411.52,C738582515,0.0,0.0,C1172042998,358742.56,351222.43,0,0
8,CASH_OUT,91816.42,C1059529017,0.0,0.0,C367746789,2039290.2,2133868.99,0,0
8,CASH_OUT,107829.86,C1912639661,0.0,0.0,C1647754924,856926.35,1563660.85,0,0
8,CASH_OUT,167305.19,C824434611,51111.0,0.0,C1167813715,179502.44,337113.3,0,0
8,TRANSFER,554418.24,C506490726,88495.94,0.0,C1311325237,1048195.4,5465400.62,0,0
8,TRANSFER,703067.01,C290033299,63474.0,0.0,C579802590,0.0,703067.01,0,0
8,TRANSFER,2700496.21,C326898623,71252.31,0.0,C801142660,13505074.42,16408480.12,0,0
8,TRANSFER,1351933.34,C1310468693,0.0,0.0,C1615804266,2119672.01,4512194.13,0,0
8,TRANSFER,226026.64,C1966544418,30236.0,0.0,C259915853,136176.41,163762.98,0,0
8,TRANSFER,516405.61,C1515635795,10646.0,0.0,C1548218207,0.0,764838.79,0,0
8,CASH_OUT,171505.44,C1810532232,27223.16,0.0,C1678035039,178123.0,349628.44,0,0
8,CASH_OUT,140279.83,C1686519073,0.0,0.0,C524804429,578388.9,1353412.68,0,0
8,CASH_OUT,32027.12,C270061277,13936.23,0.0,C2014517831,456676.34,242280.42,0,0
8,CASH_OUT,49603.22,C528745637,8314.0,0.0,C2011996123,8698084.2,9264344.9,0,0
8,CASH_OUT,6901.47,C1053988923,49718.0,42816.53,C582410861,215182.58,222084.05,0,0
8,CASH_OUT,254348.08,C1540234857,50062.0,0.0,C306285887,537518.53,1458658.26,0,0
8,CASH_OUT,102970.0,C261184179,7419.0,0.0,C964931693,134435.58,237405.58,0,0
8,CASH_OUT,131896.23,C480062875,191056.0,59159.77,C787040724,1710734.63,4039814.03,0,0
8,TRANSFER,595108.59,C425506937,180980.73,0.0,C439917369,772326.67,1503528.24,0,0
8,CASH_OUT,157575.41,C1561408565,2096.0,0.0,C30516998,673990.41,0.0,0,0
8,TRANSFER,278119.98,C1530732521,52160.56,0.0,C895798008,10361.84,581346.67,0,0
8,CASH_OUT,389507.33,C1828508208,0.0,0.0,C408304912,2164998.18,3158225.46,0,0
8,CASH_OUT,171753.11,C1503943573,23233.0,0.0,C1740764606,1161103.63,1939726.07,0,0
8,TRANSFER,1568267.29,C902706514,43097.0,0.0,C1998741793,0.0,1568267.29,0,0
8,TRANSFER,2777230.22,C98476111,30992.0,0.0,C1044117371,0.0,4393432.11,0,0
8,CASH_OUT,160811.4,C1107190019,157201.0,0.0,C518334273,929.05,161740.45,0,0
8,CASH_OUT,132096.48,C499811409,585413.62,453317.14,C1619489362,155.0,105734.8,0,0
8,CASH_OUT,121812.07,C646797418,31638.0,0.0,C1799587714,0.0,121812.07,0,0
8,TRANSFER,1057636.74,C486496345,11381.0,0.0,C1004780164,0.0,1679662.6,0,0
8,CASH_OUT,180272.22,C570361501,31224.0,0.0,C1504217374,243101.8,123668.83,0,0
8,CASH_OUT,248877.01,C771423855,7837.0,0.0,C1684776894,0.0,553715.73,0,0
8,TRANSFER,333176.85,C977628176,0.0,0.0,C1876351111,996389.59,1785000.81,0,0
8,CASH_OUT,14624.52,C1755537648,38876.0,24251.48,C836903727,10051.56,24676.08,0,0
8,CASH_OUT,161322.78,C1911746971,313.0,0.0,C358945794,286852.02,502113.43,0,0
8,CASH_OUT,14458.17,C609598344,263758.86,249300.69,C1379289710,44818.04,1820155.85,0,0
8,CASH_OUT,261389.06,C1009658533,249300.69,0.0,C75629578,353595.4,707849.71,0,0
8,CASH_OUT,277305.71,C1824791908,0.0,0.0,C1424731356,1404043.2,0.0,0,0
8,TRANSFER,1195459.27,C415021898,11919.0,0.0,C1796712971,0.0,1513416.04,0,0
8,CASH_OUT,193601.05,C1552589246,235083.61,41482.56,C1493513506,1032930.87,1642701.33,0,0
8,CASH_OUT,27915.34,C275359862,1362320.22,1334404.89,C801142660,16205570.63,16408480.12,0,0
8,CASH_OUT,57854.55,C1844586458,1334404.89,1276550.33,C571435580,1444013.25,1530653.61,0,0
8,CASH_OUT,151453.68,C1309775952,1337160.62,1185706.95,C439078113,1735144.44,1886598.11,0,0
8,CASH_OUT,210064.31,C816263700,35007.0,0.0,C476441699,0.0,340276.5,0,0
8,CASH_OUT,40878.36,C570329600,30476.77,0.0,C712956349,1051727.26,1586820.55,0,0
8,CASH_OUT,25709.37,C695366964,195.0,0.0,C619120762,0.0,25709.37,0,0
8,CASH_OUT,69025.5,C557134714,21654.0,0.0,C227998366,797.0,0.0,0,0
8,TRANSFER,1181672.14,C758681334,160271.0,0.0,C1588901702,1265752.14,2320452.13,0,0
8,CASH_OUT,45429.01,C1966018470,0.0,0.0,C1615804266,3471605.35,4512194.13,0,0
8,TRANSFER,398146.99,C478765259,81797.0,0.0,C371271246,0.0,42785.52,0,0
8,CASH_OUT,240605.17,C2121241036,2723065.16,2482459.99,C214774813,22269551.64,22638306.95,0,0
8,CASH_OUT,226557.75,C714859705,1109910.03,883352.28,C1191985342,853570.1,1276447.09,0,0
8,CASH_OUT,4138.64,C679014871,147931.0,143792.36,C2071722626,337906.41,202043.27,0,0
8,CASH_OUT,3143.18,C487956619,42658.0,39514.82,C58642425,233988.87,311573.72,0,0
8,TRANSFER,1511389.33,C1133159122,40153.0,0.0,C815121481,0.0,1379703.29,0,0
8,CASH_OUT,255343.95,C554188810,285794.21,30450.26,C1700355047,1180757.76,1455482.66,0,0
8,TRANSFER,1063808.64,C1212395804,8011.0,0.0,C1337741679,3112626.91,4670415.04,0,0
8,CASH_OUT,47802.21,C1027777283,11045.0,0.0,C252837416,0.0,47802.21,0,0
8,CASH_OUT,110035.53,C508662500,30370.0,0.0,C1438780049,0.0,110035.53,0,0
8,TRANSFER,532516.6,C1758415276,72786.0,0.0,C820920634,0.0,532516.6,0,0
8,CASH_OUT,52971.82,C296949687,51233.0,0.0,C430297016,2956.05,0.0,0,0
8,TRANSFER,993343.67,C511148156,225.0,0.0,C1143894549,0.0,1233684.11,0,0
8,CASH_OUT,54901.93,C27430936,1390254.59,1335352.65,C896393489,130970.68,28783585.38,0,0
8,CASH_OUT,66982.11,C540076414,29881.0,0.0,C382068653,187.0,0.0,0,0
8,TRANSFER,1523685.68,C358121430,5757.0,0.0,C219416103,0.0,1530956.05,0,0
8,CASH_OUT,419602.6,C1713755306,28319.0,0.0,C1753295732,0.0,272139.03,0,0
8,CASH_OUT,54076.91,C914975133,964328.36,910251.45,C211753297,247634.34,169062.66,0,0
8,TRANSFER,111687.47,C2091031829,890.0,0.0,C1949430968,0.0,111687.47,0,0
8,CASH_OUT,245576.45,C783759146,38832.47,0.0,C1276424637,937463.99,1610468.3,0,0
8,TRANSFER,484832.19,C332801050,892269.73,407437.54,C1805683209,6380909.96,7428081.5,0,0
8,TRANSFER,834419.26,C1286210473,136.0,0.0,C862584412,248.0,85951.21,0,0
8,CASH_OUT,215016.6,C1538487153,305207.0,90190.4,C999544948,138544.36,353560.97,0,0
8,TRANSFER,1258487.16,C2134989536,12060.0,0.0,C24404443,225723.03,2045840.62,0,0
8,CASH_OUT,205466.62,C1189159890,692111.72,486645.09,C1303868418,7944128.68,10007761.88,0,0
8,CASH_OUT,80643.7,C382661071,239454.97,158811.27,C339099861,571423.97,393406.66,0,0
8,CASH_OUT,161451.02,C1582876292,158811.27,0.0,C1632716597,194473.7,279348.7,0,0
8,CASH_OUT,708419.19,C1744690934,0.0,0.0,C470217116,3193227.37,6821434.41,0,0
8,CASH_OUT,455136.81,C1260103334,0.0,0.0,C547644464,472404.23,927541.04,0,0
8,CASH_OUT,271806.69,C716863107,140998.96,0.0,C992713622,306674.67,672128.12,0,0
8,CASH_OUT,453214.05,C852425142,0.0,0.0,C265108079,2536771.47,4937135.42,0,0
8,CASH_OUT,131092.88,C994941815,159434.0,28341.12,C1198167820,80554.59,375014.35,0,0
8,CASH_OUT,206882.14,C895961946,146985.0,0.0,C892981061,0.0,46031.18,0,0
8,CASH_OUT,123692.47,C1898116885,5496.0,0.0,C1282155635,100659.0,770138.65,0,0
8,CASH_OUT,76259.4,C853323771,120137.0,43877.6,C717951588,1246092.91,989801.23,0,0
8,CASH_OUT,169757.98,C908408943,101104.0,0.0,C35782637,787.0,342825.58,0,0
8,CASH_OUT,240704.49,C1783217641,1029.0,0.0,C1028574311,3985499.15,5141218.55,0,0
8,CASH_OUT,42026.13,C1502090684,131595.8,89569.67,C1742312978,57664.16,99690.29,0,0
8,TRANSFER,107706.52,C746157180,104349.0,0.0,C152254957,16467.59,0.0,0,0
8,CASH_OUT,234687.88,C1737932466,134931.72,0.0,C1355326338,295567.28,652230.65,0,0
8,CASH_OUT,286487.67,C111981018,630995.0,344507.33,C927008541,0.0,836809.68,0,0
8,TRANSFER,668712.33,C1668276128,132065.29,0.0,C1004780164,1057636.74,1679662.6,0,0
8,TRANSFER,1293482.31,C3047542,0.0,0.0,C1615443145,1614461.83,2907944.14,0,0
8,TRANSFER,841881.39,C671200928,0.0,0.0,C627675433,1965041.67,5189726.17,0,0
8,TRANSFER,443797.08,C766851336,0.0,0.0,C679235222,1770523.08,3763135.16,0,0
8,TRANSFER,331816.83,C817521089,0.0,0.0,C2078011503,342935.24,880510.54,0,0
8,TRANSFER,343691.16,C1147370128,12436.0,0.0,C715819458,451784.94,926737.45,0,0
8,CASH_OUT,39475.03,C1593318245,21863.0,0.0,C1902797635,1842.82,41317.86,0,0
8,CASH_OUT,173823.31,C1787603068,220.0,0.0,C2007792854,0.0,539670.33,0,0
8,TRANSFER,184960.86,C643651083,435.0,0.0,C830615916,50178.0,354477.8,0,0
8,CASH_OUT,227994.79,C1784767558,22440.0,0.0,C1631408038,132628.52,155039.65,0,0
8,CASH_OUT,200012.02,C2127643478,0.0,0.0,C1464984894,64611.99,342146.89,0,0
8,CASH_OUT,256082.19,C527653790,0.0,0.0,C1150575867,290529.57,752999.34,0,0
8,CASH_OUT,434951.11,C1036106397,0.0,0.0,C1561784955,3140214.64,3830814.23,0,0
8,CASH_OUT,356464.45,C219969505,238508.0,0.0,C1007392323,833840.14,1190304.59,0,0
8,CASH_OUT,60162.73,C2113652581,10971.0,0.0,C1632252655,0.0,60162.73,0,0
8,CASH_OUT,313114.94,C995886413,7030.29,0.0,C1423992712,11453712.37,13803333.72,0,0
8,CASH_OUT,434544.54,C376735271,3620.0,0.0,C310737318,2756.43,1022379.45,0,0
8,CASH_OUT,62091.28,C1090749289,579.0,0.0,C621845892,0.0,62091.28,0,0
8,CASH_OUT,356643.31,C1469475517,50949.0,0.0,C510508465,0.0,339354.83,0,0
8,CASH_OUT,165400.08,C213609327,188478.0,23077.92,C1785910017,0.0,375301.01,0,0
8,TRANSFER,913388.59,C1688076280,21139.0,0.0,C1371191175,180507.62,1093896.21,0,0
8,CASH_OUT,178139.27,C663055056,177682.0,0.0,C1382034610,14020.0,0.0,0,0
8,CASH_OUT,354662.5,C197478758,23765.0,0.0,C1911222122,0.0,354662.5,0,0
8,TRANSFER,1183182.4,C467487087,1618668.7,435486.29,C556281798,1436834.71,3058525.01,0,0
8,CASH_OUT,161249.03,C1059295775,33948.66,0.0,C803116137,23174459.8,23768107.88,0,0
8,TRANSFER,302616.35,C2124544308,43107.0,0.0,C1243712710,0.0,302616.35,0,0
8,CASH_OUT,655345.63,C886534339,30116.0,0.0,C732398219,0.0,655345.63,0,0
8,CASH_OUT,415504.23,C1171146548,0.0,0.0,C1988852187,655452.13,2232864.41,0,0
8,CASH_OUT,310803.18,C341829070,540370.6,229567.42,C345507865,0.0,310803.18,0,0
8,CASH_OUT,20500.73,C2013595016,176278.69,155777.95,C170954749,734827.18,755327.91,0,0
8,CASH_OUT,144441.59,C569468571,40333.0,0.0,C1883788127,126133.09,228885.23,0,0
8,CASH_OUT,125109.18,C1896353384,6011.0,0.0,C1509170127,33153.25,370926.97,0,0
8,CASH_OUT,178336.77,C956117759,30101.08,0.0,C1245442940,534889.95,608336.53,0,0
8,CASH_OUT,371923.95,C154603718,0.0,0.0,C1915163610,821608.59,1232867.65,0,0
8,TRANSFER,136872.89,C494374234,2280771.02,2143898.13,C1747713912,64474.52,353616.98,0,0
8,CASH_OUT,83254.81,C490298231,2143898.13,2060643.32,C197353092,517855.14,467101.75,0,0
8,TRANSFER,1193417.04,C185279799,29734.0,0.0,C476800120,59821.2,1595598.78,0,0
8,TRANSFER,760868.14,C1351954787,0.0,0.0,C58333888,2982171.02,4173485.4,0,0
8,TRANSFER,1089476.4,C1048397194,0.0,0.0,C1529115495,1620395.92,2956183.79,0,0
8,TRANSFER,1582930.19,C328698494,0.0,0.0,C374625527,4017308.21,5175906.61,0,0
8,CASH_OUT,34045.1,C1105668006,54480.0,20434.9,C173275257,66777.16,191339.02,0,0
8,CASH_OUT,433718.78,C1139734731,32981.0,0.0,C1226372269,7491023.94,8181104.01,0,0
8,TRANSFER,1336715.58,C1003240711,9736.0,0.0,C1204684191,0.0,1734187.09,0,0
8,CASH_OUT,215050.11,C62055462,70076.0,0.0,C912252532,65528.49,318681.9,0,0
8,CASH_OUT,96716.58,C1870961885,4563.0,0.0,C187019413,158412.12,384209.88,0,0
8,TRANSFER,1832666.8,C219247084,33310.39,0.0,C1182461167,483160.28,2329693.31,0,0
8,CASH_OUT,156432.41,C1216826192,1608.0,0.0,C1877976610,84166.18,141685.4,0,0
8,CASH_OUT,133307.07,C919267054,3554.0,0.0,C1871196571,340168.72,916711.74,0,0
8,TRANSFER,459340.75,C100915781,17927.0,0.0,C1290601415,0.0,459340.75,0,0
8,CASH_OUT,42323.68,C1730130429,320998.94,278675.26,C704024200,0.0,26577.75,0,0
8,CASH_OUT,266676.47,C430987665,1524531.29,1257854.82,C624685600,510082.43,1263934.85,0,0
8,TRANSFER,1231490.69,C1291703815,689.0,0.0,C288440707,0.0,980978.01,0,0
8,CASH_OUT,333394.92,C1075207586,29905.0,0.0,C736709391,0.0,333394.92,0,0
8,CASH_OUT,276167.0,C1652160073,11111.0,0.0,C1123629720,61696.1,0.0,0,0
8,CASH_OUT,4352.84,C1884418970,657.0,0.0,C1677727024,384501.01,388853.85,0,0
8,TRANSFER,89498.52,C471710463,142.0,0.0,C736236438,73.39,13984.22,0,0
8,CASH_OUT,35625.05,C1299505638,0.0,0.0,C1710002389,900849.89,936474.93,0,0
8,CASH_OUT,321042.09,C39485381,0.0,0.0,C1564931235,547550.04,742404.44,0,0
8,CASH_OUT,536707.8,C340674157,9201.0,0.0,C1039162432,5093803.62,5478833.48,0,0
8,CASH_OUT,421059.25,C213707874,26730.93,0.0,C12793273,1982111.92,1918654.56,0,0
8,CASH_OUT,212799.59,C1933320224,0.0,0.0,C1948558238,10261859.13,11604362.04,0,0
8,CASH_OUT,55323.92,C720039383,0.0,0.0,C1130075212,536073.4,428409.32,0,0
8,CASH_OUT,391066.35,C859681690,0.0,0.0,C345603257,7819916.87,9917629.77,0,0
8,CASH_OUT,349526.39,C1477019235,0.0,0.0,C1396755641,1767333.4,2666422.03,0,0
8,CASH_OUT,663962.82,C1244041314,0.0,0.0,C1469261298,1257018.75,1964434.31,0,0
8,CASH_OUT,122298.81,C937380004,0.0,0.0,C503485607,219539.64,341838.45,0,0
8,CASH_OUT,184303.59,C1763740838,0.0,0.0,C288197656,831704.07,3423141.07,0,0
8,CASH_OUT,132158.02,C2098079103,0.0,0.0,C638590716,4069509.88,4592962.92,0,0
8,CASH_OUT,403369.57,C64294716,0.0,0.0,C1948558238,10474658.73,11604362.04,0,0
8,CASH_OUT,393367.3,C1317207434,0.0,0.0,C1401316767,1432801.42,2085232.92,0,0
8,CASH_OUT,185417.96,C598351168,0.0,0.0,C1483338079,369176.2,774580.02,0,0
8,CASH_OUT,163805.28,C797176215,0.0,0.0,C1651432416,3446196.49,3810758.95,0,0
8,CASH_OUT,23806.99,C75802548,21060.0,0.0,C1897193207,49765.0,145100.2,0,0
8,CASH_OUT,288501.42,C1583580224,221821.0,0.0,C978609035,2098382.72,2413840.05,0,0
8,CASH_OUT,458687.29,C1582858775,36539.0,0.0,C64133603,6706.68,619131.66,0,0
8,TRANSFER,1849624.33,C1532971575,396671.0,0.0,C653305407,0.0,2309910.68,0,0
8,CASH_OUT,131915.88,C50269988,237743.0,105827.12,C1380361139,5821.98,501134.04,0,0
8,TRANSFER,962151.48,C1946935027,0.0,0.0,C1505755152,13979174.85,14646239.59,0,0
8,CASH_OUT,382283.08,C251095417,194844.0,0.0,C236282128,0.0,994.76,0,0
8,CASH_OUT,219985.86,C115937167,118076.5,0.0,C1483338079,554594.15,774580.02,0,0
8,CASH_OUT,145935.79,C1233439660,15461.01,0.0,C143580560,552327.12,1475853.11,0,0
8,TRANSFER,121517.54,C88196996,20059.0,0.0,C466409782,0.0,121517.54,0,0
8,CASH_OUT,62837.86,C945967550,54080.0,0.0,C265184085,10429.79,567756.32,0,0
8,CASH_OUT,72790.04,C2111797335,5698.0,0.0,C1569007457,37745.48,412036.93,0,0
8,CASH_OUT,106186.47,C539085761,3390.0,0.0,C873287880,4862.87,137942.49,0,0
8,CASH_OUT,157890.92,C339843880,0.0,0.0,C1515979807,11372136.78,12141425.39,0,0
8,CASH_OUT,89970.1,C1238072676,20014.0,0.0,C877241443,5788.0,95758.1,0,0
8,CASH_OUT,182709.7,C1400802531,10954.59,0.0,C1337741679,4176435.55,4670415.04,0,0
8,CASH_OUT,24436.92,C1379397140,0.0,0.0,C2078448324,397709.04,703316.17,0,0
8,CASH_OUT,264212.1,C1228228474,0.0,0.0,C2131465140,342975.48,607187.58,0,0
8,CASH_OUT,83652.34,C1404803059,0.0,0.0,C1645903235,102784.42,31924.63,0,0
8,CASH_OUT,11526.01,C1954873587,0.0,0.0,C1823908748,1370547.4,0.0,0,0
8,CASH_OUT,211926.46,C422516537,0.0,0.0,C1414763289,544074.39,434053.18,0,0
8,CASH_OUT,50648.87,C2051182065,0.0,0.0,C466160470,102638.78,0.0,0,0
8,CASH_OUT,277481.86,C1967753541,0.0,0.0,C1665979484,470369.35,1149182.35,0,0
8,CASH_OUT,45966.16,C689413511,0.0,0.0,C1988852187,1070956.36,2232864.41,0,0
8,CASH_OUT,11813.38,C1222689091,0.0,0.0,C97730845,20213230.6,23005385.41,0,0
8,CASH_OUT,178804.48,C648278187,0.0,0.0,C789014007,193125.11,184477.77,0,0
8,CASH_OUT,105244.12,C530138779,0.0,0.0,C1251686742,1214171.09,1311387.88,0,0
8,CASH_OUT,15168.01,C175573834,0.0,0.0,C2011904058,124014.34,140668.7,0,0
8,CASH_OUT,153334.17,C1146300830,0.0,0.0,C805006582,1243389.7,1196120.1,0,0
8,CASH_OUT,100291.13,C2110566167,0.0,0.0,C1439007204,169612.02,479900.59,0,0
8,CASH_OUT,150214.09,C674530219,0.0,0.0,C1653859230,1252459.89,1878150.67,0,0
8,CASH_OUT,7663.35,C439083196,0.0,0.0,C1332701679,34003.12,0.0,0,0
8,CASH_OUT,24428.11,C1206465982,0.0,0.0,C1722902384,478995.31,681456.39,0,0
8,CASH_OUT,58823.42,C1606786627,0.0,0.0,C1183572822,166337.58,309086.64,0,0
8,CASH_OUT,103033.25,C1407219659,0.0,0.0,C861958315,296225.47,531628.29,0,0
8,CASH_OUT,5066.83,C1803907708,41666.48,36599.65,C1911619650,0.0,5066.83,0,0
8,TRANSFER,3392262.69,C19099693,0.0,0.0,C1721246982,5182182.64,8953314.93,0,0
8,CASH_OUT,32375.44,C1643461494,2815558.65,2783183.21,C1383831706,0.0,32375.44,0,0
8,CASH_OUT,163227.14,C127972562,2783183.21,2619956.07,C952219856,658344.23,821571.37,0,0
8,CASH_OUT,266346.12,C1456414263,2619956.07,2353609.96,C1408337297,495502.28,175365.88,0,0
8,CASH_OUT,127029.59,C601792527,6065.0,0.0,C1788314109,80993.41,0.0,0,0
8,TRANSFER,621202.36,C1888712015,552415.26,0.0,C1545454825,90948.22,5171229.64,0,0
8,CASH_OUT,44891.04,C258795284,17934.0,0.0,C1939372551,11053.0,55944.04,0,0
8,CASH_OUT,56026.47,C1690223291,203928.0,147901.53,C1141137903,11591010.46,14068690.23,0,0
8,CASH_OUT,381295.12,C431264907,138277.52,0.0,C599265282,109936.13,840007.73,0,0
8,TRANSFER,2113597.68,C905144449,0.0,0.0,C515132998,2346720.02,4460317.7,0,0
8,CASH_OUT,15601.47,C2059434398,185431.87,169830.4,C1413677222,493552.39,523588.86,0,0
8,TRANSFER,313131.17,C689175436,756000.85,442869.68,C1832276634,0.0,54041.74,0,0
8,TRANSFER,1112328.41,C571330180,1594.0,0.0,C738590621,7753.58,1311426.86,0,0
8,CASH_OUT,309872.17,C459305937,60757.0,0.0,C1716892902,0.0,248938.13,0,0
8,TRANSFER,355251.0,C839675438,69335.0,0.0,C1891412311,972619.67,1416477.85,0,0
8,TRANSFER,17964.21,C720006469,30892.0,12927.79,C906718881,119502.58,137466.79,0,0
8,CASH_OUT,198025.05,C1070841403,92829.48,0.0,C1092465037,2215843.76,2394540.24,0,0
8,CASH_OUT,1118.65,C1319582246,451764.0,450645.35,C1107146140,767574.7,1655416.88,0,0
8,CASH_OUT,326813.36,C1091329544,39684.0,0.0,C323635473,160.0,0.0,0,0
8,CASH_OUT,228730.86,C1963665527,9981.0,0.0,C14440699,0.0,1183498.14,0,0
8,CASH_OUT,43621.29,C1879472857,75696.19,32074.9,C198210775,66859.5,296465.0,0,0
8,CASH_OUT,262074.06,C13017003,349479.0,87404.94,C521284795,72640.22,621801.24,0,0
8,CASH_OUT,269103.57,C1314610857,271868.73,2765.16,C1177315507,0.0,167652.31,0,0
8,CASH_OUT,226104.24,C923471833,9984.0,0.0,C1943516848,28841.98,223275.54,0,0
8,CASH_OUT,71438.96,C1177684018,142.0,0.0,C918523964,0.0,118658.51,0,0
8,CASH_OUT,78994.36,C2125222681,10060.0,0.0,C1440282299,730112.42,878239.73,0,0
8,CASH_OUT,161607.12,C1051547807,147.0,0.0,C2146610568,30911.0,276145.31,0,0
8,CASH_OUT,62215.82,C2045982110,200972.0,138756.18,C969412636,0.0,200933.99,0,0
8,CASH_OUT,28550.73,C1083803387,1312.0,0.0,C639695157,18252.56,46803.29,0,0
8,CASH_OUT,300171.02,C1946962423,21676.0,0.0,C865922491,0.0,492674.45,0,0
8,CASH_OUT,44898.22,C460132712,35431.0,0.0,C624539461,2977.0,592819.21,0,0
8,CASH_OUT,120319.74,C1573188136,875156.4,754836.66,C522079748,0.0,120319.74,0,0
8,TRANSFER,1078013.76,C1026280121,0.0,0.0,C277510102,0.0,970749.68,1,0
8,TRANSFER,635124.83,C1039206407,32957.0,0.0,C9108707,665525.41,1144029.43,0,0
8,CASH_OUT,232335.92,C1636027990,27461.0,0.0,C1148564657,20264.0,215577.47,0,0
8,CASH_OUT,608645.47,C48421221,39664.0,0.0,C143580560,698262.91,1475853.11,0,0
8,CASH_OUT,251186.24,C2034424349,0.0,0.0,C1869228744,1890743.15,2528711.98,0,0
8,CASH_OUT,475884.65,C296820113,0.0,0.0,C2112826959,1398849.93,2258719.46,0,0
8,CASH_OUT,46857.16,C1918192081,0.0,0.0,C1195378184,373157.14,1613158.27,0,0
8,CASH_OUT,178373.34,C1797672514,0.0,0.0,C831467165,7025103.09,8605094.93,0,0
8,CASH_OUT,100614.58,C81523465,0.0,0.0,C830831744,2350920.75,2838892.83,0,0
8,CASH_OUT,130026.82,C496970646,0.0,0.0,C1517552713,372132.02,502158.84,0,0
8,CASH_OUT,328801.84,C1163715125,0.0,0.0,C1389405694,1274159.29,1738350.23,0,0
8,CASH_OUT,186966.07,C483516546,0.0,0.0,C7881234,1403713.74,1100454.23,0,0
8,CASH_OUT,388757.96,C1204358058,0.0,0.0,C1817886095,430284.11,139123.77,0,0
8,CASH_OUT,156566.91,C594430814,0.0,0.0,C1395746279,1068093.68,1391020.69,0,0
8,CASH_OUT,115322.56,C25253964,0.0,0.0,C1659797072,429545.9,0.0,0,0
8,CASH_OUT,107419.83,C306674958,0.0,0.0,C1682576062,377497.71,366932.33,0,0
8,CASH_OUT,388111.95,C1287204089,270447.31,0.0,C59215997,429633.23,1359980.45,0,0
8,CASH_OUT,181091.19,C1581354420,5581.0,0.0,C2040329005,0.0,302446.57,0,0
8,CASH_OUT,100427.95,C678789553,4464.0,0.0,C128846374,3135.2,103563.15,0,0
8,CASH_OUT,201645.38,C1400968054,10076.0,0.0,C1778289781,66065.16,1273292.81,0,0
8,CASH_OUT,103787.96,C33491103,175.0,0.0,C1007483565,0.0,101388.35,0,0
8,CASH_OUT,10887.01,C1440444455,32230.0,21342.99,C1930040331,508189.23,462485.35,0,0
8,CASH_OUT,268850.72,C739848691,3154.0,0.0,C705480294,266041.13,535323.06,0,0
8,CASH_OUT,108976.15,C1381369257,29918.0,0.0,C1207946845,1228058.03,1079004.45,0,0
8,CASH_OUT,372772.76,C301315396,104486.0,0.0,C418978254,0.0,228519.51,0,0
8,CASH_OUT,90081.74,C1216530820,10785.0,0.0,C618155294,105327.41,516729.48,0,0
8,TRANSFER,913898.16,C1280529002,0.0,0.0,C2067546399,202273.8,1318005.5,0,0
8,TRANSFER,37337.83,C2106284957,163456.0,126118.17,C2079332573,45021.88,82359.7,0,0
8,CASH_OUT,274174.55,C270083011,47272.22,0.0,C2006081398,4009744.06,4743010.67,0,0
8,TRANSFER,915275.85,C945106290,623.0,0.0,C1600651070,0.0,1216842.82,0,0
8,CASH_OUT,88909.78,C1636501120,56527.0,0.0,C2108999811,0.0,88909.78,0,0
8,TRANSFER,711085.2,C1061377323,96689.0,0.0,C697172013,0.0,711085.2,0,0
8,CASH_OUT,161593.2,C1824538070,0.0,0.0,C727209127,288536.49,4925944.55,0,0
8,CASH_OUT,159764.96,C1994263353,10399.0,0.0,C1899091560,0.0,159764.96,0,0
8,TRANSFER,1336903.03,C192403246,51924.0,0.0,C539486713,11349.07,8771150.48,0,0
8,CASH_OUT,200487.8,C300451600,132.0,0.0,C1306439078,0.0,288060.49,0,0
8,CASH_OUT,312852.59,C1062028882,585.0,0.0,C25789843,72565.51,394089.82,0,0
8,CASH_OUT,317378.19,C2017275702,129526.17,0.0,C748014372,4902172.09,5263349.98,0,0
8,CASH_OUT,149315.1,C1814239989,5443.0,0.0,C1609742538,0.0,217463.04,0,0
8,TRANSFER,30309.95,C61056079,246.0,0.0,C813163690,0.0,45263.07,0,0
8,CASH_OUT,24508.05,C1689735876,4154.0,0.0,C1203094087,162622.88,375835.62,0,0
8,TRANSFER,1360229.24,C32847107,489.0,0.0,C2050019814,0.0,2128938.2,0,0
8,CASH_OUT,173744.04,C1913255579,25764.0,0.0,C1808652004,73230.97,246975.01,0,0
8,CASH_OUT,488920.03,C418068223,101819.0,0.0,C2038994826,0.0,771935.59,0,0
8,CASH_OUT,421160.62,C636204631,104364.0,0.0,C1200417755,640225.59,1411708.67,0,0
8,TRANSFER,1195330.86,C12756211,0.0,0.0,C160284738,148545.29,44049.23,0,0
8,TRANSFER,1954074.09,C1102497319,0.0,0.0,C749013731,2281870.1,4369565.78,0,0
8,CASH_OUT,435363.05,C1915153659,5323.88,0.0,C124540047,13079.96,448443.01,0,0
8,TRANSFER,103182.98,C1074382795,0.0,0.0,C1825389809,611319.47,1077837.29,0,0
8,TRANSFER,2179274.8,C1442383365,0.0,0.0,C2085805920,0.0,2994178.1,0,0
8,CASH_OUT,309529.95,C430140559,11048.0,0.0,C943901945,6497.4,553771.44,0,0
8,CASH_OUT,86685.25,C76226819,1473113.46,1386428.21,C137840913,352978.28,439663.53,0,0
8,CASH_OUT,264559.19,C1885272533,479269.0,214709.81,C384735911,0.0,419195.55,0,0
8,TRANSFER,1139170.31,C40051981,22412.0,0.0,C1934837365,0.0,1429107.04,0,0
8,TRANSFER,242906.18,C794656470,9056.29,0.0,C1636786811,13143826.39,14456269.9,0,0
8,TRANSFER,43996.42,C873299325,0.0,0.0,C1424731356,1681348.92,0.0,0,0
8,TRANSFER,847763.82,C1631199033,0.0,0.0,C191614132,960935.45,2122191.07,0,0
8,CASH_OUT,84280.02,C476047799,55327.0,0.0,C1292435170,1939949.73,2076594.43,0,0
8,TRANSFER,523402.13,C922477525,55927.87,0.0,C1809373351,88268.78,388285.06,0,0
8,CASH_OUT,2060.52,C1803238775,137549.93,135489.41,C1556875182,2614948.5,3585215.55,0,0
8,CASH_OUT,94698.04,C617952167,135489.41,40791.37,C1474346966,250795.71,323398.34,0,0
8,CASH_OUT,681084.88,C1821734919,40791.37,0.0,C1058634310,1958343.22,3071176.4,0,0
8,CASH_OUT,131768.63,C188142544,0.0,0.0,C388286025,709511.69,570577.73,0,0
8,CASH_OUT,343.08,C966055748,0.0,0.0,C521284795,334714.28,621801.24,0,0
8,CASH_OUT,109139.12,C877757402,0.0,0.0,C940159462,115286.0,246924.9,0,0
8,CASH_OUT,29219.8,C1933807639,0.0,0.0,C783286238,343469.12,372688.92,0,0
8,CASH_OUT,120188.61,C1322673660,0.0,0.0,C1909597726,339224.74,494709.81,0,0
8,CASH_OUT,38340.1,C1374139797,0.0,0.0,C235386075,441973.61,880834.84,0,0
8,CASH_OUT,312271.82,C1762698016,0.0,0.0,C569022831,688696.53,1000968.35,0,0
8,CASH_OUT,160080.03,C113005885,0.0,0.0,C2009378486,9841162.86,10412766.11,0,0
8,CASH_OUT,110207.41,C2075670931,0.0,0.0,C1674899618,12666235.22,12588180.96,0,0
8,CASH_OUT,144938.32,C1228222948,48519.0,0.0,C173247103,0.0,1201494.14,0,0
8,TRANSFER,1329273.22,C961072255,29841.0,0.0,C987060415,0.0,1795303.57,0,0
8,TRANSFER,214591.89,C1845414302,133.0,0.0,C468897557,0.0,581439.67,0,0
8,CASH_OUT,51848.85,C1868282693,980.0,0.0,C51626955,1005443.86,1129092.65,0,0
8,CASH_OUT,179863.88,C1930499220,66148.63,0.0,C1474346966,345493.75,323398.34,0,0
8,TRANSFER,299316.3,C384759178,21620.0,0.0,C1703196166,36300.0,147897.43,0,0
8,CASH_OUT,159569.38,C113469814,61465.0,0.0,C858007309,0.0,232807.64,0,0
8,CASH_OUT,122892.76,C1210403264,2496854.87,2373962.1,C1234206326,0.0,122892.76,0,0
8,TRANSFER,872306.91,C88636010,0.0,0.0,C1615804266,3517034.36,4512194.13,0,0
8,CASH_OUT,274531.69,C658356380,0.0,0.0,C1204684191,1336715.58,1734187.09,0,0
8,TRANSFER,99524.41,C1174039047,0.0,0.0,C1334973394,957263.65,1421615.52,0,0
8,CASH_OUT,293597.51,C473832614,37917.28,0.0,C305259590,713804.52,937916.52,0,0
8,TRANSFER,2001378.66,C1340960209,11374.0,0.0,C257761496,0.0,2001378.66,0,0
8,CASH_OUT,403934.66,C1095160365,4466.0,0.0,C1044472558,359856.91,362563.33,0,0
8,TRANSFER,643200.13,C727556445,0.0,0.0,C1626759869,1202235.94,1845436.06,0,0
8,TRANSFER,75378.33,C783253111,0.0,0.0,C423375700,219142.47,51174.14,0,0
8,TRANSFER,1373723.96,C168299926,0.0,0.0,C1554565380,4691193.74,6064917.71,0,0
8,TRANSFER,291670.65,C2099802432,0.0,0.0,C2115178036,3918279.96,4232737.36,0,0
8,TRANSFER,1667482.25,C1002004721,0.0,0.0,C1013700132,2865753.44,4619940.36,0,0
8,TRANSFER,545022.74,C1848700215,4295.0,0.0,C1023714065,8197205.64,8398562.84,0,0
8,CASH_OUT,234082.47,C614349274,978286.0,744203.53,C1354774829,0.0,70687.71,0,0
8,CASH_OUT,87197.96,C844445646,85167.26,0.0,C1149080047,1149835.32,1713718.4,0,0
8,CASH_OUT,159954.48,C1980213142,212095.0,52140.52,C1859965144,290728.67,998355.01,0,0
8,CASH_OUT,423.08,C682865002,59894.36,59471.29,C1595278145,236109.37,97805.68,0,0
8,CASH_OUT,14037.12,C1673758973,59471.29,45434.17,C362585233,2364191.26,2489006.65,0,0
8,CASH_OUT,180203.04,C919580839,45434.17,0.0,C1674899618,12776442.63,12588180.96,0,0
8,CASH_OUT,91094.53,C1855959193,0.0,0.0,C70895366,1120369.6,1396863.34,0,0
8,CASH_OUT,219779.84,C1536324801,0.0,0.0,C363330984,258257.67,667093.53,0,0
8,CASH_OUT,456688.18,C619285294,0.0,0.0,C1149273771,4545831.99,6347068.5,0,0
8,CASH_OUT,223747.88,C1877495196,0.0,0.0,C414821585,646637.95,743038.31,0,0
8,CASH_OUT,233343.99,C2095063936,0.0,0.0,C578294406,1708782.98,1909674.3,0,0
8,CASH_OUT,129579.09,C1911360350,0.0,0.0,C1261940766,0.0,129579.09,0,0
8,CASH_OUT,341902.46,C1810657625,50797.0,0.0,C758888772,75746.06,956858.04,0,0
8,CASH_OUT,122312.51,C1391471814,0.0,0.0,C1383454473,351819.97,1173901.8,0,0
8,CASH_OUT,483320.23,C547994989,0.0,0.0,C111210112,679486.72,2033123.44,0,0
8,TRANSFER,683491.73,C1275634656,25943.0,0.0,C1937294500,148479.21,893126.62,0,0
8,CASH_OUT,196319.24,C1323677351,60319.95,0.0,C1191985342,1080127.85,1276447.09,0,0
8,CASH_OUT,82621.94,C213929772,2287113.36,2204491.42,C485041780,0.0,29077.82,0,0
8,CASH_OUT,275005.38,C900416253,81048.4,0.0,C918738473,0.0,275005.38,0,0
8,CASH_OUT,1059.65,C532927468,0.0,0.0,C1648214200,129470.14,130529.79,0,0
8,CASH_OUT,162252.11,C1561402450,1309487.41,1147235.3,C2083562754,17882664.78,18123750.85,0,0
8,CASH_OUT,131562.37,C1625239479,1147235.3,1015672.93,C1656107232,140603.13,572009.82,0,0
8,CASH_OUT,25334.72,C865651478,1015672.93,990338.21,C1689840534,145149.56,113153.73,0,0
8,CASH_OUT,337500.94,C285269196,990338.21,652837.27,C2011996123,8747687.42,9264344.9,0,0
8,CASH_OUT,260529.24,C1143382322,652837.27,392308.03,C143580560,1058234.73,1475853.11,0,0
8,CASH_OUT,419352.42,C1562217622,392308.03,0.0,C1495761010,1786219.02,1969176.6,0,0
8,CASH_OUT,105583.96,C682114136,0.0,0.0,C1407083386,866353.81,1013969.68,0,0
8,CASH_OUT,35396.91,C1062822717,0.0,0.0,C2009378486,10001242.89,10412766.11,0,0
8,CASH_OUT,149463.59,C1317501653,0.0,0.0,C826383690,861073.77,910277.22,0,0
8,CASH_OUT,81423.19,C2135893679,0.0,0.0,C1561784955,3575520.87,3830814.23,0,0
8,CASH_OUT,31584.18,C376217570,0.0,0.0,C1712007468,102178.38,89985.62,0,0
8,CASH_OUT,107365.7,C1658345113,0.0,0.0,C1997859171,235783.95,300656.87,0,0
8,CASH_OUT,188428.72,C394054085,0.0,0.0,C1833904548,609646.39,698681.07,0,0
8,CASH_OUT,243382.41,C285274075,0.0,0.0,C666009404,348795.81,592178.22,0,0
8,CASH_OUT,210035.38,C1675751830,0.0,0.0,C478124129,2768953.46,2978988.84,0,0
8,CASH_OUT,170633.88,C1135415277,0.0,0.0,C1532153384,2804412.37,3614408.95,0,0
8,CASH_OUT,140446.57,C846124220,0.0,0.0,C866356999,1938680.58,2017695.97,0,0
8,CASH_OUT,42717.45,C604408605,0.0,0.0,C1732292969,214398.06,105847.94,0,0
8,CASH_OUT,51852.31,C1208464202,0.0,0.0,C170503405,329934.08,381786.39,0,0
8,CASH_OUT,13831.22,C1677598656,0.0,0.0,C579203723,17922.71,31753.93,0,0
8,CASH_OUT,175887.34,C670170167,0.0,0.0,C909295153,11429539.63,10946293.06,0,0
8,CASH_OUT,43283.33,C926926263,0.0,0.0,C1248712846,1745147.78,1788431.11,0,0
8,CASH_OUT,86856.49,C1113042425,0.0,0.0,C1305075214,768071.08,519020.08,0,0
8,CASH_OUT,181349.5,C1363458668,0.0,0.0,C118648358,288525.15,948711.06,0,0
8,CASH_OUT,319944.76,C2046616631,0.0,0.0,C975904548,2257356.92,2577301.68,0,0
8,CASH_OUT,313682.09,C816288962,0.0,0.0,C1998750048,670478.24,553336.6,0,0
8,CASH_OUT,1370.59,C1331748682,0.0,0.0,C691586697,621458.53,1314539.3,0,0
8,CASH_OUT,150791.71,C998480656,0.0,0.0,C1876351111,1329566.44,1785000.81,0,0
8,CASH_OUT,202790.57,C624958731,0.0,0.0,C115885991,2898055.57,4215505.1,0,0
8,CASH_OUT,445160.82,C701340901,0.0,0.0,C623476050,5612641.06,6180085.57,0,0
8,CASH_OUT,38824.98,C1612618777,0.0,0.0,C1624533975,405823.72,394387.32,0,0
8,CASH_OUT,205758.48,C1197654033,0.0,0.0,C2078011503,674752.06,880510.54,0,0
8,CASH_OUT,192982.91,C1659844019,0.0,0.0,C1716892902,309872.17,248938.13,0,0
8,CASH_OUT,223656.58,C654358463,0.0,0.0,C843774579,992655.64,899588.81,0,0
8,CASH_OUT,317964.94,C870979858,0.0,0.0,C219543946,400608.57,718573.51,0,0
8,CASH_OUT,50804.05,C1650013494,0.0,0.0,C1520366382,574769.13,1181881.76,0,0
8,CASH_OUT,196871.13,C2038482531,0.0,0.0,C1276424637,1183040.43,1610468.3,0,0
8,CASH_OUT,70451.39,C1528773539,0.0,0.0,C1262822392,22398588.79,22641471.24,0,0
8,CASH_OUT,212915.25,C945724251,0.0,0.0,C1692142175,785139.11,963726.26,0,0
8,CASH_OUT,67388.92,C327543267,0.0,0.0,C988705496,540176.64,654641.84,0,0
8,CASH_OUT,78821.89,C1816757806,0.0,0.0,C1200417755,1061386.21,1411708.67,0,0
8,CASH_OUT,15808.02,C1311336999,0.0,0.0,C485423874,73507.28,89315.3,0,0
8,CASH_OUT,34822.83,C39957754,0.0,0.0,C665639335,184449.19,219272.02,0,0
8,CASH_OUT,85257.65,C1050120100,0.0,0.0,C956986674,958273.99,1494748.17,0,0
8,CASH_OUT,347476.66,C516884142,0.0,0.0,C1552859894,2607131.76,3018034.04,0,0
8,CASH_OUT,49031.72,C456273666,0.0,0.0,C51626955,1057292.71,1129092.65,0,0
8,CASH_OUT,157197.2,C352034554,0.0,0.0,C679235222,2214320.15,3763135.16,0,0
8,CASH_OUT,100176.79,C378784110,0.0,0.0,C1469084143,2032049.16,2003931.21,0,0
8,CASH_OUT,11412.39,C1880049508,0.0,0.0,C711248671,842395.63,1522032.15,0,0
8,CASH_OUT,74256.21,C2052013144,0.0,0.0,C2073764942,2655276.52,2388433.48,0,0
8,CASH_OUT,16994.51,C839610789,0.0,0.0,C1871196571,473475.8,916711.74,0,0
8,CASH_OUT,30665.1,C979047987,0.0,0.0,C1039162432,5630511.42,5478833.48,0,0
8,CASH_OUT,61871.84,C811946619,0.0,0.0,C1790598448,93800.13,155671.97,0,0
8,CASH_OUT,239440.07,C868947411,0.0,0.0,C1877976610,240598.6,141685.4,0,0
8,CASH_OUT,414720.89,C1512365142,0.0,0.0,C305793941,674920.55,1276315.24,0,0
8,CASH_OUT,151075.15,C950838191,0.0,0.0,C1639464943,1057457.87,631745.85,0,0
8,CASH_OUT,265492.39,C583059531,0.0,0.0,C937195105,1130419.63,1256403.17,0,0
8,CASH_OUT,148716.17,C1229857869,0.0,0.0,C2141459588,207480.58,537271.71,0,0
8,CASH_OUT,40545.79,C896833374,0.0,0.0,C1849933855,470018.27,172707.34,0,0
8,CASH_OUT,33340.79,C1746467716,0.0,0.0,C1577213552,242285.45,112243.42,0,0
8,CASH_OUT,238558.28,C1287582812,0.0,0.0,C1440282299,809106.78,878239.73,0,0
8,CASH_OUT,410974.71,C1953156554,0.0,0.0,C874023329,2244828.4,3539577.27,0,0
8,CASH_OUT,7737.99,C1697999486,0.0,0.0,C406477119,391302.61,1879210.25,0,0
8,CASH_OUT,4102.94,C1256089991,0.0,0.0,C373415859,180429.63,184532.58,0,0
8,CASH_OUT,304142.43,C1912174740,0.0,0.0,C1730752455,2465156.99,5008592.32,0,0
8,CASH_OUT,285077.17,C1407188988,0.0,0.0,C1273939873,750222.18,1525464.32,0,0
8,CASH_OUT,244091.66,C502733155,0.0,0.0,C1315729466,440639.75,803908.4,0,0
8,CASH_OUT,312097.64,C610060555,0.0,0.0,C305306935,331826.4,643924.04,0,0
8,CASH_OUT,19674.45,C509294796,0.0,0.0,C727209127,450129.69,4925944.55,0,0
8,CASH_OUT,156165.18,C844567780,0.0,0.0,C580441921,1122767.84,1278933.03,0,0
8,CASH_OUT,150927.28,C391004108,0.0,0.0,C1746371201,523244.89,392132.46,0,0
8,CASH_OUT,259897.23,C1427679423,0.0,0.0,C115885991,3100846.13,4215505.1,0,0
8,CASH_OUT,82965.2,C314734472,0.0,0.0,C713987035,1424771.39,1284003.82,0,0
8,CASH_OUT,294174.86,C1251334198,13379.0,0.0,C79685693,20752.77,670941.67,0,0
8,CASH_OUT,291670.3,C975233458,75676.98,0.0,C1065774928,732517.15,1024187.45,0,0
8,TRANSFER,582768.42,C1825821836,31917.0,0.0,C1589547066,0.0,582768.42,0,0
8,CASH_OUT,121655.34,C1087243694,465098.6,343443.26,C2112826959,1874734.58,2258719.46,0,0
8,CASH_OUT,187454.98,C1839638267,20892.0,0.0,C313142474,14363.3,71603.61,0,0
8,TRANSFER,8671.73,C1859054812,1162989.15,1154317.42,C25789843,385418.09,394089.82,0,0
8,CASH_OUT,128558.01,C1738100779,263889.99,135331.98,C1322609917,0.0,128558.01,0,0
8,TRANSFER,886293.9,C2111490739,41404.0,0.0,C265184085,73267.65,567756.32,0,0
8,CASH_OUT,549997.27,C987348198,123140.0,0.0,C1227603646,0.0,332709.92,0,0
8,CASH_OUT,130212.19,C1099839954,85.0,0.0,C476441699,210064.31,340276.5,0,0
8,CASH_OUT,154028.51,C949069004,5529.0,0.0,C1121453612,651447.98,1975007.49,0,0
8,CASH_OUT,116155.06,C1447728334,5587.69,0.0,C818570949,1844396.96,2402597.58,0,0
8,CASH_OUT,140612.03,C1006852128,0.0,0.0,C500153041,275587.96,212257.37,0,0
8,CASH_OUT,207505.04,C1173060301,0.0,0.0,C1282155635,224351.47,770138.65,0,0
8,CASH_OUT,259202.48,C1627801148,0.0,0.0,C323287038,1543323.9,2058343.75,0,0
8,CASH_OUT,223641.11,C1676169782,0.0,0.0,C1816986148,2155880.44,6023815.62,0,0
8,CASH_OUT,104709.73,C1158468659,0.0,0.0,C382697424,264127.24,368836.97,0,0
8,CASH_OUT,226629.95,C1529865037,0.0,0.0,C54617902,1215438.09,1442068.04,0,0
8,CASH_OUT,487260.44,C147548594,0.0,0.0,C1373172466,4403132.55,4791597.89,0,0
8,CASH_OUT,57864.87,C689173375,0.0,0.0,C620532131,2352932.03,2245700.64,0,0
8,CASH_OUT,21564.79,C169674530,0.0,0.0,C465257140,1282621.07,1761413.49,0,0
8,CASH_OUT,37666.77,C780974247,0.0,0.0,C30516998,831565.83,0.0,0,0
8,CASH_OUT,48960.08,C2103038525,0.0,0.0,C922511709,189978.38,238938.46,0,0
8,CASH_OUT,79226.31,C1273450210,0.0,0.0,C1786758337,498686.8,577913.11,0,0
8,CASH_OUT,49628.9,C690054315,0.0,0.0,C914293025,2561789.13,2755264.61,0,0
8,CASH_OUT,183811.23,C1654892712,0.0,0.0,C2006081398,4283918.62,4743010.67,0,0
8,CASH_OUT,324561.63,C1364739835,0.0,0.0,C294252921,1094849.1,789634.89,0,0
8,CASH_OUT,101602.04,C540643948,0.0,0.0,C848064357,539200.35,608737.04,0,0
8,CASH_OUT,85019.39,C35630844,0.0,0.0,C1063303686,231474.19,316493.58,0,0
8,CASH_OUT,60650.0,C2097586431,0.0,0.0,C510382951,567853.72,975636.19,0,0
8,CASH_OUT,81525.82,C1853509178,0.0,0.0,C1509170127,158262.42,370926.97,0,0
8,CASH_OUT,58408.24,C37489515,0.0,0.0,C1515704208,14824507.58,15505523.11,0,0
8,CASH_OUT,74070.32,C2108370334,0.0,0.0,C1231842708,644667.19,751281.48,0,0
8,CASH_OUT,297238.74,C895642508,0.0,0.0,C582320549,556696.51,1382676.85,0,0
8,CASH_OUT,154745.79,C156629124,0.0,0.0,C1520366382,625573.17,1181881.76,0,0
8,CASH_OUT,331417.01,C1808846230,0.0,0.0,C1670445212,439315.28,770732.3,0,0
8,CASH_OUT,34548.08,C1337182895,0.0,0.0,C476182975,3127386.68,3671968.73,0,0
8,CASH_OUT,244210.84,C1772877534,0.0,0.0,C65197494,432263.16,732054.05,0,0
8,CASH_OUT,488236.7,C1335669431,0.0,0.0,C1083142315,1088062.02,1930535.01,0,0
8,CASH_OUT,74803.13,C575498927,0.0,0.0,C314019925,418776.02,493579.15,0,0
8,CASH_OUT,289318.83,C1937386235,0.0,0.0,C2094777811,4694777.74,4984096.57,0,0
8,CASH_OUT,252223.88,C1162952524,0.0,0.0,C2122200303,903355.76,1003439.91,0,0
8,CASH_OUT,61803.08,C1869755483,0.0,0.0,C1665979484,747851.21,1149182.35,0,0
8,CASH_OUT,129081.18,C648229640,0.0,0.0,C187019413,255128.71,384209.88,0,0
8,CASH_OUT,215403.83,C70056149,0.0,0.0,C1475909248,230785.1,487776.85,0,0
8,CASH_OUT,186673.8,C1212877891,0.0,0.0,C305793941,1089641.44,1276315.24,0,0
8,CASH_OUT,82648.78,C912599549,0.0,0.0,C372017580,2516686.68,4122268.38,0,0
8,CASH_OUT,339528.06,C165766986,0.0,0.0,C1665979484,809654.29,1149182.35,0,0
8,CASH_OUT,133870.72,C1785253107,0.0,0.0,C1923206317,399904.22,1805166.52,0,0
8,CASH_OUT,188259.76,C2060578025,0.0,0.0,C1564931235,868592.13,742404.44,0,0
8,CASH_OUT,45849.37,C1709443215,0.0,0.0,C1474346966,525357.63,323398.34,0,0
8,CASH_OUT,33592.55,C1740499022,0.0,0.0,C1141049797,250239.66,1404288.87,0,0
8,CASH_OUT,98984.46,C1260302110,0.0,0.0,C173275257,100822.26,191339.02,0,0
8,CASH_OUT,12155.61,C1046328368,0.0,0.0,C929286459,1249491.08,1528994.66,0,0
8,CASH_OUT,120548.45,C2075685636,0.0,0.0,C787033725,4427357.17,4547905.63,0,0
8,CASH_OUT,61252.35,C1934560165,0.0,0.0,C1494727044,4528491.15,4807809.17,0,0
8,CASH_OUT,57683.91,C1301752973,0.0,0.0,C2065199032,568235.26,349087.32,0,0
8,CASH_OUT,170840.95,C507047227,0.0,0.0,C1978557426,1871803.7,1581167.12,0,0
8,CASH_OUT,154510.55,C639671723,0.0,0.0,C91463800,266842.76,1510495.57,0,0
8,CASH_OUT,109650.81,C767142121,0.0,0.0,C2032924554,3380634.34,6561493.61,0,0
8,CASH_OUT,76598.52,C1505626775,0.0,0.0,C1429623854,2362736.29,2256720.17,0,0
8,CASH_OUT,192279.83,C3564974,0.0,0.0,C1937962514,609849.43,1581311.49,0,0
8,CASH_OUT,21742.17,C584678854,0.0,0.0,C1883788127,270574.69,228885.23,0,0
8,CASH_OUT,70428.3,C1111979924,0.0,0.0,C522632546,801155.57,1210658.29,0,0
8,CASH_OUT,410748.03,C1795438585,0.0,0.0,C711248671,853808.02,1522032.15,0,0
8,CASH_OUT,102184.77,C1479291938,0.0,0.0,C464246030,223443.74,0.0,0,0
8,CASH_OUT,1559.91,C829572524,0.0,0.0,C797606633,82481.9,148079.29,0,0
8,CASH_OUT,120965.33,C1215328193,0.0,0.0,C627675433,2806923.07,5189726.17,0,0
8,CASH_OUT,21189.28,C42021577,0.0,0.0,C693147508,56584.73,77774.01,0,0
8,CASH_OUT,205282.19,C993364895,0.0,0.0,C518953848,1271663.23,1571399.65,0,0
8,CASH_OUT,91117.77,C415884912,0.0,0.0,C461640598,10107771.15,11547845.68,0,0
8,CASH_OUT,551715.91,C1401720015,0.0,0.0,C674913323,2186528.97,4984485.97,0,0
8,CASH_OUT,313301.07,C1477503757,0.0,0.0,C1121453612,805476.49,1975007.49,0,0
8,CASH_OUT,8223.16,C1332669155,0.0,0.0,C475388725,53254.0,0.0,0,0
8,CASH_OUT,348776.49,C415461144,0.0,0.0,C599265282,491231.25,840007.73,0,0
8,CASH_OUT,142999.47,C790520379,0.0,0.0,C1577213552,275626.24,112243.42,0,0
8,CASH_OUT,222636.9,C1879686230,0.0,0.0,C1778300121,2699000.75,3089439.33,0,0
8,CASH_OUT,133458.88,C400807959,49577.0,0.0,C447934822,0.0,91126.85,0,0
8,TRANSFER,747216.23,C1763955779,10749.0,0.0,C2050019814,1360229.24,2128938.2,0,0
8,TRANSFER,1455687.96,C1619630608,51941.0,0.0,C2029406675,0.0,1353160.49,0,0
8,CASH_OUT,250488.85,C1674771221,24503.0,0.0,C1005747091,2211.0,135185.1,0,0
8,CASH_OUT,88013.99,C670394340,7814.47,0.0,C372017580,2599335.45,4122268.38,0,0
8,CASH_OUT,301566.98,C1899370176,18658.56,0.0,C1600651070,915275.85,1216842.82,0,0
8,CASH_OUT,32942.45,C1609261999,93336.0,60393.55,C509664487,0.0,32942.45,0,0
8,CASH_OUT,50206.68,C1860323956,0.0,0.0,C1062254208,747767.96,943625.57,0,0
8,CASH_OUT,204018.28,C1615878341,236.0,0.0,C536171536,50758.64,398490.39,0,0
8,TRANSFER,1004727.35,C1244210459,0.0,0.0,C522696444,0.0,1013273.39,0,0
8,TRANSFER,205320.6,C1921924553,10684.0,0.0,C473485349,0.0,78968.16,0,0
8,TRANSFER,737221.25,C534253640,0.0,0.0,C586009238,0.0,841492.98,0,0
8,TRANSFER,827694.3,C768644363,121192.0,0.0,C1251218116,146015.45,854327.1,0,0
8,CASH_OUT,348876.48,C1808306710,49680.0,0.0,C1396827930,0.0,76574.59,0,0
8,CASH_OUT,141506.84,C47293631,9960.0,0.0,C1021790512,0.0,141506.84,0,0
8,TRANSFER,2452427.82,C1028499479,53202.0,0.0,C2090186380,0.0,2452427.82,0,0
8,TRANSFER,346263.66,C2087129393,4724.22,0.0,C443272697,4149.79,350413.45,0,0
8,CASH_OUT,217385.62,C1028745388,0.0,0.0,C489712935,1425751.87,3463421.36,0,0
8,CASH_OUT,160140.44,C2021424654,3370.0,0.0,C1896985362,242210.06,470187.33,0,0
8,CASH_OUT,222707.59,C16117088,55550.0,0.0,C202149782,17982.39,48250.74,0,0
8,CASH_OUT,259818.71,C792532736,9005.0,0.0,C278407008,124080.61,136405.86,0,0
8,TRANSFER,1310730.97,C977551645,0.0,0.0,C721267591,0.0,1690430.48,0,0
8,CASH_OUT,386818.58,C1933206784,60261.38,0.0,C1127850725,0.0,386818.58,0,0
8,CASH_OUT,72950.37,C1011188961,0.0,0.0,C496695089,1835975.53,1908925.89,0,0
8,TRANSFER,1780100.24,C1570072505,1745687.26,0.0,C1360767589,16505044.86,18482735.85,0,0
8,TRANSFER,1185784.53,C1771692109,119552.86,0.0,C716442925,30808.33,4271358.73,0,0
8,CASH_OUT,33900.52,C867346138,21316.87,0.0,C1543398879,22049.0,0.0,0,0
8,CASH_OUT,116563.88,C655584901,0.0,0.0,C157316544,1098701.55,1094373.33,0,0
8,CASH_OUT,42778.56,C728128707,66196.0,23417.44,C2057394816,802327.33,1655161.56,0,0
8,TRANSFER,1343741.03,C1935763269,340277.98,0.0,C807247901,871735.63,2080368.86,0,0
8,CASH_OUT,263044.95,C1955013307,9345.0,0.0,C1761291320,523667.35,470920.19,0,0
8,TRANSFER,684179.83,C63351528,0.0,0.0,C131837504,1794432.89,2355805.28,0,0
8,CASH_OUT,53073.22,C1389120598,52172.0,0.0,C1911645398,10738.0,34977.86,0,0
8,TRANSFER,1434100.02,C1193473651,2068.0,0.0,C414409410,0.0,1713300.65,0,0
8,TRANSFER,1471264.28,C609191679,89709.08,0.0,C1339858954,6100.96,1236475.57,0,0
8,CASH_OUT,150625.73,C1181631933,38881.31,0.0,C1810800169,122.0,0.0,0,0
8,CASH_OUT,174552.56,C1950967273,0.0,0.0,C500153041,416199.99,212257.37,0,0
8,CASH_OUT,449567.4,C2066976142,0.0,0.0,C2085805920,2179274.8,2994178.1,0,0
8,CASH_OUT,78124.33,C125776626,19868.0,0.0,C1525711410,0.0,78124.33,0,0
8,CASH_OUT,25704.08,C951274802,611.0,0.0,C1872618824,26680.54,52384.62,0,0
8,CASH_OUT,175292.68,C1311294291,106.0,0.0,C1383942363,31645.03,206937.71,0,0
8,CASH_OUT,17696.56,C720594991,161864.0,144167.44,C1382034610,192159.27,0.0,0,0
8,CASH_OUT,18721.63,C1948335930,153677.0,134955.37,C1848415041,6311.6,44968.66,0,0
8,CASH_OUT,107018.77,C362159084,0.0,0.0,C2082673402,111467.9,218486.67,0,0
8,CASH_OUT,286366.74,C1756573323,105792.0,0.0,C969412636,62215.82,200933.99,0,0
8,CASH_OUT,18060.0,C915956081,619841.91,601781.91,C1710901767,99054.9,117114.9,0,0
8,CASH_OUT,141810.79,C1194251871,601781.91,459971.12,C1240091493,144636.12,295641.8,0,0
8,CASH_OUT,134907.47,C47559248,113141.0,0.0,C631424220,0.0,229597.64,0,0
8,CASH_OUT,55599.29,C863502459,92.0,0.0,C590842329,26044.72,145972.74,0,0
8,CASH_OUT,189125.95,C539668619,262829.0,73703.05,C875917495,6252985.3,6097795.83,0,0
8,CASH_OUT,93767.41,C1229033622,307791.0,214023.59,C289045778,278493.71,699161.9,0,0
8,TRANSFER,838620.63,C203176379,869232.6,30611.97,C362966988,108.0,1227757.91,0,0
8,CASH_OUT,130786.39,C331323281,30611.97,0.0,C2145961947,1551877.72,1892961.13,0,0
8,TRANSFER,2459952.97,C1015859195,14119.0,0.0,C2040656033,3042588.7,8124431.39,0,0
8,CASH_OUT,76805.74,C1407241444,35877.0,0.0,C1412774833,0.0,76805.74,0,0
8,TRANSFER,1570934.52,C86465655,842.0,0.0,C91463800,421353.31,1510495.57,0,0
8,CASH_OUT,117095.5,C1395508609,30965.0,0.0,C193864812,560763.49,461760.23,0,0
8,CASH_OUT,51592.51,C835206773,286835.0,235242.49,C1357537552,6005.0,44596.57,0,0
8,TRANSFER,115345.23,C1698393357,1877339.13,1761993.9,C846947180,198858.14,314203.37,0,0
8,CASH_OUT,284449.0,C521705214,1761993.9,1477544.9,C705480294,534891.85,535323.06,0,0
8,CASH_OUT,42136.79,C457560437,1477544.9,1435408.11,C276384108,594224.39,740680.07,0,0
8,CASH_OUT,465795.09,C1804500990,1435408.11,969613.02,C893339434,560727.96,1686521.23,0,0
8,TRANSFER,1025383.05,C1005338989,32220.3,0.0,C1179975227,156326.94,0.0,0,0
8,TRANSFER,380592.28,C1716711821,2085.3,0.0,C1927159174,989810.96,762973.35,0,0
8,TRANSFER,2108050.16,C1047847300,0.0,0.0,C728526866,8786780.12,10520267.05,0,0
8,TRANSFER,128600.28,C795002363,0.0,0.0,C1049804269,418756.07,905142.44,0,0
8,CASH_OUT,56568.85,C760972690,14658.0,0.0,C1937294500,831970.94,893126.62,0,0
8,CASH_OUT,94454.23,C1151461851,357289.45,262835.22,C518953848,1476945.42,1571399.65,0,0
8,TRANSFER,225559.92,C1915356334,420.0,0.0,C696705647,227361.57,0.0,0,0
8,CASH_OUT,63913.71,C780646681,10047.0,0.0,C1940189108,9136.27,110810.89,0,0
8,CASH_OUT,56168.65,C1276377953,12779.0,0.0,C1536728605,100716.78,104142.79,0,0
8,TRANSFER,1470731.68,C1026591449,88053.83,0.0,C489712935,1643137.49,3463421.36,0,0
8,TRANSFER,3989315.7,C1856743149,0.0,0.0,C1787868648,11138761.17,15128076.87,0,0
8,TRANSFER,638407.35,C2133665162,0.0,0.0,C1526401615,927391.48,1603463.65,0,0
8,TRANSFER,207449.82,C2006273067,0.0,0.0,C596299019,579138.0,644344.55,0,0
8,TRANSFER,31547.98,C1321891394,0.0,0.0,C1785910017,165400.08,375301.01,0,0
8,TRANSFER,42291.33,C2112175544,0.0,0.0,C1839337592,2359480.53,2185862.48,0,0
8,TRANSFER,348860.36,C1802651387,0.0,0.0,C75629578,614984.46,707849.71,0,0
8,TRANSFER,784139.62,C920370090,0.0,0.0,C831467165,7203476.43,8605094.93,0,0
8,TRANSFER,395436.96,C725529429,0.0,0.0,C851772371,403392.02,729460.09,0,0
8,TRANSFER,14953.12,C2137146231,0.0,0.0,C813163690,30309.95,45263.07,0,0
8,TRANSFER,224742.96,C106862590,0.0,0.0,C824197891,872781.79,1577892.84,0,0
8,TRANSFER,573317.74,C1832090228,0.0,0.0,C1491213790,1324245.9,1679978.85,0,0
8,TRANSFER,1396629.2,C860473500,20936.0,0.0,C1892646174,3276.43,1198562.17,0,0
8,CASH_OUT,55557.91,C1515781644,42105.0,0.0,C1946866478,13845.97,0.0,0,0
8,TRANSFER,1299385.72,C1228878397,13829.53,0.0,C1377194794,2097892.44,3397278.16,0,0
8,TRANSFER,1752502.35,C99212390,21988.0,0.0,C1014935920,0.0,1294133.47,0,0
8,TRANSFER,240520.04,C1529226348,41039.0,0.0,C251966229,110688.85,85234.9,0,0
8,TRANSFER,189557.88,C851415617,1396723.87,1207165.99,C2137848242,1040640.51,3939899.41,0,0
8,CASH_OUT,76800.81,C943373375,0.0,0.0,C2106576360,190377.69,175617.04,0,0
8,CASH_OUT,106412.57,C1517453017,0.0,0.0,C207258326,168576.17,554667.75,0,0
8,CASH_OUT,391587.07,C634015048,0.0,0.0,C1089993541,1224280.79,1741771.65,0,0
8,CASH_OUT,227394.16,C722201599,0.0,0.0,C1269605689,339412.5,580828.11,0,0
8,CASH_OUT,248433.18,C1178427877,0.0,0.0,C1548218207,516405.61,764838.79,0,0
8,TRANSFER,1115698.3,C267410253,925.0,0.0,C620638596,78506.95,2220757.82,0,0
8,TRANSFER,156295.27,C750766207,109115.0,0.0,C1549086472,176290.63,801366.03,0,0
8,CASH_OUT,177910.45,C1801454169,32074.0,0.0,C1010306008,801022.36,1120683.69,0,0
8,CASH_OUT,269561.0,C1521364836,0.0,0.0,C47827984,679106.51,207790.0,0,0
8,CASH_OUT,6881.06,C1039683798,14336.0,7454.94,C1213485528,127797.8,134678.86,0,0
8,CASH_OUT,27136.52,C791803053,10877.0,0.0,C556534527,4169.05,9190.97,0,0
8,CASH_OUT,520867.95,C191156710,27836.0,0.0,C982891593,16302.0,537169.95,0,0
8,TRANSFER,777312.94,C684613992,30702.0,0.0,C1289493889,334625.01,1734515.95,0,0
8,CASH_OUT,53442.1,C986398949,107075.0,53632.9,C849689177,0.0,624094.23,0,0
8,CASH_OUT,93164.66,C325372473,574.0,0.0,C160284738,1343876.15,44049.23,0,0
8,CASH_OUT,178122.42,C454637415,107.0,0.0,C487219656,22932.57,314197.28,0,0
8,TRANSFER,203792.03,C797698024,30510.0,0.0,C824208363,0.0,435481.04,0,0
8,CASH_OUT,331010.14,C872265011,1181710.0,850699.86,C229313132,342777.21,673787.35,0,0
8,TRANSFER,181888.14,C1095106540,850699.86,668811.71,C383296094,283081.02,563462.86,0,0
8,TRANSFER,1018048.73,C210853173,668811.71,0.0,C1359484306,6517999.88,7364724.84,0,0
8,TRANSFER,454235.81,C2085965800,0.0,0.0,C1511785794,1574125.5,1949682.33,0,0
8,TRANSFER,238639.04,C576665980,0.0,0.0,C1482979717,254381.56,2581338.81,0,0
8,TRANSFER,1166984.8,C1284184132,0.0,0.0,C1019670582,1253798.18,2098492.52,0,0
8,TRANSFER,899485.82,C1249221653,0.0,0.0,C667346055,13342187.22,17132106.53,0,0
8,TRANSFER,100276.82,C478781628,0.0,0.0,C107095723,223977.66,324254.48,0,0
8,TRANSFER,1293824.99,C1204219528,0.0,0.0,C1671386208,4883940.69,6214174.81,0,0
8,TRANSFER,745044.5,C1402701580,0.0,0.0,C932583850,7419591.02,9546432.01,0,0
8,TRANSFER,512783.93,C896023646,0.0,0.0,C2040657244,692317.81,1780771.13,0,0
8,TRANSFER,544254.16,C1689642511,0.0,0.0,C1273939873,1035299.35,1525464.32,0,0
8,TRANSFER,1065116.45,C351790783,0.0,0.0,C932583850,8164635.52,9546432.01,0,0
8,CASH_OUT,153842.05,C1226409904,81960.0,0.0,C288197656,1016007.65,3423141.07,0,0
8,TRANSFER,94236.15,C1328840545,82622.0,0.0,C874023329,2655803.1,3539577.27,0,0
8,TRANSFER,393624.48,C1132762793,17083.0,0.0,C715007517,0.0,262125.48,0,0
8,CASH_OUT,332320.47,C1748153281,1001319.34,668998.86,C910119139,11435.0,331220.64,0,0
8,CASH_OUT,104318.89,C995631915,30620.0,0.0,C276384108,636361.18,740680.07,0,0
8,CASH_OUT,448256.72,C2035998276,31138.0,0.0,C1849933855,510564.06,172707.34,0,0
8,CASH_OUT,142059.33,C1040188763,253.0,0.0,C987060415,1329273.22,1795303.57,0,0
8,CASH_OUT,201711.62,C1345584944,85247.0,0.0,C465499079,6211316.3,6457094.34,0,0
8,CASH_OUT,192288.88,C1703414259,10232.0,0.0,C929286459,1261646.69,1528994.66,0,0
8,TRANSFER,1166399.95,C1383567584,513354.0,0.0,C981198566,167889.43,1039842.77,0,0
8,TRANSFER,2299990.49,C933547567,0.0,0.0,C1141137903,11647036.93,14068690.23,0,0
8,TRANSFER,1403741.57,C211266380,0.0,0.0,C679235222,2371517.35,3763135.16,0,0
8,TRANSFER,374443.44,C1708840874,0.0,0.0,C874023329,2750039.26,3539577.27,0,0
8,TRANSFER,477630.24,C197442401,0.0,0.0,C1398530689,1049061.6,1367406.0,0,0
8,TRANSFER,870316.5,C436259200,0.0,0.0,C111210112,1162806.94,2033123.44,0,0
8,TRANSFER,753764.96,C729603143,0.0,0.0,C306285887,791866.61,1458658.26,0,0
8,TRANSFER,372312.6,C413677829,0.0,0.0,C893339434,1026523.05,1686521.23,0,0
8,TRANSFER,915574.65,C907642562,0.0,0.0,C1404112538,1069027.76,2658931.59,0,0
8,TRANSFER,293357.07,C717817160,0.0,0.0,C593210287,2365611.65,2724575.25,0,0
8,TRANSFER,42071.01,C1738173106,0.0,0.0,C219913687,633170.56,858972.95,0,0
8,TRANSFER,63920.51,C1042487125,0.0,0.0,C724821526,376403.89,440324.4,0,0
8,TRANSFER,935413.43,C1157020101,0.0,0.0,C897209100,4253394.45,5188807.88,0,0
8,TRANSFER,22722.61,C653727574,0.0,0.0,C1060041730,16132761.0,16532032.16,0,0
8,TRANSFER,345109.81,C1529434087,170939.01,0.0,C193625667,2204156.81,2526131.0,0,0
8,CASH_OUT,12767.09,C350999960,22168.0,9400.91,C684896216,0.0,210535.25,0,0
8,CASH_OUT,271877.2,C95217301,9400.91,0.0,C405881980,2624902.35,3078509.79,0,0
8,CASH_OUT,651963.64,C799358396,0.0,0.0,C237988421,1068510.41,1720474.04,0,0
8,CASH_OUT,497713.6,C1318491502,0.0,0.0,C1805683209,6865742.15,7428081.5,0,0
8,CASH_OUT,268895.08,C68935217,0.0,0.0,C1870252780,15937300.89,16667982.08,0,0
8,CASH_OUT,538222.89,C1717635177,0.0,0.0,C673068808,977968.08,1680127.98,0,0
8,CASH_OUT,200558.43,C1622114756,0.0,0.0,C79685693,314927.64,670941.67,0,0
8,CASH_OUT,235912.8,C451433818,0.0,0.0,C1721246982,8574445.33,8953314.93,0,0
8,CASH_OUT,256219.28,C1087957600,0.0,0.0,C489712935,3113869.16,3463421.36,0,0
8,CASH_OUT,132432.63,C773099602,0.0,0.0,C557041912,142247.49,274680.12,0,0
8,CASH_OUT,112475.94,C849974773,0.0,0.0,C1651855867,269156.05,381631.99,0,0
8,CASH_OUT,10499.31,C1790137471,0.0,0.0,C143580560,1318763.98,1475853.11,0,0
8,CASH_OUT,46432.45,C1832859811,0.0,0.0,C2113748097,1246786.45,1409734.26,0,0
8,CASH_OUT,26828.37,C1730388822,0.0,0.0,C1641169735,42893.9,3485.91,0,0
8,CASH_OUT,128678.94,C425428090,0.0,0.0,C651445737,164837.44,293516.38,0,0
8,CASH_OUT,365835.11,C1773874050,0.0,0.0,C1482979717,493020.6,2581338.81,0,0
8,CASH_OUT,256373.9,C2111175734,0.0,0.0,C2029310301,930116.59,1315451.65,0,0
8,CASH_OUT,84835.26,C118933961,0.0,0.0,C1753714541,1537148.6,868119.25,0,0
8,CASH_OUT,53387.99,C1110172933,0.0,0.0,C1849941462,2197529.21,2455385.38,0,0
8,CASH_OUT,127477.35,C1920741881,0.0,0.0,C1390121014,786713.1,914190.45,0,0
8,CASH_OUT,134804.17,C538597324,0.0,0.0,C1450828900,149137.66,0.0,0,0
8,CASH_OUT,146459.25,C301177479,0.0,0.0,C895798008,288481.82,581346.67,0,0
8,CASH_OUT,158372.8,C216880753,50974.0,0.0,C917187702,41371.0,0.0,0,0
8,CASH_OUT,137204.07,C162402835,298.0,0.0,C175382361,110625.15,338541.28,0,0
8,CASH_OUT,259995.63,C1609861729,45087.0,0.0,C2112826959,1996389.92,2258719.46,0,0
8,TRANSFER,211139.07,C570058362,99625.0,0.0,C54274682,0.0,280343.64,0,0
8,CASH_OUT,425310.86,C2059173725,4228435.13,3803124.27,C2032924554,3490285.15,6561493.61,0,0
8,TRANSFER,1581351.88,C1454405786,55023.0,0.0,C366015139,2469674.42,4555236.24,0,0
8,CASH_OUT,406481.65,C1400999280,21432.0,0.0,C1069568462,807529.86,845203.91,0,0
8,CASH_OUT,311593.49,C1672657762,203783.0,0.0,C1243393970,0.0,1620860.55,0,0
8,CASH_OUT,259232.38,C2065044256,19476.7,0.0,C1876351111,1480358.15,1785000.81,0,0
8,CASH_OUT,12032.6,C1753350173,1894803.78,1882771.18,C1653433120,383009.36,774383.4,0,0
8,CASH_OUT,49905.79,C432258193,59022.5,9116.71,C699539366,165625.54,215531.33,0,0
8,CASH_OUT,131938.9,C1341034460,0.0,0.0,C256125761,343608.12,1319878.62,0,0
8,CASH_OUT,297017.64,C1449262202,20645.0,0.0,C365212068,3439430.89,3805747.48,0,0
8,TRANSFER,1465335.96,C762301980,10709.0,0.0,C265108079,2989985.52,4937135.42,0,0
8,TRANSFER,1093039.12,C1107340752,52748.28,0.0,C566698125,1463576.36,2281735.27,0,0
8,CASH_OUT,44787.35,C1664723455,103493.16,58705.81,C683605346,1111334.17,1371546.23,0,0
8,CASH_OUT,288880.25,C605087333,58705.81,0.0,C97730845,20225043.98,23005385.41,0,0
8,CASH_OUT,18433.25,C1368166337,0.0,0.0,C1940189108,73049.98,110810.89,0,0
8,CASH_OUT,423496.28,C1925311717,0.0,0.0,C1923206317,533774.94,1805166.52,0,0
8,CASH_OUT,280232.37,C1545196819,0.0,0.0,C1302931951,1196416.04,1740418.55,0,0
8,CASH_OUT,269889.52,C2140746555,0.0,0.0,C662267010,1335352.65,1605242.18,0,0
8,CASH_OUT,179979.55,C1247697294,0.0,0.0,C306206744,9893644.45,9637803.63,0,0
8,CASH_OUT,55397.33,C923083492,0.0,0.0,C209813603,197666.36,253063.69,0,0
8,CASH_OUT,68841.13,C623302746,0.0,0.0,C128870695,14479042.92,14456678.26,0,0
8,CASH_OUT,59916.86,C319825710,0.0,0.0,C85102332,379547.16,537185.56,0,0
8,CASH_OUT,107689.13,C733646571,0.0,0.0,C1540270363,601890.78,473335.32,0,0
8,CASH_OUT,153662.88,C901155706,0.0,0.0,C2033711470,156175.92,370146.12,0,0
8,CASH_OUT,108112.14,C650211742,0.0,0.0,C392292416,6846139.98,6564973.2,0,0
8,CASH_OUT,181285.36,C888802111,0.0,0.0,C620638596,1194205.26,2220757.82,0,0
8,CASH_OUT,25593.23,C1263015581,0.0,0.0,C1014255081,52855.08,101436.38,0,0
8,CASH_OUT,57667.11,C1252305365,0.0,0.0,C648604330,114597.19,172264.3,0,0
8,CASH_OUT,77522.89,C1740926110,0.0,0.0,C1464984894,264624.01,342146.89,0,0
8,CASH_OUT,15892.63,C58929322,0.0,0.0,C811597470,121009.25,150792.03,0,0
8,CASH_OUT,22849.77,C141828793,0.0,0.0,C766671686,538534.51,797973.46,0,0
8,CASH_OUT,32812.92,C1743902819,0.0,0.0,C898762325,494686.47,0.0,0,0
8,CASH_OUT,210133.19,C588642463,0.0,0.0,C1271057169,1001257.93,1211391.13,0,0
8,CASH_OUT,241934.81,C965315127,0.0,0.0,C1635341595,4853105.6,6191938.31,0,0
8,CASH_OUT,312789.6,C281085525,0.0,0.0,C406477119,399040.61,1879210.25,0,0
8,CASH_OUT,195922.56,C2040198894,0.0,0.0,C1963862935,734123.64,817839.9,0,0
8,CASH_OUT,347256.86,C1967597634,21249.0,0.0,C1703397679,21377.35,0.0,0,0
8,TRANSFER,380531.59,C15387887,4420.23,0.0,C1379289710,59276.21,1820155.85,0,0
8,CASH_OUT,317083.98,C402755849,0.0,0.0,C1369695156,5476670.57,5966884.67,0,0
8,CASH_OUT,154636.36,C914504033,0.0,0.0,C384735911,264559.19,419195.55,0,0
8,CASH_OUT,227086.48,C1145519853,18589.37,0.0,C1656107232,272165.5,572009.82,0,0
8,CASH_OUT,147092.26,C576429299,1119.0,0.0,C1379289710,439807.81,1820155.85,0,0
8,TRANSFER,2157820.54,C559967637,0.0,0.0,C842729010,2183481.06,5291217.05,0,0
8,TRANSFER,6557.26,C728819718,0.0,0.0,C1765998352,1160235.96,1387726.04,0,0
8,TRANSFER,508957.31,C1200052083,0.0,0.0,C142211154,788107.82,1297065.13,0,0
8,TRANSFER,596083.23,C969275252,0.0,0.0,C185353840,1013932.51,1610015.74,0,0
8,TRANSFER,636813.22,C460011804,0.0,0.0,C2078250226,3643634.24,4572011.3,0,0
8,TRANSFER,9942.0,C938984111,0.0,0.0,C787040724,1792700.04,4039814.03,0,0
8,TRANSFER,550230.59,C1245067245,0.0,0.0,C1532153384,2975046.24,3614408.95,0,0
8,TRANSFER,208712.51,C1549666184,0.0,0.0,C2145319283,1065134.5,1062948.15,0,0
8,TRANSFER,255399.46,C507471558,0.0,0.0,C711248671,1266632.69,1522032.15,0,0
8,TRANSFER,474461.81,C391396628,0.0,0.0,C1945802665,702651.86,1471945.15,0,0
8,TRANSFER,64625.75,C1822882124,0.0,0.0,C1805683209,7363455.75,7428081.5,0,0
8,CASH_OUT,170413.82,C2100591314,42864.0,0.0,C2030493231,0.0,159826.0,0,0
8,CASH_OUT,183623.5,C1053439564,113832.43,0.0,C795982694,304090.91,1556254.45,0,0
8,CASH_OUT,67836.83,C405629654,0.0,0.0,C1896985362,402350.5,470187.33,0,0
8,CASH_OUT,207291.27,C663985858,0.0,0.0,C1348373832,234982.08,1072919.03,0,0
8,CASH_OUT,361087.48,C946417598,0.0,0.0,C2078250226,4280447.47,4572011.3,0,0
8,CASH_OUT,318516.53,C1476269737,0.0,0.0,C11003494,15198339.21,15487289.9,0,0
8,CASH_OUT,653409.4,C611761498,0.0,0.0,C1647754924,910251.45,1563660.85,0,0
8,TRANSFER,2418831.26,C1235321394,200370.18,0.0,C44870833,13684492.91,16103324.17,0,0
8,TRANSFER,1286256.56,C1479309873,0.0,0.0,C1149273771,5002520.18,6347068.5,0,0
8,TRANSFER,2017469.57,C97341230,0.0,0.0,C1730752455,2769299.43,5008592.32,0,0
8,TRANSFER,1512938.65,C122861681,22291.0,0.0,C1754722089,2206776.43,3719715.07,0,0
8,TRANSFER,642797.89,C1308103175,206368.0,0.0,C969409298,0.0,440978.22,0,0
8,TRANSFER,39962.53,C1053496634,244.0,0.0,C832279283,142443.06,231746.48,0,0
8,CASH_OUT,130469.75,C867057870,84660.0,0.0,C415155691,0.0,130469.75,0,0
8,CASH_OUT,264295.23,C1124159208,2691.0,0.0,C681419196,20541.77,284836.99,0,0
8,CASH_OUT,426904.48,C1021000466,2518.0,0.0,C796028148,86353.21,536073.63,0,0
8,CASH_OUT,137707.39,C2107911565,400.0,0.0,C1216820233,29708.0,167415.39,0,0
8,CASH_OUT,124502.2,C415402624,218155.0,93652.8,C2121831742,0.0,25008.73,0,0
8,TRANSFER,1081819.16,C171774519,74896.47,0.0,C1427825258,8885.0,1364774.55,0,0
8,TRANSFER,1740645.78,C987552704,1005.0,0.0,C1311325237,1602613.64,5465400.62,0,0
8,TRANSFER,962963.16,C1975092921,5885.0,0.0,C1921483039,286751.61,1303166.51,0,0
8,CASH_OUT,37128.79,C1933039462,20354.0,0.0,C1848270947,905741.37,1079972.85,0,0
8,CASH_OUT,93393.13,C398802442,56551.02,0.0,C902020892,16946.0,0.0,0,0
8,CASH_OUT,126325.14,C13418303,5749.0,0.0,C1079491260,1284.2,127609.33,0,0
8,CASH_OUT,162037.27,C1288185351,260028.0,97990.73,C2106643654,10380.38,172417.65,0,0
8,CASH_OUT,35436.43,C1112318065,40187.0,4750.57,C967425740,0.0,35436.43,0,0
8,TRANSFER,503559.17,C942561250,56735.0,0.0,C1044117371,2777230.22,4393432.11,0,0
8,CASH_OUT,234502.4,C524691390,6022.0,0.0,C2067466390,168820.03,1178249.03,0,0
8,CASH_OUT,152578.22,C1882469724,640879.08,488300.86,C824197891,1097524.76,1577892.84,0,0
8,CASH_OUT,295225.0,C1591842611,488300.86,193075.86,C1891412311,960294.33,1416477.85,0,0
8,TRANSFER,1099324.17,C490340692,19440.0,0.0,C1023535667,0.0,1355337.56,0,0
8,TRANSFER,17018.68,C1479904275,30501.0,13482.32,C220204350,0.0,17018.68,0,0
8,TRANSFER,774926.6,C476384641,11449.0,0.0,C2067466390,403322.43,1178249.03,0,0
8,CASH_OUT,164248.98,C475496220,215458.87,51209.9,C57497207,8190.84,450437.07,0,0
8,TRANSFER,351811.41,C459545440,21006.0,0.0,C1847509784,0.0,502474.64,0,0
8,CASH_OUT,132681.54,C368888851,133451.2,769.66,C530216580,0.0,197794.16,0,0
8,CASH_OUT,199606.96,C1693591518,2127822.64,1928215.67,C1630293008,768147.51,1237504.1,0,0
8,CASH_OUT,68147.95,C417260259,1928215.67,1860067.73,C1609742538,149315.1,217463.04,0,0
8,CASH_OUT,93332.91,C1471887566,1860067.73,1766734.82,C489712935,3370088.44,3463421.36,0,0
8,CASH_OUT,239930.02,C560657489,1766734.82,1526804.79,C2107268831,298448.43,623377.01,0,0
8,CASH_OUT,123679.41,C1423178613,1526804.79,1403125.39,C1859795678,316704.18,282742.76,0,0
8,CASH_OUT,176031.7,C1005966070,1403125.39,1227093.68,C1553217607,282977.1,812216.2,0,0
8,CASH_OUT,13039.62,C898031630,1227093.68,1214054.07,C1943497629,329027.78,342067.4,0,0
8,CASH_OUT,261325.5,C1136153235,1214054.07,952728.57,C539486713,1348252.1,8771150.48,0,0
8,CASH_OUT,143713.47,C150671810,952728.57,809015.1,C536171536,254776.92,398490.39,0,0
8,CASH_OUT,313500.67,C487325769,809015.1,495514.43,C1553217607,459008.8,812216.2,0,0
8,CASH_OUT,119146.48,C529012086,495514.43,376367.94,C1247600089,6849292.22,6965916.76,0,0
8,CASH_OUT,167462.49,C514191582,376367.94,208905.45,C2109470512,3549435.51,6787849.45,0,0
8,CASH_OUT,29496.82,C1317046217,208905.45,179408.63,C1004780164,1726349.08,1679662.6,0,0
8,CASH_OUT,32988.98,C871614488,179408.63,146419.66,C987060415,1471332.54,1795303.57,0,0
8,CASH_OUT,31705.26,C1821329589,146419.66,114714.4,C69214838,116079.59,147784.85,0,0
8,CASH_OUT,321234.39,C1570596602,114714.4,0.0,C1419794148,4540239.71,4871037.9,0,0
8,CASH_OUT,135616.97,C392764495,0.0,0.0,C900425684,735093.2,1165471.56,0,0
8,CASH_OUT,43911.7,C980919730,0.0,0.0,C1716892902,453022.58,248938.13,0,0
8,CASH_OUT,78909.29,C749443241,0.0,0.0,C560041895,198832.2,523359.27,0,0
8,CASH_OUT,101656.76,C448237936,0.0,0.0,C1688071442,423106.51,840201.49,0,0
8,CASH_OUT,422019.71,C1164147981,0.0,0.0,C2104165942,540451.48,331061.49,0,0
8,CASH_OUT,274549.7,C1111366182,0.0,0.0,C1538264524,280798.88,555348.58,0,0
8,CASH_OUT,83667.42,C1338340481,24834.0,0.0,C2012808675,18916.7,198577.91,0,0
8,CASH_OUT,165980.64,C260440491,11632.0,0.0,C409060521,0.0,165980.64,0,0
8,CASH_OUT,124174.4,C1700950779,28342.0,0.0,C157316544,856747.45,1094373.33,0,0
8,TRANSFER,1120456.66,C49671098,52553.0,0.0,C1141049797,283832.21,1404288.87,0,0
8,CASH_OUT,101633.28,C1953932469,25754.0,0.0,C1515979807,11530027.7,12141425.39,0,0
8,CASH_OUT,250639.57,C201239137,18127.81,0.0,C1778289781,267710.54,1273292.81,0,0
8,CASH_OUT,274154.53,C126532816,21057.0,0.0,C237594516,229600.69,503755.22,0,0
8,TRANSFER,669111.25,C951761954,82427.0,0.0,C1271612900,0.0,669111.25,0,0
8,CASH_OUT,72177.84,C1078064380,962471.19,890293.35,C678651991,438213.73,1177157.62,0,0
8,CASH_OUT,484479.01,C762776442,890293.35,405814.33,C831467165,7987616.05,8605094.93,0,0
8,CASH_OUT,74752.85,C649253942,405814.33,331061.49,C1636786811,13386732.56,14456269.9,0,0
8,CASH_OUT,115247.35,C1288530953,0.0,0.0,C646183851,215327.59,486706.11,0,0
8,TRANSFER,1814125.23,C462903532,130738.38,0.0,C1761324386,11653.95,1512692.91,0,0
8,CASH_OUT,86394.58,C1770944876,49948.0,0.0,C283471273,0.0,15735.18,0,0
8,TRANSFER,73224.73,C736424315,149953.0,76728.27,C1154280433,32607.98,2251415.48,0,0
8,CASH_OUT,219127.5,C2081174297,62660.0,0.0,C1465813088,104471.2,318574.94,0,0
8,CASH_OUT,335747.01,C737969889,47046.0,0.0,C456538529,350596.82,686343.83,0,0
8,CASH_OUT,48930.58,C1163754449,16153.0,0.0,C488624810,338652.18,748694.83,0,0
8,CASH_OUT,485678.63,C536248197,130398.0,0.0,C1461657245,0.0,1345399.26,0,0
8,CASH_OUT,190299.56,C1549573088,10468.0,0.0,C682451393,194.0,190493.56,0,0
8,CASH_OUT,180276.77,C1894129355,0.0,0.0,C1740764606,1332856.74,1939726.07,0,0
8,TRANSFER,270874.51,C421031474,78580.72,0.0,C346008447,1058067.4,1248456.29,0,0
8,CASH_OUT,43322.24,C901652675,0.0,0.0,C771303504,119292.51,711123.07,0,0
8,TRANSFER,414458.28,C218447375,594.0,0.0,C1935365522,197549.98,533977.04,0,0
8,CASH_OUT,97020.34,C1297443106,199532.0,102511.66,C549221039,56612.05,301353.67,0,0
8,TRANSFER,577090.78,C392623940,21113.0,0.0,C1345063038,31831.51,881849.65,0,0
8,CASH_OUT,49433.98,C1394242899,67784.0,18350.02,C420925675,0.0,49433.98,0,0
8,CASH_OUT,160425.01,C1016854117,20726.0,0.0,C643956982,0.0,18259.12,0,0
8,CASH_OUT,55386.53,C1432840935,121745.0,66358.47,C1851668139,1076147.83,1131534.35,0,0
8,CASH_OUT,284140.57,C913934531,17507.2,0.0,C934085675,929197.43,695754.55,0,0
8,TRANSFER,251495.27,C444339338,314.0,0.0,C1232088827,29030.02,280525.29,0,0
8,CASH_OUT,18404.53,C1673107756,0.0,0.0,C691636444,2972895.49,4439070.28,0,0
8,TRANSFER,1162106.18,C886477454,45008.0,0.0,C1664927413,0.0,819054.34,0,0
8,TRANSFER,623591.43,C213471988,487772.0,0.0,C1060563153,35383.89,844861.56,0,0
8,CASH_OUT,48788.5,C1372372256,115.0,0.0,C1495232387,0.0,48788.5,0,0
8,CASH_OUT,222430.09,C865779687,147113.0,0.0,C1638543071,0.0,508261.82,0,0
8,CASH_OUT,39408.68,C327887996,30312.0,0.0,C1884542690,0.0,39408.68,0,0
8,CASH_OUT,282492.45,C725249718,199743.8,0.0,C709906087,0.0,535471.63,0,0
8,TRANSFER,429170.69,C1637375841,0.0,0.0,C1749476584,1768923.73,2294866.91,0,0
8,CASH_OUT,138889.29,C292037889,105312.0,0.0,C1137520422,194151.03,93514.99,0,0
8,CASH_OUT,147853.79,C1124470878,37629.5,0.0,C1485516154,11182106.76,11477233.99,0,0
8,CASH_OUT,181502.11,C1105385047,5560.0,0.0,C1150610696,1432052.12,2040211.46,0,0
8,CASH_OUT,196133.89,C1442184835,241482.94,45349.06,C84277455,394790.12,148564.66,0,0
8,TRANSFER,512895.2,C1544739529,20832.0,0.0,C691586697,244424.4,1314539.3,0,0
8,CASH_OUT,292999.37,C808281401,20719.0,0.0,C2011240480,20373.0,390650.03,0,0
8,CASH_OUT,62505.0,C7487969,760893.0,698388.0,C1141137903,13947027.41,14068690.23,0,0
8,CASH_OUT,199712.04,C384137468,497506.32,297794.28,C1099915107,60210.74,415025.91,0,0
8,CASH_OUT,9333.29,C1406904322,190404.72,181071.43,C1940815076,0.0,38692.6,0,0
8,TRANSFER,1913327.42,C1247787414,181071.43,0.0,C1295301356,7549380.41,10308723.52,0,0
8,TRANSFER,309912.85,C1993402066,0.0,0.0,C1871196571,490470.31,916711.74,0,0
8,CASH_OUT,6287.94,C538868649,62769.0,56481.06,C1474120649,16725.09,23013.03,0,0
8,CASH_OUT,259989.36,C1417349150,10760.0,0.0,C1321139761,1381307.37,1521202.97,0,0
8,CASH_OUT,310736.18,C124510731,146653.0,0.0,C1407083386,971937.77,1013969.68,0,0
8,TRANSFER,2324636.12,C128360667,0.0,0.0,C1696758742,11859082.89,14055266.39,0,0
8,CASH_OUT,276020.47,C440508819,17405.0,0.0,C708992245,214239.39,512148.69,0,0
8,CASH_OUT,315639.74,C2093441835,22743.0,0.0,C265108079,4455321.48,4937135.42,0,0
8,CASH_OUT,338753.46,C769892342,16727.24,0.0,C1804883318,629223.07,763820.95,0,0
8,TRANSFER,943041.88,C1510532588,397284.0,0.0,C115885991,3360743.36,4215505.1,0,0
8,CASH_OUT,384897.73,C52212488,1754.0,0.0,C1651432416,3425861.22,3810758.95,0,0
8,TRANSFER,323327.96,C1790559822,13981.0,0.0,C1634190383,0.0,323327.96,0,0
8,CASH_OUT,84353.52,C215723234,576.0,0.0,C58642425,237132.04,311573.72,0,0
8,CASH_OUT,28603.49,C1061612404,15027.0,0.0,C715907650,89771.41,337406.18,0,0
8,CASH_OUT,232756.7,C1848372418,50357.0,0.0,C2020152163,0.0,261635.68,0,0
8,CASH_OUT,477808.24,C468610341,0.0,0.0,C2137848242,1230198.39,3939899.41,0,0
8,CASH_OUT,405080.04,C229802198,12270.17,0.0,C1820852843,0.0,406810.11,0,0
8,CASH_OUT,350245.42,C1737395186,0.0,0.0,C1765998352,1166793.22,1387726.04,0,0
8,CASH_OUT,86188.85,C1582840873,246881.0,160692.15,C291600495,0.0,86188.85,0,0
8,CASH_OUT,28469.81,C168569440,50757.0,22287.19,C927151297,6517.0,0.0,0,0
8,CASH_OUT,123961.22,C280259282,516.0,0.0,C1256728724,44554.84,82971.16,0,0
8,CASH_OUT,299958.29,C1334361984,456.0,0.0,C1146719991,11126.94,311085.23,0,0
8,CASH_OUT,70161.93,C1290154431,19936.0,0.0,C475231857,0.0,43507.76,0,0
8,CASH_OUT,72418.07,C536571297,86680.0,14261.93,C65400425,22448.0,0.0,0,0
8,CASH_OUT,197768.16,C232356745,20547.0,0.0,C684896216,12767.09,210535.25,0,0
8,CASH_OUT,209888.62,C1880225096,8276.0,0.0,C843031928,28210.25,206123.06,0,0
8,CASH_OUT,429734.13,C1417977676,10353.0,0.0,C161593456,0.0,429734.13,0,0
8,CASH_OUT,238122.22,C1049808291,19840.0,0.0,C929266212,232934.42,495014.38,0,0
8,CASH_OUT,130627.88,C1318865858,22104.0,0.0,C347725669,49463.03,22242.91,0,0
8,CASH_OUT,169104.75,C1297877457,15038.0,0.0,C542895457,12555.01,31686.49,0,0
8,CASH_OUT,159388.11,C1327064806,1030677.94,871289.83,C1201057368,0.0,32981.25,0,0
8,CASH_OUT,50105.96,C2006964309,871289.83,821183.86,C1799657969,3385580.45,3435686.41,0,0
8,CASH_OUT,250851.07,C1217124924,821183.86,570332.79,C849038219,874482.97,1337271.15,0,0
8,CASH_OUT,142215.68,C1612600407,570332.79,428117.11,C507538622,376685.03,1235736.09,0,0
8,CASH_OUT,135718.27,C1681137892,428117.11,292398.84,C2011240480,313372.37,390650.03,0,0
8,CASH_OUT,300997.52,C1843396935,292398.84,0.0,C2143477943,758911.26,714169.7,0,0
8,CASH_OUT,230950.91,C2074901757,78602.27,0.0,C1048855692,0.0,225523.37,0,0
8,CASH_OUT,243188.39,C733679680,0.0,0.0,C527599317,1294699.85,1537888.24,0,0
8,CASH_OUT,198864.24,C516861272,22003.29,0.0,C1209271652,1289712.7,1488576.94,0,0
8,CASH_OUT,330229.15,C1788610761,0.0,0.0,C758750856,522708.14,945056.48,0,0
8,CASH_OUT,99801.54,C433466570,0.0,0.0,C607874855,153199.0,563750.01,0,0
8,CASH_OUT,164153.5,C1461186210,0.0,0.0,C1971344738,382451.68,653994.87,0,0
8,CASH_OUT,370873.45,C1020804469,0.0,0.0,C1750956965,1084102.46,2884719.28,0,0
8,CASH_OUT,175575.76,C914927719,0.0,0.0,C562195832,1062536.4,1238112.15,0,0
8,CASH_OUT,31195.48,C512784896,0.0,0.0,C1632648448,161149.13,192344.62,0,0
8,CASH_OUT,391295.03,C1989866894,0.0,0.0,C638590716,4201667.9,4592962.92,0,0
8,CASH_OUT,190683.28,C198462909,0.0,0.0,C1253373655,351111.79,0.0,0,0
8,CASH_OUT,154991.3,C2024595240,0.0,0.0,C1825634724,451953.7,1542240.66,0,0
8,CASH_OUT,213582.17,C1710357063,0.0,0.0,C1271835801,2218493.37,2432075.54,0,0
8,CASH_OUT,10290.54,C1155945970,0.0,0.0,C1520366382,780318.97,1181881.76,0,0
8,CASH_OUT,151480.56,C1836470646,0.0,0.0,C1930040331,519076.24,462485.35,0,0
8,CASH_OUT,18225.29,C1511846675,224133.0,205907.71,C401424608,0.0,7907.34,0,0
8,CASH_OUT,98462.1,C1369726841,128333.0,29870.9,C915240663,427751.64,278594.28,0,0
8,CASH_OUT,187041.86,C829160813,592.0,0.0,C461640598,10198888.92,11547845.68,0,0
8,CASH_OUT,230466.04,C1591831149,32294.0,0.0,C618155294,195409.15,516729.48,0,0
8,CASH_OUT,206147.08,C1060686637,58334.0,0.0,C114618982,0.0,206147.08,0,0
8,CASH_OUT,57522.53,C1628306973,13431.98,0.0,C377207092,196578.2,42648.43,0,0
8,CASH_OUT,279212.8,C839315435,15586.0,0.0,C1647441786,1481.85,280694.65,0,0
8,TRANSFER,198207.83,C831531048,94866.07,0.0,C1738973904,264508.39,807319.04,0,0
8,CASH_OUT,313196.97,C887939142,0.0,0.0,C1325038895,780973.57,1943673.08,0,0
8,CASH_OUT,89291.66,C1641236707,1300762.83,1211471.17,C34973797,1210.0,90501.66,0,0
8,CASH_OUT,59170.31,C420327580,106990.0,47819.69,C1069131391,1094033.7,1153204.01,0,0
8,CASH_OUT,55394.62,C1650620174,475.0,0.0,C1116292004,397054.07,105803.76,0,0
8,CASH_OUT,218212.06,C5017172,15272.0,0.0,C1747948034,0.0,276874.08,0,0
8,TRANSFER,9082.15,C687047004,95565.0,86482.85,C76005115,0.0,9082.15,0,0
8,CASH_OUT,410539.19,C911813127,249154.0,0.0,C103357744,146889.77,381487.88,0,0
8,TRANSFER,1577066.66,C2011290959,19961.0,0.0,C2041281014,0.0,1577066.66,0,0
8,CASH_OUT,51537.72,C246932776,39790.0,0.0,C407660388,1933.0,0.0,0,0
8,CASH_OUT,418325.73,C1849313183,0.0,0.0,C1793325972,6005030.47,6311356.92,0,0
8,CASH_OUT,16847.97,C975651785,0.0,0.0,C1058634310,2639428.1,3071176.4,0,0
8,TRANSFER,176525.35,C1138096743,21508.0,0.0,C1503560125,12276.88,188802.23,0,0
8,CASH_OUT,65854.43,C1929038224,61269.28,0.0,C680034596,0.0,65854.43,0,0
8,TRANSFER,1334725.54,C571705503,37720.98,0.0,C1192937442,65857.77,1093089.7,0,0
8,CASH_OUT,534355.36,C1336504522,27756.08,0.0,C1263845074,138750.38,2486396.91,0,0
8,TRANSFER,397309.69,C1840203058,209.0,0.0,C413177525,3246907.61,3489392.77,0,0
8,CASH_OUT,435842.75,C1184645846,10694.0,0.0,C1531514206,0.0,1343508.04,0,0
8,TRANSFER,360910.94,C888604469,23041.0,0.0,C1523536343,394455.36,748485.22,0,0
8,TRANSFER,240275.28,C790405938,12755.0,0.0,C1791017898,0.0,240275.28,0,0
8,CASH_OUT,451216.54,C278853255,0.0,0.0,C956986674,1043531.63,1494748.17,0,0
8,CASH_OUT,127944.27,C1853122105,68.0,0.0,C1461657245,485678.63,1345399.26,0,0
8,CASH_OUT,193982.47,C447652648,21695.0,0.0,C1910163007,0.0,193982.47,0,0
8,CASH_OUT,390573.89,C2024927839,0.0,0.0,C449775363,1423034.98,2052695.2,0,0
8,CASH_OUT,190062.95,C704493416,8064.0,0.0,C1208635528,0.0,190062.95,0,0
8,CASH_OUT,28059.29,C1915294030,34977.85,6918.57,C1219273867,2894131.7,3650961.01,0,0
8,CASH_OUT,59693.55,C782749152,61092.0,1398.45,C1369695156,5793754.55,5966884.67,0,0
8,CASH_OUT,114199.32,C348002843,49697.0,0.0,C1069892822,0.0,225657.64,0,0
8,TRANSFER,126402.14,C59173911,12170.0,0.0,C781389962,0.0,126402.14,0,0
8,CASH_OUT,127222.75,C1114372597,0.0,0.0,C526035976,435486.29,404380.68,0,0
8,CASH_OUT,155659.55,C1935615566,76560.0,0.0,C689651304,42364.25,260625.86,0,0
8,CASH_OUT,113956.12,C2082032233,269151.73,155195.61,C1411134174,11811.03,299613.6,0,0
8,CASH_OUT,14434.99,C1826352341,155195.61,140760.62,C1413677222,509153.86,523588.86,0,0
8,CASH_OUT,66154.25,C764898897,140760.62,74606.37,C1384149246,363952.97,379333.69,0,0
8,CASH_OUT,323789.56,C661668091,74606.37,0.0,C2042633527,22266685.27,22590474.83,0,0
8,CASH_OUT,134232.89,C294390910,0.0,0.0,C2084129621,250061.79,384294.68,0,0
8,CASH_OUT,165570.98,C2137475544,49737.0,0.0,C780003722,0.0,2233629.6,0,0
8,CASH_OUT,40757.71,C805428876,217.0,0.0,C1046102247,1446262.09,1694020.5,0,0
8,CASH_OUT,80048.92,C783154166,22586.62,0.0,C2071722626,342045.06,202043.27,0,0
8,CASH_OUT,172259.4,C270216669,0.0,0.0,C1469261298,1792174.91,1964434.31,0,0
8,CASH_OUT,356945.96,C2021381715,12290.0,0.0,C1120952561,0.0,39802.7,0,0
8,CASH_OUT,207802.63,C826763588,7127.0,0.0,C1298147262,0.0,1144238.97,0,0
8,TRANSFER,542147.23,C734461922,71523.0,0.0,C390180783,0.0,317466.87,0,0
8,CASH_OUT,357557.07,C2036233168,163316.0,0.0,C1503386238,0.0,517509.91,0,0
8,CASH_OUT,419993.73,C1710996214,9454.0,0.0,C1905079199,252715.04,473786.79,0,0
8,TRANSFER,1955577.19,C84765832,20874.0,0.0,C1324196239,0.0,1955577.19,0,0
8,TRANSFER,828760.2,C226354560,102368.0,0.0,C1861188339,0.0,828760.2,0,0
8,TRANSFER,746770.14,C944588113,759.0,0.0,C59941009,478591.21,1811949.96,0,0
8,CASH_OUT,166174.19,C1584175378,106192.0,0.0,C265108079,4770961.23,4937135.42,0,0
8,TRANSFER,366847.78,C1171902125,60757.96,0.0,C468897557,214591.89,581439.67,0,0
8,TRANSFER,1296518.75,C995854925,0.0,0.0,C461640598,10385930.78,11547845.68,0,0
8,TRANSFER,250004.89,C1453546898,80755.0,0.0,C634210724,0.0,250004.89,0,0
8,CASH_OUT,323911.69,C857345652,100020.0,0.0,C317071334,0.0,553979.89,0,0
8,TRANSFER,59996.97,C1627885365,174627.23,114630.25,C1100871710,71956.46,204101.65,0,0
8,TRANSFER,3498660.78,C1943414301,114630.25,0.0,C863811613,9107830.91,14247328.87,0,0
8,TRANSFER,384693.05,C1418746526,0.0,0.0,C288197656,1169849.71,3423141.07,0,0
8,TRANSFER,358507.32,C481554332,0.0,0.0,C1627965794,1039938.03,1557376.47,0,0
8,TRANSFER,1818639.19,C1091609880,0.0,0.0,C1413055366,2205195.57,4023834.75,0,0
8,TRANSFER,276305.76,C62162409,0.0,0.0,C2057394816,845105.89,1655161.56,0,0
8,TRANSFER,258368.24,C1428581291,0.0,0.0,C910260446,377114.65,312827.84,0,0
8,TRANSFER,75739.33,C1458221468,0.0,0.0,C1569007457,110535.52,412036.93,0,0
8,TRANSFER,1611830.58,C303494716,0.0,0.0,C424954008,1827276.49,4069257.89,0,0
8,TRANSFER,576611.33,C891986522,0.0,0.0,C1040847151,5330444.5,7984433.54,0,0
8,TRANSFER,504021.12,C1404566631,0.0,0.0,C313124964,7495955.93,7930883.53,0,0
8,TRANSFER,202335.91,C1347600860,0.0,0.0,C59941009,1225361.35,1811949.96,0,0
8,TRANSFER,243886.42,C1968204540,0.0,0.0,C1654583020,263179.75,224286.07,0,0
8,TRANSFER,209989.71,C361246334,0.0,0.0,C1730752455,4786769.0,5008592.32,0,0
8,TRANSFER,189136.84,C2033233004,0.0,0.0,C932583850,9229751.97,9546432.01,0,0
8,TRANSFER,98322.8,C1059774135,0.0,0.0,C1575675375,1882771.18,1981093.98,0,0
8,TRANSFER,689263.94,C1239110692,0.0,0.0,C669419693,1895002.49,4692432.3,0,0
8,TRANSFER,7743.11,C502556863,0.0,0.0,C978609035,2386884.14,2413840.05,0,0
8,TRANSFER,144322.59,C1633416353,0.0,0.0,C1009972184,217237.1,361559.69,0,0
8,TRANSFER,19954.32,C149770587,0.0,0.0,C977990184,1693648.82,2559967.5,0,0
8,TRANSFER,26000.18,C461655574,0.0,0.0,C1246134024,152829.85,252670.01,0,0
8,CASH_OUT,29707.86,C629898313,41980.0,12272.14,C1794068152,0.0,29707.86,0,0
8,CASH_OUT,118611.31,C424215716,778.0,0.0,C1519254830,11233.68,1377703.81,0,0
8,TRANSFER,140651.56,C169858627,1976838.28,1836186.73,C408304912,2554505.51,3158225.46,0,0
8,CASH_OUT,198093.09,C497502456,186272.38,0.0,C760563749,45402.17,243495.26,0,0
8,TRANSFER,867995.36,C505307059,12272.0,0.0,C2037251990,331166.23,1627896.92,0,0
8,CASH_OUT,316847.68,C1281388428,32057.0,0.0,C703801921,7792.63,87011.38,0,0
8,CASH_OUT,169293.55,C510484218,0.0,0.0,C1373172466,4890392.99,4791597.89,0,0
8,CASH_OUT,153051.16,C153786774,31573.0,0.0,C1247051677,1528686.68,1681737.84,0,0
8,CASH_OUT,413869.16,C130836099,30178.0,0.0,C1356054329,1233.27,172151.98,0,0
8,TRANSFER,2256769.88,C1965594220,199614.0,0.0,C97730845,20513924.23,23005385.41,0,0
8,TRANSFER,1137382.13,C1395906282,193.0,0.0,C2013854563,465172.56,2506046.99,0,0
8,CASH_OUT,126025.66,C693866853,13573.0,0.0,C611572016,233607.6,71.92,0,0
8,CASH_OUT,23634.26,C1098218736,0.0,0.0,C66893623,574190.22,532921.62,0,0
8,CASH_OUT,29029.93,C1219717981,181532.49,152502.56,C1616972331,13495.53,42525.46,0,0
8,CASH_OUT,8776.53,C235761245,1182.0,0.0,C860798122,0.0,8776.53,0,0
8,TRANSFER,704940.0,C354943856,21293.0,0.0,C849689177,53442.1,624094.23,0,0
8,CASH_OUT,216067.77,C1882384398,497441.0,281373.23,C669419693,2584266.43,4692432.3,0,0
8,TRANSFER,589109.42,C468430240,35639.0,0.0,C220766773,16463.02,148770.89,0,0
8,TRANSFER,788608.46,C443177750,52432.59,0.0,C1493513506,854092.87,1642701.33,0,0
8,CASH_OUT,13816.76,C2133180342,312618.0,298801.24,C1247246106,175.0,0.0,0,0
8,CASH_OUT,274822.24,C1104443778,11560.0,0.0,C1107146140,768693.34,1655416.88,0,0
8,CASH_OUT,161766.49,C1539508087,295529.98,133763.49,C1149788645,318544.47,79915.4,0,0
8,CASH_OUT,122852.86,C1780791009,133763.49,10910.63,C1615804266,4389341.27,4512194.13,0,0
8,CASH_OUT,185143.39,C455101586,20717.0,0.0,C534252259,92495.0,277638.39,0,0
8,CASH_OUT,88968.48,C68436580,42240.0,0.0,C1118795039,0.0,88968.48,0,0
8,CASH_OUT,286977.47,C981545905,20783.0,0.0,C111636207,0.0,3763219.68,0,0
8,TRANSFER,860911.05,C457241866,110339.13,0.0,C767904468,0.0,313222.72,0,0
8,TRANSFER,696571.67,C1499671928,0.0,0.0,C2123455914,17979799.39,20448938.33,0,0
8,TRANSFER,230689.63,C1820450277,160477.0,0.0,C694632384,12434.0,935545.82,0,0
8,CASH_OUT,382045.62,C1234288887,21370.0,0.0,C2012495678,0.0,218231.85,0,0
8,CASH_OUT,109790.2,C731730645,770.0,0.0,C406477119,711830.2,1879210.25,0,0
8,CASH_OUT,78197.56,C555861817,26481.0,0.0,C18928637,201715.41,31266.23,0,0
8,TRANSFER,309709.19,C1554408970,249002.0,0.0,C1083962448,0.0,183271.08,0,0
8,CASH_OUT,49389.26,C2091310013,11594.0,0.0,C1730034644,1047.0,50436.26,0,0
8,TRANSFER,1110601.55,C1925244990,15576.0,0.0,C2109236648,11663.39,1440213.37,0,0
8,CASH_OUT,29359.31,C1876201380,41484.0,12124.69,C1940815076,9333.29,38692.6,0,0
8,TRANSFER,1108300.48,C295530538,52188.03,0.0,C1768641212,1237508.23,3922199.3,0,0
8,TRANSFER,1159292.21,C384985104,0.0,0.0,C372017580,2687349.44,4122268.38,0,0
8,TRANSFER,2919787.84,C177693000,0.0,0.0,C470217116,3901646.56,6821434.41,0,0
8,TRANSFER,346790.39,C1376008257,0.0,0.0,C1730752455,4996758.71,5008592.32,0,0
8,TRANSFER,561630.42,C685903371,0.0,0.0,C24404443,1484210.2,2045840.62,0,0
8,TRANSFER,453146.92,C760562159,0.0,0.0,C2057394816,1121411.65,1655161.56,0,0
8,TRANSFER,274532.5,C477751340,0.0,0.0,C1889395764,15313987.63,15766279.1,0,0
8,TRANSFER,399409.09,C1875647954,0.0,0.0,C1303868418,8149595.3,10007761.88,0,0
8,TRANSFER,1367837.58,C1474745462,0.0,0.0,C1303868418,8549004.39,10007761.88,0,0
8,TRANSFER,239131.13,C1354476892,0.0,0.0,C1013700132,4533235.68,4619940.36,0,0
8,TRANSFER,470901.39,C55576559,0.0,0.0,C556281798,2620017.11,3058525.01,0,0
8,TRANSFER,556306.49,C209561818,0.0,0.0,C1396755641,2110115.54,2666422.03,0,0
8,TRANSFER,311490.59,C1842972743,0.0,0.0,C1348373832,442273.35,1072919.03,0,0
8,TRANSFER,737675.44,C1795903214,33116.0,0.0,C1232925466,12013.86,1100798.45,0,0
8,TRANSFER,832552.49,C813021970,690.0,0.0,C575233839,0.0,832552.49,0,0
8,CASH_OUT,33812.5,C867722378,3653.0,0.0,C1337563431,100645.27,134457.77,0,0
8,TRANSFER,868363.81,C1354792293,42247.0,0.0,C288197656,1554542.76,3423141.07,0,0
8,CASH_OUT,323557.69,C1733455297,6010.0,0.0,C471450373,107273.0,184735.49,0,0
8,CASH_OUT,302876.19,C198175742,1067360.98,764484.8,C2147195354,457933.81,790460.11,0,0
8,TRANSFER,757852.12,C1899000437,20495.0,0.0,C1570076320,636869.91,1352815.49,0,0
8,CASH_OUT,267895.56,C1590985315,11237.0,0.0,C1540720037,1033713.3,1159645.73,0,0
8,CASH_OUT,169949.05,C1527879739,31027.0,0.0,C1396297158,15575.84,185524.89,0,0
8,CASH_OUT,326660.95,C1091990956,269122.0,0.0,C1892646174,1399905.64,1198562.17,0,0
8,CASH_OUT,222548.88,C1418410694,14718.0,0.0,C1251686742,1319415.2,1311387.88,0,0
8,TRANSFER,1221110.88,C734825677,1009135.32,0.0,C1563323185,0.0,1414942.24,0,0
8,CASH_OUT,294618.0,C1709593672,111681.0,0.0,C1479553213,0.0,442355.24,0,0
8,CASH_OUT,180184.69,C1538308811,150958.09,0.0,C2077672286,194286.42,1071587.01,0,0
8,CASH_OUT,240340.44,C1104315585,1406263.79,1165923.35,C1143894549,993343.67,1233684.11,0,0
8,CASH_OUT,38624.29,C646144823,4220.48,0.0,C534662976,77544.66,116168.96,0,0
8,CASH_OUT,316669.5,C1477861283,0.0,0.0,C2102549317,1115121.92,1512042.27,0,0
8,TRANSFER,1000234.5,C1711302852,0.0,0.0,C288197656,2422906.57,3423141.07,0,0
8,TRANSFER,1224923.07,C1574819359,0.0,0.0,C451111351,11876905.22,13101828.29,0,0
8,TRANSFER,1249360.1,C509831056,0.0,0.0,C1866827563,2706029.24,4057979.08,0,0
8,TRANSFER,915014.91,C1205410349,0.0,0.0,C1028574311,4226203.65,5141218.55,0,0
8,TRANSFER,1825682.27,C578423898,0.0,0.0,C492997256,2441647.04,3791280.72,0,0
8,TRANSFER,1117495.93,C295979812,0.0,0.0,C551495160,1178678.5,3086545.36,0,0
8,TRANSFER,1354642.11,C343859559,0.0,0.0,C265845794,1394465.06,3060592.01,0,0
8,TRANSFER,1913411.12,C1533723211,12795.0,0.0,C1423992712,11766827.31,13803333.72,0,0
8,TRANSFER,1148592.93,C481356117,389530.79,0.0,C1014923261,66499.19,1434633.69,0,0
8,CASH_OUT,219883.99,C298125330,0.0,0.0,C988705496,462400.71,654641.84,0,0
8,CASH_OUT,236066.65,C612895524,0.0,0.0,C2077672286,374471.11,1071587.01,0,0
8,CASH_OUT,575669.39,C359484771,0.0,0.0,C2040657244,1205101.75,1780771.13,0,0
8,CASH_OUT,73839.98,C235726042,0.0,0.0,C1246134024,178830.03,252670.01,0,0
8,CASH_OUT,491381.39,C934344849,0.0,0.0,C1121453612,1118777.56,1975007.49,0,0
8,CASH_OUT,48171.15,C1392837736,0.0,0.0,C161140376,104309.33,166122.68,0,0
8,CASH_OUT,261382.46,C754736446,0.0,0.0,C1825634724,606945.0,1542240.66,0,0
8,CASH_OUT,73066.55,C1170167375,0.0,0.0,C1508456612,2002540.15,5975262.38,0,0
8,CASH_OUT,326827.67,C1971014169,0.0,0.0,C208427878,1311739.11,1454807.63,0,0
8,CASH_OUT,244513.62,C237381274,0.0,0.0,C2137848242,1700687.87,3939899.41,0,0
8,CASH_OUT,43629.51,C1081974733,0.0,0.0,C2120528456,605593.13,657124.13,0,0
8,CASH_OUT,102491.92,C2135930019,0.0,0.0,C1504217374,209917.15,123668.83,0,0
8,CASH_OUT,92468.7,C1355485905,0.0,0.0,C1167066016,617077.24,641979.14,0,0
8,CASH_OUT,91512.69,C1877404836,0.0,0.0,C1175399276,214076.85,315259.94,0,0
8,CASH_OUT,202942.91,C1137280354,0.0,0.0,C795982694,487714.41,1556254.45,0,0
8,CASH_OUT,300278.62,C1092733716,0.0,0.0,C295081230,1005119.01,1679841.2,0,0
8,CASH_OUT,5880.62,C1240728699,0.0,0.0,C1943516848,254946.22,223275.54,0,0
8,CASH_OUT,85199.79,C296702509,0.0,0.0,C1289493889,1111937.95,1734515.95,0,0
8,CASH_OUT,118168.2,C507652079,0.0,0.0,C1163480574,1776807.79,1798734.57,0,0
8,CASH_OUT,21093.35,C1366570584,0.0,0.0,C929266212,471056.64,495014.38,0,0
8,CASH_OUT,118401.9,C952776657,0.0,0.0,C539486713,8611412.7,8771150.48,0,0
8,CASH_OUT,66973.33,C1402942687,0.0,0.0,C1139794020,158953.01,225926.33,0,0
8,CASH_OUT,132438.6,C1559043100,0.0,0.0,C459172227,2314002.9,2591462.11,0,0
8,CASH_OUT,389671.07,C752559919,0.0,0.0,C105002686,822552.24,1212223.31,0,0
8,CASH_OUT,354236.29,C1170667994,0.0,0.0,C1083142315,1576298.72,1930535.01,0,0
8,CASH_OUT,93376.08,C1867846769,0.0,0.0,C1220897602,10255818.7,10388904.22,0,0
8,CASH_OUT,298950.93,C1533864059,0.0,0.0,C295081230,1305397.63,1679841.2,0,0
8,CASH_OUT,169188.71,C788225638,0.0,0.0,C75457651,251766.05,323253.31,0,0
8,CASH_OUT,211219.05,C1543600714,0.0,0.0,C1630293008,967754.48,1237504.1,0,0
8,CASH_OUT,333464.61,C456133415,0.0,0.0,C1515704208,14882915.82,15505523.11,0,0
8,CASH_OUT,504759.88,C656611082,0.0,0.0,C747184469,4551082.04,5032361.85,0,0
8,CASH_OUT,113451.48,C1407153638,0.0,0.0,C157316544,980921.85,1094373.33,0,0
8,CASH_OUT,275396.91,C81499901,0.0,0.0,C1297685781,2236481.86,3258726.36,0,0
8,CASH_OUT,148642.9,C522833010,0.0,0.0,C679235222,3775258.92,3763135.16,0,0
8,CASH_OUT,385882.16,C546112474,0.0,0.0,C1404112538,1984602.41,2658931.59,0,0
8,CASH_OUT,57759.41,C148185704,0.0,0.0,C1679546686,320863.12,506581.24,0,0
8,CASH_OUT,107473.61,C1348542961,0.0,0.0,C881662115,112788.88,305387.86,0,0
8,CASH_OUT,258241.15,C33177043,0.0,0.0,C1276424637,1379911.56,1610468.3,0,0
8,CASH_OUT,281430.83,C1235316197,0.0,0.0,C1210180003,1136804.08,1313362.94,0,0
8,CASH_OUT,149939.36,C1749467355,0.0,0.0,C1680630881,202033.05,29752.47,0,0
8,CASH_OUT,155404.94,C829491851,0.0,0.0,C1092318644,2369926.83,2525331.77,0,0
8,CASH_OUT,110298.7,C1630911955,0.0,0.0,C378081024,718333.28,828631.98,0,0
8,CASH_OUT,26707.39,C599341653,0.0,0.0,C1486249495,581984.09,389716.43,0,0
8,CASH_OUT,67551.74,C2108122849,0.0,0.0,C1756877039,109433.1,225417.28,0,0
8,CASH_OUT,39872.88,C1144725132,0.0,0.0,C440708502,49708.27,89581.15,0,0
8,CASH_OUT,127570.31,C137165053,0.0,0.0,C1432387181,314877.72,577588.9,0,0
8,CASH_OUT,39706.73,C1655504959,0.0,0.0,C1553217607,772509.48,812216.2,0,0
8,CASH_OUT,58060.8,C612098789,0.0,0.0,C1234363215,322575.32,353601.18,0,0
8,CASH_OUT,54424.12,C950552472,0.0,0.0,C1010765614,123031.05,177455.17,0,0
8,CASH_OUT,47935.16,C1462545248,0.0,0.0,C1082580319,209633.66,0.0,0,0
8,CASH_OUT,228883.51,C1560995138,0.0,0.0,C1167813715,346807.63,337113.3,0,0
8,CASH_OUT,127543.2,C639453388,0.0,0.0,C932583850,9418888.81,9546432.01,0,0
8,CASH_OUT,154048.81,C1551064848,0.0,0.0,C505366143,194555.22,348604.02,0,0
8,CASH_OUT,337375.01,C1857460309,0.0,0.0,C868288978,635293.69,972668.69,0,0
8,CASH_OUT,178619.79,C1687961652,0.0,0.0,C885136436,205611.72,376471.99,0,0
8,CASH_OUT,136023.07,C671825731,0.0,0.0,C152213122,239905.48,375928.55,0,0
8,CASH_OUT,143036.54,C1858502285,0.0,0.0,C506046490,503343.05,254084.28,0,0
8,CASH_OUT,390532.97,C879241008,0.0,0.0,C1089177065,685503.89,1076036.85,0,0
8,CASH_OUT,348191.57,C846421097,0.0,0.0,C795982694,690657.32,1556254.45,0,0
8,CASH_OUT,74271.2,C1131650115,0.0,0.0,C1220911229,1962433.35,2261741.99,0,0
8,CASH_OUT,302276.64,C513585334,0.0,0.0,C1016689071,456197.81,1024005.37,0,0
8,CASH_OUT,53203.98,C1807242738,0.0,0.0,C2031368275,199238.23,473124.86,0,0
8,CASH_OUT,275684.88,C1124125944,0.0,0.0,C1797686173,1198408.73,1474093.6,0,0
8,CASH_OUT,100176.02,C474923359,0.0,0.0,C2078448324,328277.97,703316.17,0,0
8,CASH_OUT,229991.86,C1730992992,0.0,0.0,C230816700,523743.92,896779.61,0,0
8,CASH_OUT,351795.08,C1309803954,0.0,0.0,C1040847151,5907055.83,7984433.54,0,0
8,CASH_OUT,275980.91,C196110212,0.0,0.0,C1328442807,580901.83,856882.74,0,0
8,CASH_OUT,134847.46,C1637747604,0.0,0.0,C218007578,196142.84,163427.07,0,0
8,CASH_OUT,23791.11,C1617443612,0.0,0.0,C443298466,122226.58,166001.06,0,0
8,CASH_OUT,41898.59,C1049201974,0.0,0.0,C1475998599,977510.42,1286372.45,0,0
8,CASH_OUT,94439.96,C906838308,0.0,0.0,C326101537,195483.18,271599.14,0,0
8,CASH_OUT,11195.54,C668872410,0.0,0.0,C549221039,153632.4,301353.67,0,0
8,CASH_OUT,227796.62,C114246118,0.0,0.0,C1638372110,708623.95,1002856.87,0,0
8,CASH_OUT,116674.78,C1952287796,0.0,0.0,C1007717381,1019831.31,1464101.1,0,0
8,CASH_OUT,68325.82,C671479802,0.0,0.0,C717951588,1322352.3,989801.23,0,0
8,CASH_OUT,1519.13,C2122036446,0.0,0.0,C125722707,1472415.36,1188993.0,0,0
8,CASH_OUT,33571.3,C38210182,0.0,0.0,C1289453529,103178.77,136750.07,0,0
8,CASH_OUT,376126.31,C442698454,0.0,0.0,C2009378486,10036639.8,10412766.11,0,0
8,CASH_OUT,40534.82,C492733511,0.0,0.0,C2133732070,221904.42,1382579.26,0,0
8,CASH_OUT,239086.33,C1042292342,0.0,0.0,C449775363,1813608.87,2052695.2,0,0
8,CASH_OUT,262901.03,C76095502,0.0,0.0,C1005941472,287380.47,550281.5,0,0
8,CASH_OUT,326198.96,C104771571,0.0,0.0,C33524623,1308183.2,1459243.0,0,0
8,CASH_OUT,283736.33,C1873510351,0.0,0.0,C48444237,304414.5,0.0,0,0
8,CASH_OUT,104271.73,C1371934690,0.0,0.0,C586009238,737221.25,841492.98,0,0
8,CASH_OUT,452941.13,C469945476,0.0,0.0,C367746789,1910605.75,2133868.99,0,0
8,CASH_OUT,101579.02,C1865460160,0.0,0.0,C1654583020,304337.45,224286.07,0,0
8,CASH_OUT,258988.41,C1532094190,0.0,0.0,C448155494,939137.77,1451241.25,0,0
8,CASH_OUT,9572.37,C973691769,0.0,0.0,C1436136891,18735.89,28308.26,0,0
8,CASH_OUT,208699.28,C820368976,0.0,0.0,C1803078638,238398.6,401570.48,0,0
8,CASH_OUT,66569.19,C1525749541,0.0,0.0,C563780374,125237.79,283774.63,0,0
8,CASH_OUT,134993.92,C247725059,0.0,0.0,C664232848,306774.41,546455.0,0,0
8,CASH_OUT,38738.36,C2120330289,0.0,0.0,C1188392295,76286.39,662182.87,0,0
8,CASH_OUT,17938.97,C1621668603,0.0,0.0,C480500119,1192048.65,135593.97,0,0
8,CASH_OUT,91162.05,C850577908,0.0,0.0,C1461657245,613622.9,1345399.26,0,0
8,CASH_OUT,16030.15,C587204677,0.0,0.0,C507538622,518900.71,1235736.09,0,0
8,CASH_OUT,89132.12,C1358116912,0.0,0.0,C1532153384,3525276.83,3614408.95,0,0
8,CASH_OUT,88293.28,C1978230719,0.0,0.0,C992713622,470510.62,672128.12,0,0
8,CASH_OUT,129769.02,C1370553759,0.0,0.0,C1167066016,709545.94,641979.14,0,0
8,CASH_OUT,81294.79,C1917945292,0.0,0.0,C216084411,113783.64,857333.79,0,0
8,CASH_OUT,100790.27,C1000997134,0.0,0.0,C2006081398,4467729.84,4743010.67,0,0
8,CASH_OUT,16558.68,C88104283,0.0,0.0,C732470450,1547407.4,1563966.08,0,0
8,CASH_OUT,136525.74,C1397363817,0.0,0.0,C549221039,164827.93,301353.67,0,0
8,CASH_OUT,249492.04,C768316457,0.0,0.0,C59215997,817745.18,1359980.45,0,0
8,CASH_OUT,82239.53,C1182941935,0.0,0.0,C358820318,408551.24,490790.77,0,0
8,CASH_OUT,64037.49,C1102018017,0.0,0.0,C797606633,84041.81,148079.29,0,0
8,CASH_OUT,93182.82,C1120258273,0.0,0.0,C766671686,561384.28,797973.46,0,0
8,CASH_OUT,322531.35,C870213196,0.0,0.0,C872592585,1943322.62,2265853.97,0,0
8,CASH_OUT,253416.78,C1738530786,0.0,0.0,C1090263069,683682.19,1260609.49,0,0
8,CASH_OUT,95587.5,C1571139213,0.0,0.0,C977993101,3426749.26,3373302.83,0,0
8,CASH_OUT,371344.68,C835446552,0.0,0.0,C1816757085,11462017.38,14048634.13,0,0
8,CASH_OUT,8546.04,C1902582635,0.0,0.0,C522696444,1004727.35,1013273.39,0,0
8,CASH_OUT,77824.74,C1755228778,0.0,0.0,C1659797072,544868.45,0.0,0,0
8,CASH_OUT,240079.75,C406827058,0.0,0.0,C2133732070,262439.24,1382579.26,0,0
8,CASH_OUT,89528.21,C1981966090,0.0,0.0,C1069892822,114199.32,225657.64,0,0
8,CASH_OUT,22898.85,C1062700774,0.0,0.0,C1475909248,446188.92,487776.85,0,0
8,CASH_OUT,190302.6,C570930844,0.0,0.0,C2085805920,2628842.2,2994178.1,0,0
8,CASH_OUT,147145.93,C1197227214,0.0,0.0,C211753297,301711.25,169062.66,0,0
8,CASH_OUT,152697.17,C581114136,0.0,0.0,C1089993541,1615867.87,1741771.65,0,0
8,CASH_OUT,179156.54,C557898524,0.0,0.0,C2011996123,9085188.36,9264344.9,0,0
8,CASH_OUT,371380.4,C1047280382,0.0,0.0,C1688071442,524763.26,840201.49,0,0
8,CASH_OUT,6785.39,C410049457,0.0,0.0,C173783788,29359.0,36144.4,0,0
8,CASH_OUT,184498.63,C581003902,0.0,0.0,C173141569,213181.61,480345.78,0,0
8,CASH_OUT,38441.59,C85908749,0.0,0.0,C1945802665,1033240.22,1471945.15,0,0
8,CASH_OUT,29557.04,C1517993114,0.0,0.0,C1325626015,89438.15,224986.09,0,0
8,CASH_OUT,36055.28,C1145653559,0.0,0.0,C406477119,821620.4,1879210.25,0,0
8,CASH_OUT,14744.62,C1829910874,0.0,0.0,C1060563153,658975.32,844861.56,0,0
8,CASH_OUT,452499.73,C513242944,0.0,0.0,C1757877803,1655716.78,2325850.99,0,0
8,CASH_OUT,327595.01,C294028900,0.0,0.0,C1007717381,1136506.09,1464101.1,0,0
8,CASH_OUT,285190.29,C520643986,0.0,0.0,C818570949,1960552.02,2402597.58,0,0
8,CASH_OUT,3929.44,C1663850432,0.0,0.0,C1905079199,672708.77,473786.79,0,0
8,CASH_OUT,529259.14,C1185157522,0.0,0.0,C1825634724,868327.47,1542240.66,0,0
8,CASH_OUT,83859.3,C1672743556,0.0,0.0,C970612443,454154.02,170309.52,0,0
8,CASH_OUT,118044.7,C1070385045,0.0,0.0,C1525944481,202285.52,437561.96,0,0
8,CASH_OUT,307646.86,C1054807547,0.0,0.0,C1407083386,1282673.96,1013969.68,0,0
8,CASH_OUT,166724.98,C1485945651,0.0,0.0,C1652369868,284120.25,450845.23,0,0
8,CASH_OUT,32213.42,C456293007,0.0,0.0,C1825174365,6625367.2,6657580.62,0,0
8,CASH_OUT,73555.81,C1109124627,0.0,0.0,C1334272276,147156.8,220712.61,0,0
8,CASH_OUT,163075.13,C78463846,0.0,0.0,C624685600,776758.89,1263934.85,0,0
8,CASH_OUT,11810.86,C1362110691,0.0,0.0,C1781548235,27601.52,39412.38,0,0
8,CASH_OUT,119245.38,C1499387464,0.0,0.0,C2147195354,760810.0,790460.11,0,0
8,CASH_OUT,107441.51,C1147701262,0.0,0.0,C483817115,9978021.28,10014348.15,0,0
8,CASH_OUT,5160.96,C716195222,0.0,0.0,C1330106945,12142.56,17303.52,0,0
8,CASH_OUT,45615.02,C2056718099,0.0,0.0,C526035976,358765.66,404380.68,0,0
8,CASH_OUT,274737.06,C1439986335,0.0,0.0,C1295301356,9462707.82,10308723.52,0,0
8,CASH_OUT,117266.06,C1442625747,0.0,0.0,C1923206317,957271.22,1805166.52,0,0
8,CASH_OUT,107890.74,C2110311183,0.0,0.0,C225852166,770039.11,877929.84,0,0
8,CASH_OUT,372571.39,C1067840570,0.0,0.0,C1354725727,4153328.96,4529886.44,0,0
8,CASH_OUT,97411.11,C1234381275,0.0,0.0,C1050196275,2634988.98,2417555.8,0,0
8,CASH_OUT,82841.12,C2040080922,0.0,0.0,C466160470,153287.65,0.0,0,0
8,CASH_OUT,112147.69,C1110578837,0.0,0.0,C915240663,526213.75,278594.28,0,0
8,CASH_OUT,189816.17,C1386622669,0.0,0.0,C1875310223,399772.88,589589.05,0,0
8,CASH_OUT,46707.38,C36374707,0.0,0.0,C43924520,130124.94,176832.32,0,0
8,CASH_OUT,1486.36,C852638486,0.0,0.0,C2011904058,139182.35,140668.7,0,0
8,CASH_OUT,458144.34,C1611007335,0.0,0.0,C1778289781,518350.12,1273292.81,0,0
8,CASH_OUT,558872.99,C62234604,0.0,0.0,C627675433,2927888.39,5189726.17,0,0
8,CASH_OUT,222269.62,C1501651385,0.0,0.0,C653305407,1849624.33,2309910.68,0,0
8,CASH_OUT,320246.01,C2049501972,0.0,0.0,C1256732367,1301889.33,1564770.58,0,0
8,CASH_OUT,221918.93,C710272011,0.0,0.0,C1653433120,395041.96,774383.4,0,0
8,CASH_OUT,313208.87,C95437906,0.0,0.0,C1374063565,340901.74,542692.36,0,0
8,CASH_OUT,54210.13,C1466851828,0.0,0.0,C1790202239,1638284.76,1592988.35,0,0
8,CASH_OUT,153881.24,C1789087814,0.0,0.0,C473485349,205320.6,78968.16,0,0
8,CASH_OUT,190066.12,C1876133029,0.0,0.0,C1757533511,1282488.62,1472554.74,0,0
8,CASH_OUT,32827.18,C1757863897,0.0,0.0,C132379888,245586.79,629147.18,0,0
8,CASH_OUT,233649.49,C1283683060,0.0,0.0,C1040847151,6258850.91,7984433.54,0,0
8,CASH_OUT,77499.26,C1012021826,0.0,0.0,C1970866392,234188.13,311687.39,0,0
8,CASH_OUT,38772.74,C1339520961,0.0,0.0,C709906087,282492.45,535471.63,0,0
8,CASH_OUT,110758.86,C296829429,0.0,0.0,C1934634055,442300.94,474803.34,0,0
8,CASH_OUT,345386.08,C1190303205,0.0,0.0,C1282155635,424752.58,770138.65,0,0
8,CASH_OUT,289694.25,C1801398099,0.0,0.0,C1092465037,2048808.45,2394540.24,0,0
8,CASH_OUT,124726.76,C524430470,0.0,0.0,C900425684,870710.17,1165471.56,0,0
8,CASH_OUT,29419.36,C82274418,0.0,0.0,C2109236648,1122264.94,1440213.37,0,0
8,TRANSFER,409320.94,C1245149838,1026.0,0.0,C1646561071,0.0,289410.23,0,0
8,CASH_OUT,130187.04,C736936164,931615.61,801428.57,C1988852187,1116922.52,2232864.41,0,0
8,CASH_OUT,164477.99,C612990494,699532.6,535054.62,C838411509,16106.93,513550.44,0,0
8,TRANSFER,213477.88,C1675472964,1209987.61,996509.73,C2133732070,502518.99,1382579.26,0,0
8,CASH_OUT,318099.36,C138277427,996509.73,678410.37,C1953886321,381172.8,699272.16,0,0
8,CASH_OUT,195944.65,C1456431449,678410.37,482465.71,C1150610696,1613554.23,2040211.46,0,0
8,CASH_OUT,230712.58,C2098451555,482465.71,251753.14,C1150610696,1809498.88,2040211.46,0,0
8,CASH_OUT,432118.89,C1942098965,251753.14,0.0,C688425953,664408.32,1268298.74,0,0
8,CASH_OUT,166180.86,C336186420,0.0,0.0,C1857357520,223706.67,680335.36,0,0
8,CASH_OUT,32543.96,C971092549,0.0,0.0,C1231842708,718737.51,751281.48,0,0
8,CASH_OUT,133333.06,C1521670614,0.0,0.0,C1507516448,171951.76,150665.89,0,0
8,CASH_OUT,158025.48,C959646761,0.0,0.0,C414205222,174811.4,476642.33,0,0
8,CASH_OUT,289936.73,C1669406551,0.0,0.0,C1934837365,1139170.31,1429107.04,0,0
8,CASH_OUT,320347.17,C1464269560,0.0,0.0,C310737318,437300.97,1022379.45,0,0
8,CASH_OUT,144919.19,C469169583,0.0,0.0,C1957274125,291237.6,902210.3,0,0
8,CASH_OUT,117231.74,C981852348,0.0,0.0,C1525944481,320330.22,437561.96,0,0
8,CASH_OUT,269852.55,C1368734492,0.0,0.0,C507538622,534930.86,1235736.09,0,0
8,CASH_OUT,166118.77,C837065452,0.0,0.0,C305259590,738562.78,937916.52,0,0
8,CASH_OUT,112723.85,C487807730,0.0,0.0,C619068319,113022.06,225745.92,0,0
8,CASH_OUT,52305.89,C143055340,0.0,0.0,C1494271614,126523.69,178829.57,0,0
8,CASH_OUT,39796.72,C1882410555,0.0,0.0,C1494895909,928289.95,1362678.43,0,0
8,CASH_OUT,56580.04,C1704302891,0.0,0.0,C656400047,88500.14,1597668.67,0,0
8,CASH_OUT,9181.67,C1658231713,0.0,0.0,C2102549317,1431791.43,1512042.27,0,0
8,CASH_OUT,111399.38,C1554085806,0.0,0.0,C1807896178,212895.21,324294.59,0,0
8,CASH_OUT,28767.01,C914995351,0.0,0.0,C656400047,145080.17,1597668.67,0,0
8,CASH_OUT,319439.19,C2132554668,0.0,0.0,C1395746279,1224660.58,1391020.69,0,0
8,CASH_OUT,69706.75,C692167805,0.0,0.0,C9916873,720766.15,790472.9,0,0
8,CASH_OUT,15508.78,C2123021052,0.0,0.0,C2045348822,139920.01,155428.79,0,0
8,CASH_OUT,459231.75,C1316525096,259.0,0.0,C471115623,104545.0,0.0,0,0
8,CASH_OUT,236542.67,C91062265,58577.0,0.0,C653745564,1873179.79,2463244.43,0,0
8,CASH_OUT,517315.73,C2123884529,828.57,0.0,C1869228744,2020536.29,2528711.98,0,0
8,CASH_OUT,75916.39,C37810601,0.0,0.0,C824197891,1250102.98,1577892.84,0,0
8,CASH_OUT,356580.41,C1807200728,0.0,0.0,C1621383518,525146.61,1190896.64,0,0
8,CASH_OUT,629218.41,C622301916,0.0,0.0,C2133732070,715996.88,1382579.26,0,0
8,CASH_OUT,293300.81,C1694384608,0.0,0.0,C1404112538,2370484.57,2658931.59,0,0
8,CASH_OUT,376946.73,C1630939503,0.0,0.0,C1933965693,1697721.6,2074668.33,0,0
8,CASH_OUT,264731.31,C928611808,0.0,0.0,C310737318,757648.14,1022379.45,0,0
8,CASH_OUT,152505.5,C784439461,0.0,0.0,C1852790850,1166148.25,1633434.42,0,0
8,CASH_OUT,367364.32,C942030300,0.0,0.0,C1369695156,5853448.1,5966884.67,0,0
8,CASH_OUT,334169.98,C1745553126,0.0,0.0,C678651991,510391.57,1177157.62,0,0
8,CASH_OUT,68109.71,C348246138,0.0,0.0,C1925300085,465594.98,447752.1,0,0
8,CASH_OUT,111502.97,C759624633,6058.0,0.0,C1519254830,129844.99,1377703.81,0,0
8,TRANSFER,262404.81,C1481350810,151.0,0.0,C1886938557,11056.79,273461.6,0,0
8,TRANSFER,2537071.55,C490803833,16333133.1,13796061.54,C2009468024,23302.0,2604563.3,0,0
8,CASH_OUT,122269.54,C325222921,13796061.54,13673792.01,C1022680775,948589.06,1070858.6,0,0
8,TRANSFER,1051448.32,C1015543092,41110.0,0.0,C211528162,0.0,842029.67,0,0
8,CASH_OUT,164284.17,C464873649,87162.0,0.0,C1975607158,0.0,164284.17,0,0
8,CASH_OUT,400521.13,C1748954910,255.0,0.0,C235386075,480313.71,880834.84,0,0
8,CASH_OUT,5701.3,C1654923112,6193.0,491.7,C1782098044,0.0,5701.3,0,0
8,CASH_OUT,212702.54,C1462746031,2073.0,0.0,C1070146065,242674.17,457426.18,0,0
8,TRANSFER,267095.19,C751957146,19023.0,0.0,C378841819,0.0,267095.19,0,0
8,CASH_OUT,352737.05,C799834431,19802.0,0.0,C1052170153,0.0,151635.37,0,0
8,TRANSFER,48529.77,C395736241,60317.0,11787.23,C36437323,111553.4,160083.17,0,0
8,CASH_OUT,248366.47,C331161852,1587.92,0.0,C927008541,286487.67,836809.68,0,0
8,TRANSFER,795373.17,C910793470,252662.0,0.0,C421163163,37112.96,832486.12,0,0
8,CASH_OUT,165133.3,C1284109835,234528.0,69394.7,C1489275794,0.0,120258.54,0,0
8,CASH_OUT,232070.68,C2062645139,21915.0,0.0,C949483950,0.0,612054.13,0,0
8,TRANSFER,875890.91,C2055936784,278.0,0.0,C675203915,4522236.63,5398127.54,0,0
8,CASH_OUT,81058.71,C1467747302,30609.0,0.0,C2007792854,173823.31,539670.33,0,0
8,TRANSFER,1130467.51,C1475702943,82599.8,0.0,C1907159141,1317638.57,2541785.35,0,0
8,TRANSFER,1243206.07,C159582254,20821.0,0.0,C267527788,0.0,1258016.42,0,0
8,TRANSFER,2148537.38,C1957610983,13288.0,0.0,C2027640578,197442.0,2345979.38,0,0
8,CASH_OUT,393768.3,C1704544808,16735.0,0.0,C311901651,0.0,393768.3,0,0
8,CASH_OUT,295650.67,C1424173976,7574.0,0.0,C861958315,399258.72,531628.29,0,0
8,TRANSFER,258662.6,C277139645,30511.0,0.0,C804475266,1835594.85,2247459.18,0,0
8,CASH_OUT,102007.63,C1918765563,33004.58,0.0,C1516565803,0.0,884079.08,0,0
8,CASH_OUT,69572.53,C1017806670,257.0,0.0,C1766973538,0.0,65441.59,0,0
8,CASH_OUT,152975.96,C1214630930,6142.0,0.0,C671848738,180678.19,445251.27,0,0
8,CASH_OUT,58662.02,C1174963064,8863.0,0.0,C1747948034,218212.06,276874.08,0,0
8,CASH_OUT,32207.2,C1111317633,38546.0,6338.8,C1066166621,2460.65,938357.62,0,0
8,TRANSFER,1397530.26,C1613823294,45505.41,0.0,C1335946878,1616048.41,3529395.92,0,0
8,CASH_OUT,254241.75,C1618840957,104994.0,0.0,C644345897,546750.43,800992.18,0,0
8,CASH_OUT,122654.15,C121849153,6044.0,0.0,C1014923261,1215092.13,1434633.69,0,0
8,TRANSFER,1866308.05,C123355826,11579.0,0.0,C268402121,117743.03,1955672.96,0,0
8,TRANSFER,1743258.66,C1859900594,4497.0,0.0,C1286736411,124665.47,0.0,0,0
8,CASH_OUT,230057.56,C1002521609,383648.0,153590.44,C1592415783,73147.02,303204.57,0,0
8,CASH_OUT,538324.82,C557639906,58988.0,0.0,C2018975718,89319.33,404128.0,0,0
8,CASH_OUT,263842.52,C1582067157,0.0,0.0,C1481851679,1421489.09,1379576.69,0,0
8,CASH_OUT,119898.51,C418505990,0.0,0.0,C1235151206,329335.15,449233.66,0,0
8,CASH_OUT,40359.18,C1751324121,0.0,0.0,C345691183,51491.0,0.0,0,0
8,CASH_OUT,605333.31,C1902665544,0.0,0.0,C1899073220,6761477.79,7366811.1,0,0
8,CASH_OUT,118377.73,C1282913909,0.0,0.0,C1227603646,549997.27,332709.92,0,0
8,CASH_OUT,171141.62,C1538896680,0.0,0.0,C1060563153,673719.94,844861.56,0,0
8,CASH_OUT,192242.6,C730114139,0.0,0.0,C1888439681,1627125.7,3476255.29,0,0
8,CASH_OUT,65819.81,C405090428,0.0,0.0,C1930851375,2460106.17,2422222.36,0,0
8,CASH_OUT,232035.01,C1762720019,0.0,0.0,C815121481,1511389.33,1379703.29,0,0
8,CASH_OUT,59218.22,C2141595626,0.0,0.0,C2081595126,72420.7,131638.92,0,0
8,CASH_OUT,397246.8,C1911459381,0.0,0.0,C65197494,676474.0,732054.05,0,0
8,CASH_OUT,165120.71,C1090123428,0.0,0.0,C1428469551,210538.44,375659.14,0,0
8,CASH_OUT,188291.44,C785340361,0.0,0.0,C1937962514,802129.26,1581311.49,0,0
8,CASH_OUT,110779.05,C1620622477,0.0,0.0,C372017580,3846641.65,4122268.38,0,0
8,CASH_OUT,255477.34,C1694636429,0.0,0.0,C997608398,798443.99,1291418.68,0,0
8,CASH_OUT,181730.24,C1782685535,0.0,0.0,C405881980,2896779.55,3078509.79,0,0
8,CASH_OUT,78635.42,C1046801601,0.0,0.0,C766681183,17277864.84,17356500.26,0,0
8,CASH_OUT,7270.37,C457003860,0.0,0.0,C219416103,1523685.68,1530956.05,0,0
8,CASH_OUT,113043.31,C1845952463,0.0,0.0,C483817115,10085462.79,10014348.15,0,0
8,CASH_OUT,89346.62,C140193335,0.0,0.0,C1326121635,112673.41,202020.02,0,0
8,CASH_OUT,138651.85,C297851161,0.0,0.0,C1034382650,142758.39,281410.24,0,0
8,CASH_OUT,61553.92,C1612091270,0.0,0.0,C8733802,242151.6,303705.52,0,0
8,CASH_OUT,64465.34,C968359116,0.0,0.0,C142538462,70902.66,135368.0,0,0
8,CASH_OUT,80521.47,C1758218075,0.0,0.0,C736236438,89571.91,13984.22,0,0
8,CASH_OUT,230068.2,C2144555850,0.0,0.0,C317071334,323911.69,553979.89,0,0
8,CASH_OUT,104686.67,C728598921,0.0,0.0,C664232848,441768.33,546455.0,0,0
8,CASH_OUT,212410.45,C767185332,0.0,0.0,C1321139761,1641296.74,1521202.97,0,0
8,CASH_OUT,214996.37,C658914759,0.0,0.0,C607702142,229253.86,11475.36,0,0
8,CASH_OUT,275097.55,C1122661222,0.0,0.0,C865922491,300171.02,492674.45,0,0
8,CASH_OUT,301929.82,C84708211,0.0,0.0,C1014923261,1337746.27,1434633.69,0,0
8,CASH_OUT,53126.41,C2059685271,0.0,0.0,C892981061,206882.14,46031.18,0,0
8,CASH_OUT,330054.71,C1820000013,0.0,0.0,C787040724,1802642.04,4039814.03,0,0
8,CASH_OUT,515817.25,C2107297959,0.0,0.0,C1335946878,3013578.67,3529395.92,0,0
8,CASH_OUT,371276.45,C481074036,0.0,0.0,C758888772,417648.51,956858.04,0,0
8,CASH_OUT,122514.04,C1155319171,0.0,0.0,C1266035080,3099205.65,3232606.04,0,0
8,CASH_OUT,137102.69,C2137376898,0.0,0.0,C1848270947,942870.15,1079972.85,0,0
8,CASH_OUT,53702.66,C1422991393,0.0,0.0,C1572600325,718935.54,866993.4,0,0
8,CASH_OUT,143248.29,C752772852,0.0,0.0,C521284795,335057.36,621801.24,0,0
8,CASH_OUT,86580.64,C235687473,0.0,0.0,C2129901484,98039.3,223250.64,0,0
8,CASH_OUT,60608.86,C1610397354,0.0,0.0,C961178923,93827.04,154435.9,0,0
8,CASH_OUT,98292.48,C49370460,0.0,0.0,C937195105,1395912.02,1256403.17,0,0
8,CASH_OUT,145650.94,C1573354032,0.0,0.0,C1062254208,797974.63,943625.57,0,0
8,CASH_OUT,179717.89,C836164223,0.0,0.0,C1722141669,817675.35,1118549.36,0,0
8,CASH_OUT,115916.28,C195388169,0.0,0.0,C1638543071,222430.09,508261.82,0,0
8,CASH_OUT,106193.87,C58104980,0.0,0.0,C1858098329,693479.14,799673.02,0,0
8,CASH_OUT,102091.03,C1703309360,0.0,0.0,C664038638,488070.97,590162.01,0,0
8,CASH_OUT,235735.99,C1652837341,0.0,0.0,C1302931951,1476648.41,1740418.55,0,0
8,CASH_OUT,95231.07,C1117372847,0.0,0.0,C1722902384,503423.42,681456.39,0,0
8,CASH_OUT,43447.17,C1975281492,0.0,0.0,C288106800,67481.22,147892.68,0,0
8,CASH_OUT,22281.41,C594382371,0.0,0.0,C1339678445,79689.36,101970.76,0,0
8,CASH_OUT,34750.45,C1668805424,0.0,0.0,C814473635,63144.5,97894.95,0,0
8,CASH_OUT,13440.39,C1869595208,0.0,0.0,C716442925,1216592.86,4271358.73,0,0
8,TRANSFER,295741.74,C2046791222,20371.0,0.0,C2145867337,58205.66,353947.41,0,0
8,CASH_OUT,220010.99,C1582336430,5408.0,0.0,C386312539,3946332.95,4173293.65,0,0
8,CASH_OUT,178363.34,C817218023,24117.0,0.0,C527482085,233609.92,411973.25,0,0
8,TRANSFER,1105114.76,C1047247558,142003.0,0.0,C464451704,223844.96,1110864.89,0,0
8,TRANSFER,1762261.94,C913946255,9536.0,0.0,C954697228,0.0,1861444.59,0,0
8,CASH_OUT,135271.53,C1784197445,2060.26,0.0,C1232925466,749689.31,1100798.45,0,0
8,CASH_OUT,62724.97,C1543794664,12260.0,0.0,C554025243,77954.99,273082.76,0,0
8,TRANSFER,760875.27,C597939284,52470.0,0.0,C616563206,107499.93,868375.21,0,0
8,CASH_OUT,269051.88,C717827933,0.0,0.0,C1175399276,305589.54,315259.94,0,0
8,TRANSFER,519090.67,C1757915132,0.0,0.0,C1508456612,2075606.7,5975262.38,0,0
8,TRANSFER,8189.48,C1077224009,111045.0,102855.52,C990053853,13124.45,21313.94,0,0
8,TRANSFER,239490.4,C561650879,26671.0,0.0,C177368500,0.0,239490.4,0,0
8,TRANSFER,376046.46,C1028457056,9040.0,0.0,C1325038895,1094170.55,1943673.08,0,0
8,CASH_OUT,269812.4,C1974442520,590588.46,320776.06,C1757877803,2108216.51,2325850.99,0,0
8,CASH_OUT,153737.68,C56493571,320776.06,167038.38,C64133603,465393.97,619131.66,0,0
8,TRANSFER,167933.07,C2060246045,25510.0,0.0,C758888772,788924.96,956858.04,0,0
8,TRANSFER,1447770.26,C1176782876,1105677.41,0.0,C691636444,2991300.02,4439070.28,0,0
8,TRANSFER,4199621.54,C892940485,0.0,0.0,C1014154376,10593010.6,14792632.14,0,0
8,TRANSFER,1306358.37,C688467531,0.0,0.0,C1044117371,3280789.39,4393432.11,0,0
8,TRANSFER,2411727.13,C1973590042,0.0,0.0,C1816757085,11833362.06,14048634.13,0,0
8,TRANSFER,361036.16,C295848474,0.0,0.0,C1703397679,368634.21,0.0,0,0
8,TRANSFER,281227.21,C1843527667,0.0,0.0,C712956349,1092605.63,1586820.55,0,0
8,TRANSFER,476685.12,C234553202,0.0,0.0,C1149080047,1237033.28,1713718.4,0,0
8,CASH_OUT,119176.99,C1968197904,12406.0,0.0,C1315729466,684731.41,803908.4,0,0
8,CASH_OUT,94157.4,C1591291425,6350.55,0.0,C2141994208,105524.67,0.0,0,0
8,CASH_OUT,84572.21,C56928317,1545631.58,1461059.36,C1590550415,21854515.19,21939087.4,0,0
8,CASH_OUT,375820.11,C828666319,341974.0,0.0,C1802632685,840999.44,2290132.87,0,0
8,CASH_OUT,41482.81,C392630942,1146.0,0.0,C26334874,1647375.48,2068039.37,0,0
8,CASH_OUT,18174.63,C164385088,11232.0,0.0,C755196725,0.0,18174.63,0,0
8,CASH_OUT,233756.17,C1844703147,10952.0,0.0,C1657769946,1633153.83,1521417.19,0,0
8,CASH_OUT,129881.1,C236242407,48826.0,0.0,C1813913953,0.0,0.0,0,0
8,TRANSFER,2486178.89,C1813029891,0.0,0.0,C1728766751,4060845.2,6385532.2,0,0
8,TRANSFER,11491.28,C928970794,371883.57,360392.29,C1352463225,99449.44,0.0,0,0
8,CASH_OUT,51144.79,C1755884686,311.0,0.0,C1146577120,160835.14,211979.93,0,0
8,CASH_OUT,266274.37,C687314457,72240.0,0.0,C798696622,0.0,162365.14,0,0
8,CASH_OUT,249481.82,C2136323283,55237.69,0.0,C928023753,783597.8,636296.03,0,0
8,CASH_OUT,41143.79,C1795596926,0.0,0.0,C2029885969,260095.98,129956.74,0,0
8,CASH_OUT,71006.6,C1570755715,51744.0,0.0,C2094708332,5883.0,0.0,0,0
8,CASH_OUT,109162.21,C650152294,50044.0,0.0,C1286084959,11628322.92,12959765.0,0,0
8,TRANSFER,766006.13,C1508936576,4111650.2,3345644.07,C1920084587,0.0,1177138.65,0,0
8,CASH_OUT,111669.64,C2061577679,370.0,0.0,C1282788025,112146.25,60540.99,0,0
8,CASH_OUT,261792.45,C2116044469,60001.0,0.0,C1575652338,0.0,451573.22,0,0
8,CASH_OUT,226480.7,C204685609,5026.0,0.0,C1160440440,0.0,226480.7,0,0
8,CASH_OUT,40814.42,C2060806744,59500.0,18685.58,C1395314941,128.0,40942.42,0,0
8,CASH_OUT,130866.06,C2060743891,21672.0,0.0,C534523205,0.0,130866.06,0,0
8,CASH_OUT,227502.52,C1368275309,0.0,0.0,C1398530689,1526691.83,1367406.0,0,0
8,CASH_OUT,310392.7,C925921043,245682.0,0.0,C586273406,0.0,310392.7,0,0
8,CASH_OUT,434775.78,C391474633,13913.0,0.0,C1258899140,53997.59,0.0,0,0
8,TRANSFER,1329152.78,C278315696,7146.0,0.0,C595383525,10122.0,1032700.7,0,0
8,TRANSFER,1132559.98,C496854692,100309.0,0.0,C1298147262,207802.63,1144238.97,0,0
8,TRANSFER,254634.36,C6198558,19929.0,0.0,C1313534832,4351356.6,4605990.97,0,0
8,CASH_OUT,157820.88,C501404775,1382073.42,1224252.54,C1551945522,0.0,157820.88,0,0
8,CASH_OUT,473456.08,C2011221030,1224252.54,750796.46,C1325038895,1470217.01,1943673.08,0,0
8,CASH_OUT,640614.3,C2091163854,750796.46,110182.15,C1461657245,704784.95,1345399.26,0,0
8,CASH_OUT,357786.09,C347463549,110182.15,0.0,C1049804269,547356.35,905142.44,0,0
8,CASH_OUT,32322.92,C536834144,0.0,0.0,C1030706332,3004228.54,3036551.46,0,0
8,CASH_OUT,214206.43,C1846480453,0.0,0.0,C709906087,321265.2,535471.63,0,0
8,CASH_OUT,204137.71,C938766746,0.0,0.0,C1971344738,546605.18,653994.87,0,0
8,CASH_OUT,504209.94,C218107438,0.0,0.0,C366015139,4051026.3,4555236.24,0,0
8,CASH_OUT,56037.54,C1771574174,0.0,0.0,C1092465037,2338502.7,2394540.24,0,0
8,CASH_OUT,241177.36,C2146649550,0.0,0.0,C1781090157,2162526.03,2403703.4,0,0
8,CASH_OUT,144087.96,C1797231371,0.0,0.0,C1095446005,236760.82,402284.09,0,0
8,CASH_OUT,66570.25,C1726185784,0.0,0.0,C403254166,444911.45,987888.66,0,0
8,CASH_OUT,468239.2,C1330539161,0.0,0.0,C1379031360,3571243.29,4200399.97,0,0
8,CASH_OUT,124992.85,C712416139,0.0,0.0,C978609035,2394627.25,2413840.05,0,0
8,CASH_OUT,35796.4,C1038537221,0.0,0.0,C1209981276,50235.13,26165.69,0,0
8,CASH_OUT,63489.48,C1198948032,0.0,0.0,C1242584406,140262.23,203751.7,0,0
8,CASH_OUT,232717.0,C2077281813,0.0,0.0,C1957274125,436156.79,902210.3,0,0
8,CASH_OUT,127602.87,C1709488167,0.0,0.0,C1988852187,1247109.55,2232864.41,0,0
8,CASH_OUT,94690.18,C1855535204,0.0,0.0,C631424220,134907.47,229597.64,0,0
8,CASH_OUT,80738.24,C451791625,0.0,0.0,C1234363215,380636.12,353601.18,0,0
8,CASH_OUT,60126.0,C1731206695,0.0,0.0,C1921838990,201308.21,261434.22,0,0
8,CASH_OUT,210354.65,C659924838,0.0,0.0,C1329589315,565633.15,711930.13,0,0
8,CASH_OUT,25823.14,C11071984,0.0,0.0,C731253803,138267.47,470082.93,0,0
8,CASH_OUT,105937.75,C1961477999,0.0,0.0,C1576408634,639807.2,745744.95,0,0
8,CASH_OUT,339281.61,C323960563,0.0,0.0,C1515704208,15216380.43,15505523.11,0,0
8,CASH_OUT,462830.54,C422303083,0.0,0.0,C988138425,2936757.95,4310701.91,0,0
8,CASH_OUT,82391.02,C1582010575,0.0,0.0,C1777285191,220485.47,122017.44,0,0
8,CASH_OUT,141750.88,C1680074454,0.0,0.0,C1010306008,978932.81,1120683.69,0,0
8,CASH_OUT,119144.2,C242349063,0.0,0.0,C1934634055,553059.8,474803.34,0,0
8,CASH_OUT,287503.31,C1228335151,0.0,0.0,C1570256460,8287988.5,9281535.44,0,0
8,CASH_OUT,136683.68,C1266271278,0.0,0.0,C957388291,754306.79,854165.83,0,0
8,CASH_OUT,170183.59,C806854337,0.0,0.0,C1679546686,330808.36,506581.24,0,0
8,CASH_OUT,374846.44,C835163400,0.0,0.0,C1482979717,858855.71,2581338.81,0,0
8,CASH_OUT,25867.98,C1330537615,0.0,0.0,C1073259437,32484.1,58352.07,0,0
8,CASH_OUT,275646.73,C1242792444,0.0,0.0,C624685600,801428.57,1263934.85,0,0
8,CASH_OUT,271890.72,C1191116777,0.0,0.0,C1482979717,1233702.15,2581338.81,0,0
8,CASH_OUT,330952.39,C1260146155,0.0,0.0,C599968109,690676.61,1235102.24,0,0
8,CASH_OUT,71942.49,C2001347099,0.0,0.0,C304406966,874428.24,1271995.08,0,0
8,CASH_OUT,296176.14,C562053487,0.0,0.0,C1075238398,375806.58,683602.27,0,0
8,CASH_OUT,153259.66,C271643393,0.0,0.0,C1825389809,702598.98,1077837.29,0,0
8,CASH_OUT,67047.71,C963282937,0.0,0.0,C812586739,102924.42,140696.94,0,0
8,CASH_OUT,74967.99,C529936437,0.0,0.0,C635281078,2540573.32,2265663.04,0,0
8,CASH_OUT,134867.39,C1010729361,0.0,0.0,C128736076,295131.65,216651.57,0,0
8,CASH_OUT,54604.25,C729929196,0.0,0.0,C1653859230,1402673.98,1878150.67,0,0
8,CASH_OUT,212987.72,C1178192426,0.0,0.0,C712956349,1373832.83,1586820.55,0,0
8,CASH_OUT,16487.79,C1753242944,0.0,0.0,C1207178960,224239.41,240727.2,0,0
8,CASH_OUT,65750.47,C544893896,0.0,0.0,C1036454560,1113610.52,0.0,0,0
8,CASH_OUT,104448.27,C91350174,0.0,0.0,C766671686,654567.1,797973.46,0,0
8,CASH_OUT,91714.29,C219219584,0.0,0.0,C115885991,4303785.24,4215505.1,0,0
8,CASH_OUT,44189.75,C1729175615,0.0,0.0,C2009468024,2560373.55,2604563.3,0,0
8,CASH_OUT,80059.98,C340144958,0.0,0.0,C1869228744,2537852.02,2528711.98,0,0
8,CASH_OUT,74005.35,C504979516,0.0,0.0,C1132146097,89322.39,0.0,0,0
8,CASH_OUT,32266.33,C456740985,0.0,0.0,C607702142,444250.23,11475.36,0,0
8,CASH_OUT,28646.77,C1967623161,0.0,0.0,C1373467808,531855.21,1031613.74,0,0
8,CASH_OUT,139116.78,C1346210220,0.0,0.0,C343534938,1070270.51,1048017.45,0,0
8,CASH_OUT,64090.51,C615247129,39270.0,0.0,C921424481,48680.36,212282.08,0,0
8,CASH_OUT,244517.76,C857534866,20619.0,0.0,C711496491,8296.03,472254.85,0,0
8,CASH_OUT,360402.57,C2141889055,107216.0,0.0,C1778289781,976494.46,1273292.81,0,0
8,TRANSFER,507162.09,C2141182018,596792.92,89630.83,C1067155425,185833.03,523650.14,0,0
8,TRANSFER,1402121.81,C2048332259,24121.0,0.0,C1132795252,0.0,1280520.63,0,0
8,TRANSFER,1702964.79,C150437496,606840.98,0.0,C627675433,3486761.38,5189726.17,0,0
8,TRANSFER,277720.33,C1244524172,0.0,0.0,C1556875182,2617009.02,3585215.55,0,0
8,TRANSFER,470791.0,C1830303265,0.0,0.0,C749013731,4235944.19,4369565.78,0,0
8,TRANSFER,227774.16,C422702580,0.0,0.0,C1167066016,839314.97,641979.14,0,0
8,TRANSFER,537378.21,C713446420,0.0,0.0,C1289493889,1197137.74,1734515.95,0,0
8,TRANSFER,771743.64,C268080710,0.0,0.0,C842729010,4341301.6,5291217.05,0,0
8,TRANSFER,1429743.36,C603918502,0.0,0.0,C1750956965,1454975.91,2884719.28,0,0
8,TRANSFER,228106.65,C892798816,0.0,0.0,C1880901678,278997.71,293199.16,0,0
8,TRANSFER,440869.23,C764003110,0.0,0.0,C1034584766,6723541.14,7164410.37,0,0
8,TRANSFER,81280.51,C1989814391,0.0,0.0,C1962165946,409404.7,490685.21,0,0
8,TRANSFER,798422.71,C758873122,0.0,0.0,C1621383518,881727.02,1190896.64,0,0
8,TRANSFER,920927.83,C540697314,0.0,0.0,C716442925,1230033.26,4271358.73,0,0
8,TRANSFER,375447.28,C1137251632,0.0,0.0,C795982694,1038848.89,1556254.45,0,0
8,TRANSFER,47352.63,C1689732270,0.0,0.0,C323287038,1802526.38,2058343.75,0,0
8,CASH_OUT,154809.28,C2043101507,27158.0,0.0,C264843581,706052.76,909963.8,0,0
8,CASH_OUT,90382.76,C336951427,10203.0,0.0,C1359634401,0.0,90382.76,0,0
8,TRANSFER,218065.68,C827904108,11016.0,0.0,C1494727044,4589743.5,4807809.17,0,0
8,CASH_OUT,72694.97,C134023100,0.0,0.0,C207258326,274988.74,554667.75,0,0
8,CASH_OUT,617230.51,C940816032,0.0,0.0,C1320217924,1321973.7,2988080.45,0,0
8,CASH_OUT,184372.65,C2089581078,12197.0,0.0,C1883840933,25145899.97,25330272.63,0,0
8,CASH_OUT,448607.94,C1301151737,518587.0,69979.06,C830615916,0.0,354477.8,0,0
8,CASH_OUT,362340.89,C1039125481,23423.54,0.0,C1629911510,1286410.36,1925872.77,0,0
8,CASH_OUT,225360.15,C1798410591,31652.0,0.0,C624539461,47875.22,592819.21,0,0
8,TRANSFER,238069.45,C1555566594,21031.0,0.0,C386312539,4166343.94,4173293.65,0,0
8,TRANSFER,1250225.15,C1001704228,104189.0,0.0,C1535481925,0.0,750689.59,0,0
8,CASH_OUT,381425.17,C311737521,190619.0,0.0,C1873099533,0.0,325797.67,0,0
8,TRANSFER,739036.42,C345009807,153677.97,0.0,C51626955,0.0,1129092.65,0,0
8,CASH_OUT,34406.9,C400073178,51148.0,16741.1,C1320217924,1939204.21,2988080.45,0,0
8,CASH_OUT,121343.59,C801450492,217892.76,96549.18,C314337396,0.0,121343.59,0,0
8,CASH_OUT,299875.99,C1442039345,96549.18,0.0,C1419794148,4861474.1,4871037.9,0,0
8,CASH_OUT,408282.12,C133659428,0.0,0.0,C582320549,853935.25,1382676.85,0,0
8,CASH_OUT,47967.79,C64948928,0.0,0.0,C807247901,2215476.66,2080368.86,0,0
8,CASH_OUT,167889.07,C97733006,0.0,0.0,C1121453612,1610158.95,1975007.49,0,0
8,CASH_OUT,121975.5,C1314575691,0.0,0.0,C1355326338,530255.15,652230.65,0,0
8,CASH_OUT,167801.68,C1925757439,0.0,0.0,C1778300121,2921637.65,3089439.33,0,0
8,CASH_OUT,128155.81,C163198060,53470.72,0.0,C1155337528,37262.13,165417.94,0,0
8,CASH_OUT,220682.66,C1151244380,25179.0,0.0,C2031368275,252442.21,473124.86,0,0
8,TRANSFER,745332.64,C1587811612,1328941.92,583609.27,C256125761,475547.02,1319878.62,0,0
8,CASH_OUT,110263.92,C293476191,0.0,0.0,C481402298,8034472.99,8144736.91,0,0
8,TRANSFER,167042.43,C838853756,2594697.38,2427654.95,C840630839,0.0,167042.43,0,0
8,CASH_OUT,32715.42,C1637759035,2427654.95,2394939.52,C795982694,1414296.17,1556254.45,0,0
8,CASH_OUT,5751.19,C819527757,1304441.49,1298690.3,C390180783,542147.23,317466.87,0,0
8,CASH_OUT,94817.61,C179037306,53008.0,0.0,C2044792756,2243.01,97060.62,0,0
8,CASH_OUT,1730.07,C1161652996,18709.0,16978.93,C1820852843,405080.04,406810.11,0,0
8,CASH_OUT,62878.03,C283168749,12103.0,0.0,C1738973904,462716.22,807319.04,0,0
8,CASH_OUT,77263.85,C1978673729,0.0,0.0,C718262907,0.0,77263.85,0,0
8,TRANSFER,1777216.66,C1770441600,0.0,0.0,C1040847151,6492500.41,7984433.54,0,0
8,TRANSFER,2757923.53,C1204680959,0.0,0.0,C885951223,5125006.92,7882930.45,0,0
8,CASH_OUT,174949.11,C839476022,130293.15,0.0,C1917025677,63551.31,238500.41,0,0
8,CASH_OUT,166923.14,C646635159,359749.92,192826.79,C1554690148,0.0,166923.14,0,0
8,TRANSFER,668102.2,C1600330147,192826.79,0.0,C1660095722,3138580.06,3806682.25,0,0
8,TRANSFER,2098681.75,C1840308630,21226.0,0.0,C762570948,641680.33,3572459.17,0,0
8,CASH_OUT,67453.03,C1298812431,15954.0,0.0,C50060430,0.0,115077.73,0,0
8,CASH_OUT,20155.81,C92894094,1328.0,0.0,C82301410,62658.04,54397.66,0,0
8,CASH_OUT,368159.36,C1273608224,0.0,0.0,C294900736,389702.2,384446.11,0,0
8,CASH_OUT,116989.53,C2012655671,54874.0,0.0,C654971199,0.0,0.0,0,0
8,CASH_OUT,80704.2,C620634162,1170.0,0.0,C1272096944,0.0,385283.69,0,0
8,CASH_OUT,59150.79,C1774521830,20047.0,0.0,C911380925,288924.68,348075.46,0,0
8,CASH_OUT,150532.2,C1718377185,587186.71,436654.5,C1898885237,207210.15,357742.36,0,0
8,CASH_OUT,368485.64,C765093970,436654.5,68168.87,C2109236648,887884.14,1440213.37,0,0
8,CASH_OUT,124699.77,C488847332,68168.87,0.0,C1499383906,161392.74,412763.55,0,0
8,CASH_OUT,422953.15,C1693762935,0.0,0.0,C620638596,1375490.62,2220757.82,0,0
8,CASH_OUT,49560.21,C1623928922,0.0,0.0,C1494895909,968086.67,1362678.43,0,0
8,CASH_OUT,329948.48,C510467305,0.0,0.0,C36856762,668673.82,998622.3,0,0
8,CASH_OUT,252361.5,C443913431,0.0,0.0,C1966562224,319005.83,556885.26,0,0
8,CASH_OUT,287685.58,C1491608979,0.0,0.0,C893339434,1398835.65,1686521.23,0,0
8,CASH_OUT,184927.85,C1637390132,0.0,0.0,C1115240385,823311.05,1008238.91,0,0
8,CASH_OUT,290447.83,C392451514,0.0,0.0,C1857357520,389887.53,680335.36,0,0
8,CASH_OUT,75059.09,C562149549,0.0,0.0,C929286459,1453935.57,1528994.66,0,0
8,CASH_OUT,31519.66,C953996723,0.0,0.0,C179481608,53487.41,85007.07,0,0
8,CASH_OUT,85490.08,C500745387,0.0,0.0,C420398953,727942.31,963198.49,0,0
8,CASH_OUT,59063.69,C681872175,0.0,0.0,C157591472,449131.58,508195.26,0,0
8,CASH_OUT,21892.73,C72092230,0.0,0.0,C58333888,3747031.88,4173485.4,0,0
8,CASH_OUT,376548.56,C1524839985,0.0,0.0,C1060041730,16155483.6,16532032.16,0,0
8,CASH_OUT,157946.37,C29707354,0.0,0.0,C1931283804,481180.93,342802.07,0,0
8,CASH_OUT,64480.41,C229917374,0.0,0.0,C265184085,959561.55,567756.32,0,0
8,CASH_OUT,111568.94,C1775138676,0.0,0.0,C2072865894,258346.52,520068.82,0,0
8,CASH_OUT,170034.63,C710903490,0.0,0.0,C900425684,995436.93,1165471.56,0,0
8,CASH_OUT,5357.83,C30652495,0.0,0.0,C1966562224,571367.34,556885.26,0,0
8,CASH_OUT,313191.92,C777890681,0.0,0.0,C1515979807,11631660.98,12141425.39,0,0
8,CASH_OUT,103259.43,C884083729,0.0,0.0,C1007483565,103787.96,101388.35,0,0
8,CASH_OUT,46430.09,C1645077971,0.0,0.0,C146305349,652044.7,698474.8,0,0
8,CASH_OUT,83785.5,C2122332189,0.0,0.0,C447680780,155178.06,238963.55,0,0
8,CASH_OUT,174490.55,C1027949271,0.0,0.0,C2006081398,4568520.12,4743010.67,0,0
8,CASH_OUT,64974.5,C431166442,0.0,0.0,C2034460325,1300920.52,1365895.03,0,0
8,CASH_OUT,271500.57,C345853554,0.0,0.0,C1200417755,1140208.1,1411708.67,0,0
8,CASH_OUT,156320.39,C1797446700,0.0,0.0,C220766773,605572.44,148770.89,0,0
8,CASH_OUT,89605.93,C2087086181,0.0,0.0,C1040240917,216845.92,446719.23,0,0
8,CASH_OUT,83627.19,C2110462016,0.0,0.0,C2146610568,192518.12,276145.31,0,0
8,CASH_OUT,63425.62,C64694101,0.0,0.0,C1552859894,2954608.42,3018034.04,0,0
8,CASH_OUT,62219.66,C2128955582,0.0,0.0,C1628737580,813034.44,875254.1,0,0
8,TRANSFER,1813989.65,C823075399,4706735.19,2892745.54,C111636207,286977.47,3763219.68,0,0
8,CASH_OUT,260965.28,C2051373719,3077.0,0.0,C1297804967,60933.3,321898.58,0,0
8,CASH_OUT,471111.77,C2026557905,0.0,0.0,C1373467808,560501.98,1031613.74,0,0
8,CASH_OUT,33222.03,C1114161126,2562010.66,2528788.63,C1203094087,187130.93,375835.62,0,0
8,TRANSFER,45419.24,C1298785325,14882.0,0.0,C2030816292,209551.09,0.0,0,0
8,CASH_OUT,215837.61,C677874037,21442.0,0.0,C1232925466,884960.84,1100798.45,0,0
8,CASH_OUT,8434.08,C2035219699,30065.0,21630.92,C1562946595,0.0,0.0,0,0
8,TRANSFER,567469.05,C365689272,20538.0,0.0,C2100440237,36786.9,835171.69,0,0
8,CASH_OUT,41335.88,C1506011769,638361.43,597025.56,C539486713,8729814.6,8771150.48,0,0
8,CASH_OUT,22935.33,C1859547112,597025.56,574090.22,C890123495,30173.0,181113.41,0,0
8,TRANSFER,579263.13,C538695536,0.0,0.0,C1655039175,123970.97,770625.63,0,0
8,TRANSFER,1656886.99,C852957368,0.0,0.0,C1888439681,1819368.3,3476255.29,0,0
8,CASH_OUT,191289.18,C1567440638,100578.0,0.0,C101571284,0.0,191289.18,0,0
8,CASH_OUT,113142.29,C119323423,20955.0,0.0,C487219656,201054.99,314197.28,0,0
8,TRANSFER,2553307.07,C1198838728,0.0,0.0,C54142591,3532076.18,6085383.25,0,0
8,TRANSFER,426154.73,C626154618,0.0,0.0,C1220911229,2036704.55,2261741.99,0,0
8,TRANSFER,53326.93,C136778400,91850.18,38523.24,C1001367899,76456.01,129782.95,0,0
8,CASH_OUT,234691.3,C1067531858,38523.24,0.0,C97730845,22770694.11,23005385.41,0,0
8,CASH_OUT,344355.09,C1645589532,91837.0,0.0,C1608303998,0.0,344355.09,0,0
8,CASH_OUT,36433.3,C91989438,10019.0,0.0,C2094708332,76889.6,0.0,0,0
8,CASH_OUT,109466.82,C1555063271,21133.0,0.0,C1246471431,0.0,109466.82,0,0
8,CASH_OUT,104674.85,C581484909,1750.0,0.0,C922062853,21642.0,163934.23,0,0
8,CASH_OUT,158184.1,C1790761524,18468.0,0.0,C893548422,10910.63,169094.74,0,0
8,TRANSFER,653333.89,C242998695,29863.0,0.0,C1859965144,345021.12,998355.01,0,0
8,CASH_OUT,180142.44,C1928759740,5116.0,0.0,C1729984625,0.0,180142.44,0,0
8,TRANSFER,214308.48,C14126182,55642.0,0.0,C1688894003,6047.86,172477.63,0,0
8,CASH_OUT,101777.93,C271963809,19852.0,0.0,C155439298,148142.68,119022.01,0,0
8,TRANSFER,1959224.32,C13377673,283941.83,0.0,C382329720,2035.45,1961259.77,0,0
8,CASH_OUT,180564.98,C998175115,1226.0,0.0,C1645373790,0.0,180564.98,0,0
8,TRANSFER,890354.06,C265288246,19670.0,0.0,C216084411,195078.43,857333.79,0,0
8,TRANSFER,584480.9,C25929289,1629796.18,1045315.28,C1871196571,773127.39,916711.74,0,0
8,CASH_OUT,234781.06,C2043823331,40209.0,0.0,C1217639236,3646.3,228728.22,0,0
8,CASH_OUT,76547.52,C1521140851,21114.0,0.0,C168903628,5118.39,81665.9,0,0
8,CASH_OUT,52709.43,C497438863,1121713.58,1069004.15,C757003004,155352.3,0.0,0,0
8,CASH_OUT,144529.49,C1554875572,45828.0,0.0,C2145942542,81654.81,226184.3,0,0
8,CASH_OUT,21485.59,C943685066,30790.0,9304.41,C381605910,30450.26,759872.18,0,0
8,CASH_OUT,143049.13,C1920274565,15532.0,0.0,C111391237,0.0,143049.13,0,0
8,CASH_OUT,120837.07,C891179075,214715.53,93878.45,C2036368507,186015.31,597520.72,0,0
8,TRANSFER,999529.08,C756483079,27358.0,0.0,C2087040347,0.0,1437775.77,0,0
8,CASH_OUT,334598.38,C574644716,796429.0,461830.62,C1923206317,1074537.28,1805166.52,0,0
8,CASH_OUT,251068.29,C44576619,311846.0,60777.71,C1616253157,0.0,3770.33,0,0
8,CASH_OUT,180505.32,C1134812776,104374.0,0.0,C1799068185,0.0,180505.32,0,0
8,TRANSFER,1472463.84,C641821475,326973.36,0.0,C1759482496,1244938.01,2912335.58,0,0
8,CASH_OUT,447101.22,C237900883,0.0,0.0,C1988852187,1374712.43,2232864.41,0,0
8,CASH_OUT,81362.71,C657217224,48312.0,0.0,C1036454560,1179360.99,0.0,0,0
8,TRANSFER,1296952.74,C1941030617,38355.11,0.0,C1320217924,1733565.64,2988080.45,0,0
8,CASH_OUT,213836.63,C1150759062,259566.0,45729.37,C1249000159,60760.95,549159.08,0,0
8,CASH_OUT,337008.16,C1513987681,3549.0,0.0,C1262822392,22469040.18,22641471.24,0,0
8,TRANSFER,2122141.21,C528237938,0.0,0.0,C1311325237,3343259.41,5465400.62,0,0
8,CASH_OUT,132860.77,C404926034,141814.97,8954.2,C1674513830,0.0,205491.03,0,0
8,CASH_OUT,20506.43,C1693014960,3173.0,0.0,C1076835071,1927894.73,2161457.75,0,0
8,TRANSFER,231689.01,C1622890907,480.0,0.0,C824208363,203792.03,435481.04,0,0
8,TRANSFER,3520997.05,C1893847755,245038.58,0.0,C257999182,11207460.83,14960679.69,0,0
8,CASH_OUT,71069.18,C1275865096,6707.0,0.0,C2102549317,1440973.09,1512042.27,0,0
8,TRANSFER,712379.44,C1219933880,14073.0,0.0,C635371680,128630.29,841009.73,0,0
8,CASH_OUT,353318.95,C1796171410,10096.0,0.0,C1889395764,15588520.13,15766279.1,0,0
8,CASH_OUT,115148.73,C784604201,261077.57,145928.83,C801965910,0.0,115148.73,0,0
8,TRANSFER,2871902.35,C1047512213,145928.83,0.0,C667346055,14241673.04,17132106.53,0,0
8,CASH_OUT,78368.63,C998860117,5780.0,0.0,C2068216232,0.0,78368.63,0,0
8,CASH_OUT,89749.79,C1890615594,294.0,0.0,C14057327,0.0,89749.79,0,0
8,CASH_OUT,547158.11,C2139800358,10196.0,0.0,C1188392295,115024.76,662182.87,0,0
8,CASH_OUT,81696.62,C2133297568,159104.31,77407.69,C1977614404,98372.63,180069.25,0,0
8,TRANSFER,23424.01,C490255457,7135.0,0.0,C2142748198,0.0,23424.01,0,0
8,TRANSFER,621382.16,C647859173,79975.0,0.0,C1036454560,1260723.7,0.0,0,0
8,TRANSFER,1081187.82,C1581592430,10653.0,0.0,C1345463476,0.0,1081187.82,0,0
8,CASH_OUT,279502.48,C1677834404,26373.0,0.0,C1937962514,990420.69,1581311.49,0,0
8,TRANSFER,1947575.31,C1467481459,10942.0,0.0,C345603257,7970054.46,9917629.77,0,0
8,TRANSFER,2193044.98,C139783443,52.0,0.0,C1137371968,41591.0,1992418.17,0,0
8,CASH_OUT,93023.92,C1203957984,32162.0,0.0,C1360243494,0.0,93023.92,0,0
8,CASH_OUT,353636.6,C1303227191,2338.0,0.0,C1457383927,32466.34,242997.39,0,0
8,CASH_OUT,469980.76,C594013754,11791.0,0.0,C428183334,0.0,52845.64,0,0
8,TRANSFER,2097231.32,C1668692298,11772.0,0.0,C426416592,1374.0,2151663.79,0,0
8,TRANSFER,352678.6,C1472602350,1036.0,0.0,C1195378184,420014.29,1613158.27,0,0
8,TRANSFER,238540.97,C994413185,91408.0,0.0,C320737482,1233.0,0.0,0,0
8,CASH_OUT,263983.65,C1920471632,504.0,0.0,C594250212,7154.3,183397.84,0,0
8,CASH_OUT,32570.02,C982086602,167.0,0.0,C1406293991,0.0,32570.02,0,0
8,TRANSFER,823651.52,C827029033,20628.0,0.0,C1554282047,0.0,782516.7,0,0
8,TRANSFER,140522.54,C1622171019,44309.0,0.0,C1327282178,29277.62,169800.16,0,0
8,CASH_OUT,47930.29,C1896352713,57826.0,9895.71,C381605910,51935.85,759872.18,0,0
8,CASH_OUT,266963.44,C519800398,0.0,0.0,C1475998599,1019409.0,1286372.45,0,0
8,TRANSFER,145425.45,C10780026,83819.0,0.0,C1022023283,0.0,145425.45,0,0
8,CASH_OUT,61909.06,C23989627,5052.0,0.0,C643996026,0.0,38124.05,0,0
8,CASH_OUT,80883.64,C1245528875,0.0,0.0,C1487669283,2269079.27,2349962.91,0,0
8,CASH_OUT,307673.23,C1393337316,81970.41,0.0,C1526234185,0.0,1988789.36,0,0
8,TRANSFER,555198.9,C311014271,21489.0,0.0,C1144070975,82304.61,1208114.6,0,0
8,CASH_OUT,62116.36,C621936899,282860.0,220743.64,C383371416,0.0,62116.36,0,0
8,TRANSFER,928142.7,C2107611108,656.0,0.0,C751413576,0.0,928142.7,0,0
8,TRANSFER,582439.11,C1635082429,72833.0,0.0,C1210002123,180847.04,866080.52,0,0
8,CASH_OUT,41695.16,C1428980015,15867.0,0.0,C124017533,12418.84,0.0,0,0
8,CASH_OUT,119502.47,C1955880107,30022.0,0.0,C1129670968,22269.36,141771.83,0,0
8,TRANSFER,1090957.69,C1270730507,874068.69,0.0,C798678484,2158647.21,3249604.9,0,0
8,TRANSFER,2931734.97,C1190674033,0.0,0.0,C2109470512,3716898.0,6787849.45,0,0
8,TRANSFER,2696529.49,C1574103246,0.0,0.0,C2032924554,3709415.68,6561493.61,0,0
8,TRANSFER,1073313.33,C1502920746,0.0,0.0,C1802632685,1216819.54,2290132.87,0,0
8,TRANSFER,1123900.09,C2096400772,0.0,0.0,C1636786811,13461485.41,14456269.9,0,0
8,TRANSFER,178352.95,C2079865821,0.0,0.0,C1785910017,196948.06,375301.01,0,0
8,TRANSFER,1509461.84,C832977140,0.0,0.0,C1768641212,2345808.71,3922199.3,0,0
8,TRANSFER,955158.91,C1313614714,0.0,0.0,C1255024717,16011757.32,17020715.36,0,0
8,TRANSFER,1265278.14,C371991454,0.0,0.0,C1105527690,2570532.61,3518763.02,0,0
8,TRANSFER,406089.1,C749786197,0.0,0.0,C716442925,2150961.09,4271358.73,0,0
8,TRANSFER,301725.74,C743520431,0.0,0.0,C17820769,307167.86,1002763.13,0,0
8,TRANSFER,438246.69,C65655204,0.0,0.0,C2087040347,999529.08,1437775.77,0,0
8,TRANSFER,326900.78,C1957569172,0.0,0.0,C289045778,372261.13,699161.9,0,0
8,TRANSFER,61275.19,C1586909736,0.0,0.0,C1511785794,2028361.32,1949682.33,0,0
8,TRANSFER,248176.88,C2074582293,0.0,0.0,C346008447,557042.11,1248456.29,0,0
8,TRANSFER,200838.49,C906889012,0.0,0.0,C1320515149,1100127.97,1643201.26,0,0
8,TRANSFER,150153.36,C858860003,0.0,0.0,C2072865894,369915.46,520068.82,0,0
8,TRANSFER,255049.62,C1599748799,0.0,0.0,C679235222,3508085.54,3763135.16,0,0
8,TRANSFER,139559.62,C408046452,0.0,0.0,C861720625,1609062.16,1752674.41,0,0
8,TRANSFER,9600.02,C1587796205,0.0,0.0,C1047634424,16804.47,113199.95,0,0
8,CASH_OUT,96321.65,C1932926761,51428.0,0.0,C1329589315,615608.47,711930.13,0,0
8,CASH_OUT,3678.47,C1167142123,83456.0,79777.53,C68113386,12095429.88,12099108.35,0,0
8,TRANSFER,1681116.13,C601743032,115841.0,0.0,C1526234185,307673.23,1988789.36,0,0
8,CASH_OUT,324715.92,C437467447,62499.0,0.0,C1871689990,0.0,216345.07,0,0
8,TRANSFER,481580.77,C276224709,4607.0,0.0,C2145961947,1287155.13,1892961.13,0,0
8,CASH_OUT,407668.47,C1548503636,21449.0,0.0,C1727331144,510448.01,836885.7,0,0
8,TRANSFER,687688.66,C1539065919,125342.0,0.0,C1162775738,0.0,956238.13,0,0
8,CASH_OUT,104309.61,C473997166,499874.0,395564.39,C1162775738,687688.66,956238.13,0,0
8,CASH_OUT,231647.76,C672445113,21038.0,0.0,C596299019,786587.82,644344.55,0,0
8,CASH_OUT,19274.56,C68929727,32139.0,12864.44,C22448303,161187.47,1909260.34,0,0
8,CASH_OUT,75894.47,C812668950,12864.44,0.0,C362966988,838728.63,1227757.91,0,0
8,CASH_OUT,579003.89,C449874621,113169.57,0.0,C285527187,1149659.36,1728663.24,0,0
8,TRANSFER,1789970.35,C1665558742,20463.0,0.0,C1950696591,0.0,1789970.35,0,0
8,CASH_OUT,225762.08,C1931918316,5656.0,0.0,C1569007457,186274.85,412036.93,0,0
8,TRANSFER,745920.14,C1376896268,22920.0,0.0,C1788961047,0.0,988838.58,0,0
8,CASH_OUT,482458.56,C1114592041,11659.0,0.0,C1219273867,2922190.98,3650961.01,0,0
8,CASH_OUT,330790.84,C566831928,0.0,0.0,C1923206317,1409135.65,1805166.52,0,0
8,CASH_OUT,165612.91,C424931967,1691.0,0.0,C1498878963,0.0,166715.56,0,0
8,CASH_OUT,9658.45,C2108798835,4569.0,0.0,C774480275,0.0,0.0,0,0
8,CASH_OUT,153090.82,C1609891958,0.0,0.0,C1958390694,871223.05,0.0,0,0
8,CASH_OUT,33822.85,C731801127,0.0,0.0,C2083562754,17724952.63,18123750.85,0,0
8,CASH_OUT,350440.17,C1875684926,0.0,0.0,C408304912,2576735.32,3158225.46,0,0
8,CASH_OUT,309293.84,C523671195,0.0,0.0,C2077672286,610537.76,1071587.01,0,0
8,CASH_OUT,466474.97,C1748489147,0.0,0.0,C266912553,1955869.69,2580927.41,0,0
8,CASH_OUT,415094.57,C817905604,0.0,0.0,C874023329,3124482.7,3539577.27,0,0
8,CASH_OUT,334320.5,C989317820,0.0,0.0,C381390837,515383.47,1353134.08,0,0
8,CASH_OUT,164062.34,C299761975,0.0,0.0,C1536044711,200916.68,364979.01,0,0
8,CASH_OUT,190957.64,C1193456316,0.0,0.0,C1749476584,2198094.42,2294866.91,0,0
8,CASH_OUT,342360.54,C1991084931,0.0,0.0,C476800120,1253238.24,1595598.78,0,0
8,CASH_OUT,32414.17,C1921715648,0.0,0.0,C1379289710,574624.77,1820155.85,0,0
8,CASH_OUT,48432.44,C322796831,0.0,0.0,C1756877039,176984.84,225417.28,0,0
8,CASH_OUT,41188.03,C1096321686,0.0,0.0,C2050019814,1945648.45,2128938.2,0,0
8,CASH_OUT,45139.76,C1538515117,0.0,0.0,C1515704208,15287990.06,15505523.11,0,0
8,CASH_OUT,113676.96,C1912341270,0.0,0.0,C434091818,234678.62,348355.58,0,0
8,CASH_OUT,150663.23,C156323251,0.0,0.0,C1847509784,351811.41,502474.64,0,0
8,CASH_OUT,98998.96,C215509557,0.0,0.0,C256125761,1220879.67,1319878.62,0,0
8,CASH_OUT,100608.62,C1219122571,0.0,0.0,C655391383,159210.17,303787.15,0,0
8,CASH_OUT,135389.1,C1499405115,0.0,0.0,C1389405694,1602961.13,1738350.23,0,0
8,CASH_OUT,25740.68,C1516300662,0.0,0.0,C202149782,240689.98,48250.74,0,0
8,CASH_OUT,206879.54,C354859469,0.0,0.0,C1136186114,269294.86,473434.13,0,0
8,CASH_OUT,256013.39,C263893231,0.0,0.0,C1023535667,1099324.17,1355337.56,0,0
8,CASH_OUT,388788.29,C773711072,0.0,0.0,C184253187,9207330.79,10206620.58,0,0
8,CASH_OUT,74742.28,C1944814348,0.0,0.0,C720759478,7987235.2,8118536.09,0,0
8,CASH_OUT,529774.1,C1394848877,0.0,0.0,C314245922,764484.8,1294258.89,0,0
8,CASH_OUT,274048.89,C155470638,0.0,0.0,C295081230,1604348.55,1679841.2,0,0
8,CASH_OUT,89268.2,C1212126210,0.0,0.0,C214774813,22510156.81,22638306.95,0,0
8,CASH_OUT,274862.17,C1742966250,0.0,0.0,C2078448324,428454.0,703316.17,0,0
8,CASH_OUT,39709.43,C690871719,0.0,0.0,C1220897602,10349194.78,10388904.22,0,0
8,CASH_OUT,204501.39,C35389079,0.0,0.0,C776404949,266256.99,50199.24,0,0
8,CASH_OUT,225838.88,C909174098,0.0,0.0,C510382951,628503.72,975636.19,0,0
8,CASH_OUT,169970.4,C1304928931,0.0,0.0,C381390837,849703.96,1353134.08,0,0
8,CASH_OUT,233284.14,C172007001,0.0,0.0,C75457651,420954.76,323253.31,0,0
8,CASH_OUT,167903.98,C1467098816,0.0,0.0,C352202338,316915.6,484819.58,0,0
8,CASH_OUT,61213.17,C1717125897,0.0,0.0,C1058664855,373907.02,0.0,0,0
8,CASH_OUT,287908.85,C377169883,0.0,0.0,C891020651,5524353.52,5812262.37,0,0
8,CASH_OUT,170518.62,C407359771,0.0,0.0,C1673971173,572170.07,742688.69,0,0
8,CASH_OUT,163366.88,C1590014197,0.0,0.0,C1198167820,211647.48,375014.35,0,0
8,CASH_OUT,460274.58,C1915281711,0.0,0.0,C746359178,1332736.51,1793011.1,0,0
8,CASH_OUT,316914.95,C1025660238,0.0,0.0,C2116802101,870855.2,1187770.16,0,0
8,CASH_OUT,44991.14,C466326776,0.0,0.0,C607702142,476516.56,11475.36,0,0
8,CASH_OUT,64328.73,C1752878444,0.0,0.0,C590842329,81644.01,145972.74,0,0
8,CASH_OUT,176816.71,C1567516885,0.0,0.0,C1515979807,11944852.9,12141425.39,0,0
8,CASH_OUT,130100.0,C1925832211,0.0,0.0,C175382361,208441.28,338541.28,0,0
8,CASH_OUT,23286.39,C904067302,0.0,0.0,C515442419,63866.89,87153.28,0,0
8,CASH_OUT,99511.21,C198005403,0.0,0.0,C921424481,112770.87,212282.08,0,0
8,CASH_OUT,57582.65,C625716215,0.0,0.0,C1734649556,1211176.6,1047835.63,0,0
8,CASH_OUT,246814.59,C432984075,0.0,0.0,C1760872167,2190147.01,2114173.93,0,0
8,CASH_OUT,178171.8,C994651676,0.0,0.0,C842729010,5113045.24,5291217.05,0,0
8,CASH_OUT,220070.73,C1525807716,0.0,0.0,C1727331144,918116.48,836885.7,0,0
8,CASH_OUT,19755.78,C580773598,0.0,0.0,C1515979807,12121669.61,12141425.39,0,0
8,CASH_OUT,67391.52,C1295791118,0.0,0.0,C1655039175,703234.1,770625.63,0,0
8,CASH_OUT,100045.95,C1064815227,0.0,0.0,C593210287,2658968.72,2724575.25,0,0
8,CASH_OUT,38881.93,C1778398507,0.0,0.0,C214774813,22599425.02,22638306.95,0,0
8,CASH_OUT,220175.13,C669418915,0.0,0.0,C143580560,1329263.28,1475853.11,0,0
8,CASH_OUT,189885.79,C198596885,0.0,0.0,C1684776894,248877.01,553715.73,0,0
8,CASH_OUT,182252.04,C175341062,0.0,0.0,C406477119,857675.68,1879210.25,0,0
8,CASH_OUT,382175.45,C1639037710,0.0,0.0,C1653433120,392207.95,774383.4,0,0
8,CASH_OUT,1565.02,C1919541510,0.0,0.0,C218193338,447957.31,449522.32,0,0
8,CASH_OUT,128453.42,C1263403183,0.0,0.0,C728885526,489005.01,608211.84,0,0
8,CASH_OUT,306223.8,C1516029070,0.0,0.0,C914293025,2449040.8,2755264.61,0,0
8,CASH_OUT,77572.4,C920222976,0.0,0.0,C1210180003,1133205.3,1313362.94,0,0
8,CASH_OUT,55598.96,C193317644,0.0,0.0,C1692142175,714768.13,963726.26,0,0
8,CASH_OUT,99182.66,C821426603,0.0,0.0,C954697228,1762261.94,1861444.59,0,0
8,CASH_OUT,393869.53,C212939663,0.0,0.0,C17820769,608893.6,1002763.13,0,0
8,CASH_OUT,97938.61,C1904049764,0.0,0.0,C1360767589,17996011.92,18482735.85,0,0
8,CASH_OUT,89984.5,C1418008300,0.0,0.0,C1189861498,832497.7,922482.19,0,0
8,TRANSFER,410676.79,C1260557686,60733.0,0.0,C519458373,0.0,410676.79,0,0
8,TRANSFER,1247364.27,C1317731030,488773.36,0.0,C284399568,0.0,1490182.95,0,0
8,CASH_OUT,238606.61,C1411265341,0.0,0.0,C1249000159,274597.58,549159.08,0,0
8,TRANSFER,415783.95,C1858329617,155402.0,0.0,C302870502,0.0,415783.95,0,0
8,CASH_OUT,121242.71,C1625426496,6046.0,0.0,C1624533975,444648.71,394387.32,0,0
8,CASH_OUT,160958.53,C241833874,638.0,0.0,C1891412311,1255519.33,1416477.85,0,0
8,TRANSFER,1224760.92,C1346296098,0.0,0.0,C1508456612,2394939.52,5975262.38,0,0
8,CASH_OUT,323948.59,C265867999,671212.35,347263.76,C703957828,4003980.47,4327929.06,0,0
8,CASH_OUT,136092.98,C1548690520,313568.0,177475.02,C439917369,1367435.26,1503528.24,0,0
8,CASH_OUT,83422.02,C628781262,116.0,0.0,C495071437,115138.83,48172.64,0,0
8,CASH_OUT,212636.8,C1751653484,22485.0,0.0,C1196307684,0.0,1779906.29,0,0
8,TRANSFER,1705837.79,C70985074,36685.0,0.0,C815264031,0.0,1870661.12,0,0
8,TRANSFER,1066457.09,C1543244353,91526.0,0.0,C1479450980,0.0,1708305.51,0,0
8,CASH_OUT,206341.69,C629727099,2152.0,0.0,C1316198760,71698.9,325657.17,0,0
8,CASH_OUT,76795.14,C698167769,712150.58,635355.44,C922062853,87139.09,163934.23,0,0
8,TRANSFER,896163.31,C1203332558,0.0,0.0,C1409342334,0.0,896163.31,0,0
8,CASH_OUT,124384.23,C1985374513,0.0,0.0,C721267591,1310730.97,1690430.48,0,0
8,CASH_OUT,142111.2,C898813899,0.0,0.0,C127252077,167725.99,309837.2,0,0
8,CASH_OUT,160917.48,C1378378816,486.0,0.0,C1379031360,4039482.49,4200399.97,0,0
8,CASH_OUT,318915.85,C95048830,51159.87,0.0,C46748390,1867962.18,2090579.27,0,0
8,CASH_OUT,10886.35,C412972260,20481.0,9594.65,C1266035080,3221719.69,3232606.04,0,0
8,CASH_OUT,174388.56,C980154185,574.0,0.0,C803116137,23335708.83,23768107.88,0,0
8,TRANSFER,20272.87,C2134889017,10660.0,0.0,C602874477,978704.24,998977.12,0,0
8,TRANSFER,1728798.3,C1822019889,14503.0,0.0,C22448303,180462.04,1909260.34,0,0
8,CASH_OUT,260037.68,C583730267,72847.0,0.0,C1002407179,0.0,260037.68,0,0
8,CASH_OUT,51130.3,C1590650105,186.0,0.0,C49191134,394.0,51524.3,0,0
8,CASH_OUT,120561.63,C1156544138,33968.0,0.0,C1653859230,1457278.24,1878150.67,0,0
8,TRANSFER,317956.77,C926300646,142470.57,0.0,C1796712971,1195459.27,1513416.04,0,0
8,CASH_OUT,301146.81,C1130651253,20507.0,0.0,C1246370163,0.0,301146.81,0,0
8,CASH_OUT,350733.21,C249835352,129881.1,0.0,C132379888,278413.97,629147.18,0,0
8,CASH_OUT,169915.45,C1871859463,0.0,0.0,C1638543071,338346.37,508261.82,0,0
8,CASH_OUT,5025.41,C2124649907,812568.0,807542.59,C1909597726,459413.35,494709.81,0,0
8,CASH_OUT,304658.79,C1148500069,52012.0,0.0,C257884050,354385.48,659044.27,0,0
8,CASH_OUT,575496.99,C308075014,125868.0,0.0,C804836251,0.0,575496.99,0,0
8,TRANSFER,1740573.4,C1457199877,2015.0,0.0,C1448947115,0.0,1740573.4,0,0
8,CASH_OUT,238000.49,C975387525,4836.0,0.0,C290945720,217891.79,455892.27,0,0
8,TRANSFER,1207397.19,C1056381974,578.0,0.0,C173247103,144938.32,1201494.14,0,0
8,CASH_OUT,199392.34,C2068095376,41493.0,0.0,C1453128758,137384.84,336777.18,0,0
8,CASH_OUT,58778.33,C1534435611,10447.0,0.0,C232834050,96713.62,155491.95,0,0
8,CASH_OUT,202205.22,C1533677455,1124.0,0.0,C1216911343,0.0,202205.22,0,0
8,TRANSFER,769328.51,C942858132,21682.0,0.0,C1916873789,35966.25,805294.76,0,0
8,CASH_OUT,6399.47,C1077032396,20979.0,14579.53,C1826598423,0.0,6399.47,0,0
8,CASH_OUT,229989.75,C1487569922,36102.0,0.0,C2113748097,1179744.51,1409734.26,0,0
8,TRANSFER,176568.44,C153542996,60575.0,0.0,C346008447,805219.0,1248456.29,0,0
8,CASH_OUT,307259.51,C358564730,1400583.31,1093323.8,C1219248641,1399465.75,1706725.26,0,0
8,TRANSFER,403926.43,C1124817934,6033.0,0.0,C1742506664,27256.0,118593.07,0,0
8,CASH_OUT,199231.0,C2024569397,351208.89,151977.89,C935808590,17602051.51,18381668.73,0,0
8,CASH_OUT,66742.99,C1633591810,151977.89,85234.9,C103357744,314744.89,381487.88,0,0
8,CASH_OUT,115314.72,C878947869,21607.02,0.0,C1923206317,1739926.5,1805166.52,0,0
8,CASH_OUT,379983.45,C2067708976,65687.0,0.0,C949483950,232070.68,612054.13,0,0
8,CASH_OUT,290982.05,C183726943,23032.0,0.0,C987060415,1504321.52,1795303.57,0,0
8,CASH_OUT,45334.58,C644209688,20113.0,0.0,C555334025,27451.66,72786.24,0,0
8,CASH_OUT,233568.16,C310990292,45597.0,0.0,C1805708874,0.0,233568.16,0,0
8,CASH_OUT,23871.92,C747899920,5153.95,0.0,C1882615733,0.0,23871.92,0,0
8,CASH_OUT,300310.8,C517187035,0.0,0.0,C1653859230,1577839.87,1878150.67,0,0
8,CASH_OUT,400263.34,C151721238,0.0,0.0,C1945802665,1071681.81,1471945.15,0,0
8,CASH_OUT,204468.19,C1156530932,264930.53,60462.35,C1849941462,2250917.2,2455385.38,0,0
8,TRANSFER,907668.06,C1084794406,11491.0,0.0,C1401721023,225710.32,1602681.63,0,0
8,CASH_OUT,284788.32,C1704651843,596869.0,312080.68,C2007792854,254882.02,539670.33,0,0
8,TRANSFER,699815.82,C617954093,22275.0,0.0,C298492445,3182370.23,4183083.93,0,0
8,CASH_OUT,55044.74,C231834415,5060.0,0.0,C2141140246,0.0,55044.74,0,0
8,CASH_OUT,127539.58,C465046288,11805.0,0.0,C1934634055,347263.76,474803.34,0,0
8,TRANSFER,521602.52,C345130405,51857.0,0.0,C1526542158,28357.09,0.0,0,0
8,TRANSFER,473328.79,C616239059,35611.08,0.0,C204540579,0.0,629458.05,0,0
8,CASH_OUT,411050.76,C1421991896,215170.8,0.0,C1988852187,1821813.65,2232864.41,0,0
8,CASH_OUT,315124.34,C108024304,0.0,0.0,C1531514206,435842.75,1343508.04,0,0
8,TRANSFER,502892.15,C845694056,31252.0,0.0,C701855966,0.0,502892.15,0,0
8,CASH_OUT,22365.58,C1444285046,110940.73,88575.14,C747869108,139134.59,489216.58,0,0
8,CASH_OUT,287854.18,C640507864,88575.14,0.0,C715819458,795476.1,926737.45,0,0
8,CASH_OUT,13312.97,C1718594852,0.0,0.0,C627421335,0.0,13312.97,0,0
8,CASH_OUT,57412.52,C85640913,106744.0,49331.48,C578599557,24600.91,82013.43,0,0
8,CASH_OUT,143805.45,C292314106,997393.23,853587.78,C414205222,332836.88,476642.33,0,0
8,TRANSFER,252002.23,C996004693,22382.0,0.0,C1897193207,34090.16,145100.2,0,0
8,CASH_OUT,519073.16,C195763721,133060.0,0.0,C1877453512,102069.03,661817.14,0,0
8,TRANSFER,586095.18,C1517945677,166743.0,0.0,C1066166621,34667.86,938357.62,0,0
8,CASH_OUT,127429.96,C676753114,305699.0,178269.04,C903028779,0.0,127429.96,0,0
8,CASH_OUT,406462.07,C28437386,1086417.73,679955.66,C191614132,1808699.27,2122191.07,0,0
8,CASH_OUT,104624.53,C190574746,31916.0,0.0,C54274682,175719.11,280343.64,0,0
8,CASH_OUT,31113.76,C1750986636,32261.0,1147.24,C1062630352,72755.0,103868.76,0,0
8,TRANSFER,1185179.07,C487443711,116569.0,0.0,C2116153614,0.0,2149801.99,0,0
8,CASH_OUT,205072.26,C1650494422,138272.6,0.0,C1630293008,1032431.84,1237504.1,0,0
8,CASH_OUT,28662.22,C1232297768,0.0,0.0,C645187727,183857.47,503076.8,0,0
8,TRANSFER,330947.87,C492401724,9191.0,0.0,C1027043112,0.0,330947.87,0,0
8,CASH_OUT,195781.2,C1057565341,69822.5,0.0,C1782580546,72033.73,267814.92,0,0
8,CASH_OUT,80074.58,C1993693758,0.0,0.0,C1382034610,209855.83,0.0,0,0
8,CASH_OUT,318956.91,C1906735692,0.0,0.0,C1161865950,1896359.93,2076683.64,0,0
8,CASH_OUT,263543.94,C579492026,0.0,0.0,C408304912,2894681.52,3158225.46,0,0
8,CASH_OUT,168496.44,C1419891636,0.0,0.0,C623476050,6011589.13,6180085.57,0,0
8,CASH_OUT,237684.5,C142174132,0.0,0.0,C1357984916,947931.83,1185616.33,0,0
8,CASH_OUT,146405.6,C1246693613,0.0,0.0,C895798008,434941.07,581346.67,0,0
8,CASH_OUT,246311.46,C988858006,0.0,0.0,C1529115495,2709872.33,2956183.79,0,0
8,CASH_OUT,85125.37,C1612094991,0.0,0.0,C881662115,220262.49,305387.86,0,0
8,CASH_OUT,38630.7,C596709758,0.0,0.0,C2129901484,184619.94,223250.64,0,0
8,CASH_OUT,91158.21,C296447361,0.0,0.0,C1104197405,2441544.42,2532702.62,0,0
8,CASH_OUT,2035.0,C760466772,0.0,0.0,C1738994372,153604.7,118893.05,0,0
8,CASH_OUT,170562.48,C2036455447,0.0,0.0,C147647618,809834.38,980396.86,0,0
8,CASH_OUT,53087.56,C1380986020,0.0,0.0,C1157297801,80265.22,6008.17,0,0
8,CASH_OUT,133873.7,C408781834,0.0,0.0,C437747500,234371.18,209542.79,0,0
8,CASH_OUT,283005.73,C727171896,0.0,0.0,C448155494,1168235.52,1451241.25,0,0
8,CASH_OUT,174441.92,C1551963941,0.0,0.0,C762570948,2740362.08,3572459.17,0,0
8,CASH_OUT,34267.91,C258422045,0.0,0.0,C1207946845,1044736.54,1079004.45,0,0
8,CASH_OUT,28226.27,C2070846767,0.0,0.0,C161140376,137896.41,166122.68,0,0
8,CASH_OUT,64986.75,C1849024377,0.0,0.0,C1167066016,1067089.12,641979.14,0,0
8,CASH_OUT,83925.63,C987354533,0.0,0.0,C1183572822,225161.01,309086.64,0,0
8,CASH_OUT,339074.43,C203477054,0.0,0.0,C522632546,871583.87,1210658.29,0,0
8,CASH_OUT,86758.28,C61383536,0.0,0.0,C2133732070,1295820.98,1382579.26,0,0
8,CASH_OUT,162569.54,C2079910735,74732.0,0.0,C26334874,1688858.3,2068039.37,0,0
8,TRANSFER,802994.82,C13347709,860785.56,57790.73,C815264031,1705837.79,1870661.12,0,0
8,TRANSFER,39148.77,C575979159,57790.73,18641.96,C1973538135,165724.68,204873.45,0,0
8,TRANSFER,962143.12,C1305186359,18641.96,0.0,C1295301356,9346580.4,10308723.52,0,0
8,TRANSFER,1624591.95,C1612419043,0.0,0.0,C716442925,2557050.19,4271358.73,0,0
8,TRANSFER,991206.08,C1029066974,0.0,0.0,C1482979717,1191950.08,2581338.81,0,0
8,TRANSFER,42261.63,C988930533,0.0,0.0,C871895680,107106.44,149368.06,0,0
8,TRANSFER,464557.45,C724210852,0.0,0.0,C2013854563,1602554.69,2506046.99,0,0
8,CASH_OUT,166189.16,C1377176240,252140.37,85951.21,C896393489,28617396.21,28783585.38,0,0
8,CASH_OUT,201584.56,C980657619,0.0,0.0,C1554540309,9034326.46,9235911.02,0,0
8,CASH_OUT,219441.06,C1481800615,0.0,0.0,C711496491,252813.79,472254.85,0,0
8,CASH_OUT,398544.49,C657730677,0.0,0.0,C1501701470,4202022.98,4463342.32,0,0
8,CASH_OUT,557190.61,C1281940622,0.0,0.0,C1778289781,1336897.03,1273292.81,0,0
8,CASH_OUT,466682.95,C1796384237,0.0,0.0,C531511436,539868.16,1230912.07,0,0
8,CASH_OUT,390056.23,C550925419,0.0,0.0,C51626955,739036.42,1129092.65,0,0
8,CASH_OUT,161254.23,C646427520,0.0,0.0,C732929236,803032.79,883141.75,0,0
8,CASH_OUT,74006.39,C746686322,0.0,0.0,C977993101,3522336.76,3373302.83,0,0
8,CASH_OUT,191574.48,C1388475074,0.0,0.0,C1036138670,274284.27,465858.75,0,0
8,CASH_OUT,184796.04,C1101275613,0.0,0.0,C500153041,590752.55,212257.37,0,0
8,CASH_OUT,67100.37,C1512341978,0.0,0.0,C1453795463,127608.29,194708.66,0,0
8,CASH_OUT,36964.29,C2059286523,0.0,0.0,C288106800,110928.39,147892.68,0,0
8,CASH_OUT,125964.25,C1001070092,0.0,0.0,C33524623,1333278.75,1459243.0,0,0
8,CASH_OUT,99100.57,C1533110893,0.0,0.0,C1263845074,563428.62,2486396.91,0,0
8,CASH_OUT,160444.63,C632621706,0.0,0.0,C1178471274,1858545.34,2096994.78,0,0
8,CASH_OUT,62092.26,C784326696,0.0,0.0,C849038219,1125334.05,1337271.15,0,0
8,CASH_OUT,111543.46,C1292353677,0.0,0.0,C1132146097,163327.74,0.0,0,0
8,CASH_OUT,515.8,C501606722,0.0,0.0,C1210315704,197234.7,197750.5,0,0
8,CASH_OUT,11199.14,C277434670,0.0,0.0,C1609979141,50780.0,53192.28,0,0
8,CASH_OUT,72660.74,C1105616311,0.0,0.0,C118648358,469874.64,948711.06,0,0
8,CASH_OUT,274670.86,C840367790,0.0,0.0,C1531333864,1416007.04,1754717.64,0,0
8,CASH_OUT,231478.49,C449321439,21768.0,0.0,C1044472558,131084.84,362563.33,0,0
8,CASH_OUT,88561.71,C1899030440,50650.0,0.0,C1336496959,0.0,88561.71,0,0
8,CASH_OUT,206996.75,C1705242056,14534.65,0.0,C1937962514,1269923.18,1581311.49,0,0
8,TRANSFER,973358.65,C1400572045,182217.0,0.0,C2008913953,0.0,973358.65,0,0
8,TRANSFER,1510655.04,C276149761,0.0,0.0,C1761353343,3759709.15,5270364.19,0,0
8,CASH_OUT,332596.07,C741918077,73296.0,0.0,C678651991,844561.55,1177157.62,0,0
8,TRANSFER,622479.08,C46942399,32114.0,0.0,C2116153614,1185179.07,2149801.99,0,0
8,CASH_OUT,50016.01,C1748334262,2211374.36,2161358.35,C1373130111,37172.51,87188.53,0,0
8,CASH_OUT,28545.54,C787942580,11444.0,0.0,C1803688302,0.0,28545.54,0,0
8,CASH_OUT,337776.13,C789316377,43595.27,0.0,C1570256460,8575491.8,9281535.44,0,0
8,CASH_OUT,121293.59,C1903868590,452514.24,331220.64,C510382951,854342.6,975636.19,0,0
8,CASH_OUT,16189.75,C1452098459,19488.0,3298.25,C897697267,0.0,442405.44,0,0
8,CASH_OUT,143043.82,C519351038,3298.25,0.0,C230816700,753735.78,896779.61,0,0
8,CASH_OUT,206984.05,C2100427296,355548.71,148564.66,C207258326,347683.71,554667.75,0,0
8,CASH_OUT,47576.23,C2060414421,178597.0,131020.77,C155169291,0.0,47576.23,0,0
8,TRANSFER,475845.11,C136786779,1896.0,0.0,C1516565803,20031.16,884079.08,0,0
8,CASH_OUT,78248.69,C828066955,527499.39,449250.7,C1711313768,0.0,78248.69,0,0
8,TRANSFER,457227.63,C925842661,449250.7,0.0,C465257140,1304185.86,1761413.49,0,0
8,TRANSFER,305992.32,C249481007,22479.0,0.0,C731253803,164090.61,470082.93,0,0
8,TRANSFER,811781.74,C985910917,120584.0,0.0,C1914772936,251.0,840628.91,0,0
8,TRANSFER,1846093.48,C1121747277,26674.0,0.0,C1508456612,3619700.45,5975262.38,0,0
8,TRANSFER,72388.53,C1880055240,239625.54,167237.01,C228669487,0.0,76706.37,0,0
8,CASH_OUT,28268.9,C178788278,47442.0,19173.1,C758750856,852937.29,945056.48,0,0
8,CASH_OUT,26977.32,C264087999,51117.0,24139.68,C638822140,0.0,26977.32,0,0
8,CASH_OUT,117399.21,C1148027260,2447424.28,2330025.08,C1346065207,34903.58,152302.79,0,0
8,CASH_OUT,167534.5,C349044722,6749.0,0.0,C1012785532,0.0,167534.5,0,0
8,CASH_OUT,126671.05,C715153962,99580.0,0.0,C1499383906,286092.5,412763.55,0,0
8,CASH_OUT,20915.26,C1374235363,42785.0,21869.74,C1525409936,101702.35,122617.61,0,0
8,CASH_OUT,11143.53,C1215168522,20738.0,9594.47,C865922491,481530.93,492674.45,0,0
8,CASH_OUT,156888.55,C739616151,646.0,0.0,C418902856,0.0,156888.55,0,0
8,CASH_OUT,238560.35,C348360271,158.0,0.0,C194988831,0.0,244919.41,0,0
8,CASH_OUT,156129.83,C1423117309,32052.0,0.0,C803793969,0.0,156129.83,0,0
8,CASH_OUT,235111.83,C1581247137,16575.0,0.0,C2100440237,554297.75,835171.69,0,0
8,CASH_OUT,27956.1,C1418946506,66197.0,38240.9,C624539461,273235.37,592819.21,0,0
8,CASH_OUT,196685.26,C1987164036,573157.25,376471.99,C1790657739,508793.94,705479.2,0,0
8,CASH_OUT,102098.57,C963086069,85085.0,0.0,C805898248,154282.19,256380.76,0,0
8,CASH_OUT,64687.56,C367602319,626350.62,561663.06,C2043975568,0.0,64687.56,0,0
8,CASH_OUT,14021.44,C1886346666,1876657.62,1862636.18,C1269605689,566806.66,580828.11,0,0
8,CASH_OUT,325628.13,C2044719310,1862636.18,1537008.05,C1727565779,6285576.36,7117684.54,0,0
8,CASH_OUT,149844.85,C447427749,1537008.05,1387163.2,C849038219,1187426.3,1337271.15,0,0
8,CASH_OUT,19983.37,C709710175,1387163.2,1367179.83,C443298466,146017.69,166001.06,0,0
8,CASH_OUT,433529.56,C549837745,1367179.83,933650.27,C694632384,502016.26,935545.82,0,0
8,CASH_OUT,548121.14,C647628519,933650.27,385529.13,C1948558238,10878028.3,11604362.04,0,0
8,CASH_OUT,5167.36,C1708593293,385529.13,380361.77,C58333888,3748041.04,4173485.4,0,0
8,CASH_OUT,127535.68,C626029249,380361.77,252826.08,C1167066016,1132075.87,641979.14,0,0
8,CASH_OUT,421411.58,C726023561,252826.08,0.0,C188246551,3018466.69,3439878.27,0,0
8,CASH_OUT,88819.67,C1562225464,0.0,0.0,C1303868418,9916841.97,10007761.88,0,0
8,CASH_OUT,26893.14,C9673582,101302.0,74408.86,C873287880,111049.34,137942.49,0,0
8,TRANSFER,700941.98,C653469639,11516.0,0.0,C1897050650,0.0,700941.98,0,0
8,TRANSFER,519038.33,C1011084517,30002.0,0.0,C360898540,234945.39,105850.26,0,0
8,TRANSFER,2123519.67,C789690105,28749.0,0.0,C966526472,0.0,1789341.34,0,0
8,TRANSFER,316138.21,C904641479,85259.0,0.0,C1870436181,0.0,316138.21,0,0
8,CASH_OUT,165345.15,C1363320928,1024313.87,858968.72,C383296094,464969.16,563462.86,0,0
8,TRANSFER,1053024.28,C1760352988,858968.72,0.0,C2013854563,2067112.14,2506046.99,0,0
8,CASH_OUT,319239.01,C223404521,20716.0,0.0,C646059443,218224.32,537463.33,0,0
8,CASH_OUT,162015.98,C175824770,259.0,0.0,C796796033,0.0,162015.98,0,0
8,TRANSFER,1955777.01,C1787124851,137804.0,0.0,C1697258007,0.0,2889500.57,0,0
8,CASH_OUT,191631.96,C583173879,11811.52,0.0,C1334973394,1056788.06,1421615.52,0,0
8,CASH_OUT,224360.97,C2051069661,0.0,0.0,C531511436,1006551.1,1230912.07,0,0
8,CASH_OUT,242918.44,C1680504223,0.0,0.0,C1788961047,745920.14,988838.58,0,0
8,CASH_OUT,610501.5,C254440718,0.0,0.0,C184253187,9596119.08,10206620.58,0,0
8,CASH_OUT,395602.85,C963231522,0.0,0.0,C1090263069,876285.08,1260609.49,0,0
8,CASH_OUT,153201.73,C1164140780,0.0,0.0,C804475266,2094257.45,2247459.18,0,0
8,CASH_OUT,345031.55,C1926390610,0.0,0.0,C1494895909,1017646.88,1362678.43,0,0
8,CASH_OUT,388785.32,C772598275,0.0,0.0,C1360767589,18093950.53,18482735.85,0,0
8,CASH_OUT,677322.29,C1516818511,0.0,0.0,C1251991550,1063073.83,1740396.12,0,0
8,CASH_OUT,43640.81,C72527854,0.0,0.0,C1871689990,324715.92,216345.07,0,0
8,CASH_OUT,119846.49,C1702593733,0.0,0.0,C1898859288,605241.14,896323.73,0,0
8,CASH_OUT,132846.92,C745416347,0.0,0.0,C940159462,224425.12,246924.9,0,0
8,CASH_OUT,55861.29,C806904305,0.0,0.0,C1017767725,668218.57,861466.8,0,0
8,CASH_OUT,114538.24,C556041667,0.0,0.0,C219771880,140414.38,254952.61,0,0
8,CASH_OUT,296577.62,C415260814,0.0,0.0,C465499079,6012182.44,6457094.34,0,0
8,CASH_OUT,398023.18,C1170720755,0.0,0.0,C683605346,973523.05,1371546.23,0,0
8,CASH_OUT,40868.34,C916664659,0.0,0.0,C716442925,4181642.14,4271358.73,0,0
8,CASH_OUT,26660.31,C858562777,0.0,0.0,C1452722471,3170377.97,3197038.27,0,0
8,CASH_OUT,44717.46,C687039010,0.0,0.0,C505528357,114457.5,159174.97,0,0
8,CASH_OUT,22786.75,C1399902352,0.0,0.0,C2115178036,4209950.62,4232737.36,0,0
8,CASH_OUT,195967.34,C2088126980,0.0,0.0,C1416278059,197716.25,393683.58,0,0
8,CASH_OUT,262397.4,C713692987,0.0,0.0,C667346055,17113575.39,17132106.53,0,0
8,CASH_OUT,469303.25,C425427514,0.0,0.0,C1401721023,1133378.38,1602681.63,0,0
8,CASH_OUT,134271.04,C1291462097,0.0,0.0,C59215997,1067237.22,1359980.45,0,0
8,CASH_OUT,206622.45,C43147296,0.0,0.0,C1761291320,264297.74,470920.19,0,0
8,CASH_OUT,104548.73,C2027658374,0.0,0.0,C1991252420,1137169.22,1241717.95,0,0
8,CASH_OUT,164656.85,C1028951029,0.0,0.0,C1856036778,13523957.09,13688613.94,0,0
8,CASH_OUT,136226.05,C538830115,0.0,0.0,C599968109,1021629.0,1235102.24,0,0
8,CASH_OUT,474577.66,C824119904,0.0,0.0,C2037251990,1199161.59,1627896.92,0,0
8,TRANSFER,531103.13,C361011049,49764.0,0.0,C899455803,58648.96,589752.09,0,0
8,CASH_OUT,86279.35,C178844508,11811.0,0.0,C1691655733,0.0,86279.35,0,0
8,CASH_OUT,74876.03,C1825142230,52024.0,0.0,C1227603646,295966.21,332709.92,0,0
8,CASH_OUT,191230.66,C1675091944,12269.0,0.0,C1445567246,30426.48,221657.14,0,0
8,CASH_OUT,60307.32,C669983769,45379.66,0.0,C2033711470,309838.8,370146.12,0,0
8,CASH_OUT,214874.63,C1042375545,31468.0,0.0,C2134357721,56672.63,271547.26,0,0
8,CASH_OUT,417935.49,C1962279748,15127.0,0.0,C1794607688,117562.47,535497.96,0,0
8,CASH_OUT,8691.57,C305510997,20839.0,12147.43,C1135870515,0.0,8691.57,0,0
8,CASH_OUT,487939.39,C1519233681,241347.95,0.0,C84804929,6652.93,494592.32,0,0
8,TRANSFER,1892098.1,C587546623,0.0,0.0,C669419693,2800334.2,4692432.3,0,0
8,CASH_OUT,128005.08,C1823815658,296.0,0.0,C890123495,53108.33,181113.41,0,0
8,CASH_OUT,183041.94,C1724192580,16010.0,0.0,C310976964,0.0,183041.94,0,0
8,CASH_OUT,64039.74,C327650384,39522.0,0.0,C1531333864,1690677.9,1754717.64,0,0
8,CASH_OUT,128282.82,C2142451888,301239.77,172956.95,C1479450980,1066457.09,1708305.51,0,0
8,CASH_OUT,43000.21,C1486019291,172956.95,129956.74,C225769102,89956.12,132956.34,0,0
8,CASH_OUT,220179.61,C1923376019,6178.0,0.0,C607874855,253000.54,563750.01,0,0
8,CASH_OUT,103053.74,C338471737,24420.0,0.0,C1186449563,2531273.64,2790178.93,0,0
8,TRANSFER,401133.43,C1309913724,203742.0,0.0,C2007149130,0.0,617720.17,0,0
8,TRANSFER,1991912.75,C536537302,72525.0,0.0,C198998678,146.0,1948511.61,0,0
8,CASH_OUT,218381.56,C1121223230,92723.0,0.0,C1520366382,790609.51,1181881.76,0,0
8,CASH_OUT,80302.4,C877583343,25749.0,0.0,C789195255,758864.51,839166.91,0,0
8,CASH_OUT,295913.9,C1031789648,11122.0,0.0,C2046611860,631.76,493940.13,0,0
8,TRANSFER,934092.66,C2142042547,9159.0,0.0,C488044861,0.0,934092.66,0,0
8,CASH_OUT,21362.41,C1489487621,150747.73,129385.32,C820234826,0.0,21362.41,0,0
8,TRANSFER,163121.35,C1621150514,129385.32,0.0,C1511785794,2089636.51,1949682.33,0,0
8,TRANSFER,1790586.21,C1570641165,527618.04,0.0,C863811613,12456742.65,14247328.87,0,0
8,CASH_OUT,122118.19,C998354135,25625.0,0.0,C1130075212,523787.13,428409.32,0,0
8,TRANSFER,1699451.57,C1184252132,10180.0,0.0,C479778696,0.0,1699451.57,0,0
8,CASH_OUT,255392.01,C259311295,10068.0,0.0,C525141182,39131.44,160321.09,0,0
8,CASH_OUT,361112.07,C297858396,336512.55,0.0,C488624810,387582.76,748694.83,0,0
8,CASH_OUT,510033.98,C867631468,0.0,0.0,C476182975,3161934.75,3671968.73,0,0
8,CASH_OUT,458812.21,C1252956757,0.0,0.0,C1204684191,1448896.84,1734187.09,0,0
8,CASH_OUT,116712.68,C915671173,0.0,0.0,C1380361139,137737.86,501134.04,0,0
8,CASH_OUT,237497.35,C552100126,0.0,0.0,C997608398,1053921.33,1291418.68,0,0
8,CASH_OUT,101347.0,C736077838,0.0,0.0,C1479450980,1194739.91,1708305.51,0,0
8,CASH_OUT,192333.03,C362668818,0.0,0.0,C721267591,1435115.19,1690430.48,0,0
8,CASH_OUT,173870.17,C56299780,0.0,0.0,C1561784955,3656944.06,3830814.23,0,0
8,CASH_OUT,221053.95,C1616404704,0.0,0.0,C1871293699,653138.47,874192.42,0,0
8,CASH_OUT,101430.01,C907098941,0.0,0.0,C2107935820,336527.16,437957.17,0,0
8,CASH_OUT,416708.71,C1282329502,0.0,0.0,C674913323,2738244.88,4984485.97,0,0
8,CASH_OUT,54145.99,C392572966,0.0,0.0,C1031639563,5746182.97,5739012.22,0,0
8,CASH_OUT,190534.4,C874122570,0.0,0.0,C1302931951,1585688.29,1740418.55,0,0
8,CASH_OUT,65112.61,C191696935,0.0,0.0,C530216580,132681.54,197794.16,0,0
8,CASH_OUT,4317.84,C837093615,0.0,0.0,C228669487,72388.53,76706.37,0,0
8,CASH_OUT,142345.12,C388295157,0.0,0.0,C1684776894,411370.62,553715.73,0,0
8,CASH_OUT,132402.8,C1940964870,0.0,0.0,C554025243,140679.96,273082.76,0,0
8,CASH_OUT,62602.05,C280960127,0.0,0.0,C689651304,198023.81,260625.86,0,0
8,CASH_OUT,147825.15,C151309559,0.0,0.0,C1536728605,156885.43,104142.79,0,0
8,CASH_OUT,156231.4,C962586467,0.0,0.0,C1682576062,484917.54,366932.33,0,0
8,CASH_OUT,151755.4,C1286248120,0.0,0.0,C2077672286,919831.61,1071587.01,0,0
8,CASH_OUT,155103.13,C605956022,0.0,0.0,C1099915107,259922.78,415025.91,0,0
8,CASH_OUT,36574.67,C189932726,0.0,0.0,C283747838,66998.7,103573.36,0,0
8,CASH_OUT,173195.5,C1307618880,0.0,0.0,C1334973394,1248420.02,1421615.52,0,0
8,CASH_OUT,46485.22,C1442311696,0.0,0.0,C1788314109,208023.0,0.0,0,0
8,CASH_OUT,269376.43,C8474767,0.0,0.0,C1200314947,909320.07,994391.7,0,0
8,CASH_OUT,84998.56,C451720125,0.0,0.0,C2107268831,538378.45,623377.01,0,0
8,CASH_OUT,88231.89,C1386650638,0.0,0.0,C1725571079,315433.94,603117.35,0,0
8,CASH_OUT,366654.32,C952856356,0.0,0.0,C508000580,759901.17,1547638.64,0,0
8,CASH_OUT,319358.13,C851723674,0.0,0.0,C1107146140,1043515.58,1655416.88,0,0
8,CASH_OUT,213684.65,C1305110820,0.0,0.0,C1260889084,296645.14,510329.79,0,0
8,CASH_OUT,159584.49,C1746008601,32.0,0.0,C564160838,86465.84,246050.32,0,0
8,TRANSFER,197956.83,C1514485416,179415.0,0.0,C1172704377,0.0,197956.83,0,0
8,CASH_OUT,276038.58,C898893670,10439.0,0.0,C722844186,7030.01,283068.59,0,0
8,CASH_OUT,132938.88,C17332327,6132.0,0.0,C663202788,224301.85,163013.28,0,0
8,CASH_OUT,72148.21,C2108925690,172056.47,99908.25,C1100871710,131953.44,204101.65,0,0
8,TRANSFER,660006.04,C36319191,178918.0,0.0,C381605910,99866.13,759872.18,0,0
8,CASH_OUT,266679.68,C1929526137,396043.0,129363.32,C713039134,0.0,440859.17,0,0
8,CASH_OUT,256361.28,C804073630,64999.03,0.0,C1226372269,7924742.73,8181104.01,0,0
8,CASH_OUT,193359.17,C323386753,1861664.4,1668305.23,C1692142175,770367.08,963726.26,0,0
8,CASH_OUT,59119.88,C1877938552,1668305.23,1609185.35,C1167066016,985663.07,641979.14,0,0
8,CASH_OUT,7514.37,C780543523,1609185.35,1601670.97,C1337741679,4356021.53,4670415.04,0,0
8,CASH_OUT,269599.3,C1410965624,1601670.97,1332071.67,C1166654566,735835.14,851662.52,0,0
8,CASH_OUT,159772.91,C1955816719,1332071.67,1172298.77,C954723689,420280.93,580053.83,0,0
8,CASH_OUT,341119.86,C1667288628,1172298.77,831178.91,C1485516154,11329960.54,11477233.99,0,0
8,CASH_OUT,91117.31,C2085112645,831178.91,740061.59,C782432613,492465.75,561064.37,0,0
8,CASH_OUT,518717.14,C1699426004,740061.59,221344.45,C1727565779,6611204.49,7117684.54,0,0
8,CASH_OUT,657655.17,C178230383,221344.45,0.0,C762570948,2914804.0,3572459.17,0,0
8,CASH_OUT,94355.2,C1877736038,0.0,0.0,C1572600325,772638.2,866993.4,0,0
8,CASH_OUT,6832.3,C1363646141,0.0,0.0,C599968109,1157855.04,1235102.24,0,0
8,CASH_OUT,135140.87,C1841704911,0.0,0.0,C1432387181,442448.03,577588.9,0,0
8,CASH_OUT,171173.19,C462217972,0.0,0.0,C1575652338,261792.45,451573.22,0,0
8,CASH_OUT,301955.54,C721683241,0.0,0.0,C927008541,534854.14,836809.68,0,0
8,CASH_OUT,177935.13,C1184598666,0.0,0.0,C2125012025,193075.86,371010.98,0,0
8,CASH_OUT,173036.62,C452947393,0.0,0.0,C778559237,263843.91,436880.53,0,0
8,CASH_OUT,102063.0,C1721280296,0.0,0.0,C1689374891,753577.89,855640.88,0,0
8,CASH_OUT,55337.21,C1838087577,0.0,0.0,C759994182,55901.2,111238.42,0,0
8,CASH_OUT,69523.68,C2010899832,0.0,0.0,C1570560183,95826.34,165350.02,0,0
8,CASH_OUT,47616.58,C371920679,0.0,0.0,C1316198760,278040.59,325657.17,0,0
8,CASH_OUT,191767.02,C891902765,0.0,0.0,C2116153614,1807658.15,2149801.99,0,0
8,CASH_OUT,87572.69,C793840164,0.0,0.0,C1306439078,200487.8,288060.49,0,0
8,CASH_OUT,155482.66,C126474899,0.0,0.0,C1203094087,220352.96,375835.62,0,0
8,CASH_OUT,102585.23,C1226162034,0.0,0.0,C1210180003,1210777.71,1313362.94,0,0
8,CASH_OUT,100774.49,C916088142,0.0,0.0,C1354725727,4429111.96,4529886.44,0,0
8,CASH_OUT,40674.96,C289233299,0.0,0.0,C1877453512,621142.18,661817.14,0,0
8,CASH_OUT,167947.79,C1479099493,0.0,0.0,C1095446005,234336.3,402284.09,0,0
8,CASH_OUT,246438.62,C1017351741,0.0,0.0,C593596322,743867.58,990306.21,0,0
8,CASH_OUT,127693.88,C1500916978,0.0,0.0,C1479553213,294618.0,442355.24,0,0
8,CASH_OUT,51878.28,C578557838,0.0,0.0,C1915163610,1180989.38,1232867.65,0,0
8,CASH_OUT,192002.69,C811886024,0.0,0.0,C2036762590,795487.35,987490.04,0,0
8,CASH_OUT,142101.72,C278316959,0.0,0.0,C2050019814,1986836.48,2128938.2,0,0
8,CASH_OUT,192621.0,C2020571331,0.0,0.0,C1065997164,2773829.8,2826797.81,0,0
8,CASH_OUT,191950.23,C988663847,0.0,0.0,C1504109395,4133038.2,4324988.42,0,0
8,CASH_OUT,245643.08,C691320983,0.0,0.0,C668345982,633956.46,879599.54,0,0
8,CASH_OUT,43968.36,C263731217,0.0,0.0,C655391383,259818.79,303787.15,0,0
8,CASH_OUT,183731.37,C202563653,0.0,0.0,C219913687,675241.58,858972.95,0,0
8,CASH_OUT,269873.07,C1479177480,0.0,0.0,C1323741703,1696977.29,1966850.36,0,0
8,CASH_OUT,7901.49,C1423351450,0.0,0.0,C2120528456,649222.64,657124.13,0,0
8,CASH_OUT,50501.05,C450907297,0.0,0.0,C1134976854,705575.58,756076.63,0,0
8,CASH_OUT,155548.45,C32212848,0.0,0.0,C2032924554,6405945.16,6561493.61,0,0
8,CASH_OUT,58556.62,C182591600,0.0,0.0,C277510102,912193.06,970749.68,0,0
8,CASH_OUT,153706.87,C1788890616,0.0,0.0,C542895457,181659.75,31686.49,0,0
8,CASH_OUT,177630.66,C1925022025,0.0,0.0,C1348373832,753763.94,1072919.03,0,0
8,CASH_OUT,153726.48,C800082025,0.0,0.0,C648021642,170614.32,324340.8,0,0
8,CASH_OUT,22988.06,C877268047,0.0,0.0,C1014255081,78448.32,101436.38,0,0
8,CASH_OUT,46007.29,C1559054515,0.0,0.0,C71555810,272316.14,318323.43,0,0
8,TRANSFER,1273496.01,C190220119,613127.69,0.0,C787040724,2132696.75,4039814.03,0,0
8,CASH_OUT,345219.7,C667628545,0.0,0.0,C208427878,993203.44,1454807.63,0,0
8,TRANSFER,349159.65,C570370784,35995.0,0.0,C755355682,0.0,349159.65,0,0
8,CASH_OUT,109884.86,C1914480769,135.0,0.0,C1725097945,48601.33,158486.19,0,0
8,CASH_OUT,146598.17,C1380590568,23779.0,0.0,C1567520676,0.0,146598.17,0,0
8,TRANSFER,440061.3,C289264548,50664.0,0.0,C818570949,1962536.28,2402597.58,0,0
8,CASH_OUT,111597.12,C1956646276,57163.13,0.0,C671848738,333654.15,445251.27,0,0
8,CASH_OUT,313640.87,C400722480,16264.49,0.0,C1890258988,347845.49,551751.19,0,0
8,CASH_OUT,149963.75,C729268248,0.0,0.0,C1141137903,14009532.42,14068690.23,0,0
8,CASH_OUT,507926.85,C2022648269,0.0,0.0,C1870252780,16160055.22,16667982.08,0,0
8,CASH_OUT,70549.37,C833702055,0.0,0.0,C522553046,162277.85,232827.22,0,0
8,CASH_OUT,152218.57,C847378347,0.0,0.0,C1509170127,218708.4,370926.97,0,0
8,CASH_OUT,690179.4,C669226723,0.0,0.0,C1556875182,2894729.35,3585215.55,0,0
8,CASH_OUT,49340.89,C648217235,0.0,0.0,C832279283,182405.59,231746.48,0,0
8,CASH_OUT,8386.34,C502039184,0.0,0.0,C650657798,2156566.4,2164952.74,0,0
8,CASH_OUT,96008.32,C544014889,0.0,0.0,C1039865382,230488.26,326496.58,0,0
8,CASH_OUT,134749.21,C461560905,0.0,0.0,C304909156,172179.72,306928.93,0,0
8,CASH_OUT,245913.05,C621535792,0.0,0.0,C935808590,17801282.51,18381668.73,0,0
8,CASH_OUT,43303.96,C1544162307,0.0,0.0,C1878704627,456557.85,499861.81,0,0
8,CASH_OUT,128476.02,C339620321,0.0,0.0,C1282745381,215331.86,343807.88,0,0
8,CASH_OUT,26730.65,C433309627,0.0,0.0,C1440325059,2129438.71,2156169.36,0,0
8,CASH_OUT,145020.62,C1664330963,0.0,0.0,C459172227,2446441.5,2591462.11,0,0
8,CASH_OUT,79221.65,C1867898530,0.0,0.0,C811597470,136901.88,150792.03,0,0
8,CASH_OUT,28785.81,C167861136,0.0,0.0,C571435580,1501867.8,1530653.61,0,0
8,CASH_OUT,1743.88,C233356148,0.0,0.0,C895556946,11240.0,12983.88,0,0
8,TRANSFER,934543.88,C401812416,2665.0,0.0,C1284149862,1531279.62,2465823.51,0,0
8,CASH_OUT,82665.53,C967321,635.0,0.0,C173141569,397680.24,480345.78,0,0
8,CASH_OUT,220976.02,C1325037234,32609.7,0.0,C937195105,1124750.16,1256403.17,0,0
8,CASH_OUT,290492.12,C948949990,773103.07,482610.94,C1628035200,0.0,290492.12,0,0
8,CASH_OUT,129454.74,C441768985,23316.0,0.0,C713338583,0.0,129454.74,0,0
8,CASH_OUT,262685.73,C1016859681,5612.0,0.0,C1378215782,5939.69,268625.42,0,0
8,CASH_OUT,14214.42,C1354687,65372.0,51157.58,C945327594,19168.75,33383.17,0,0
8,CASH_OUT,306879.13,C1343266001,2393086.16,2086207.02,C1337741679,4363535.9,4670415.04,0,0
8,TRANSFER,729214.48,C1979485247,657827.0,0.0,C1174600239,0.0,729214.48,0,0
8,CASH_OUT,412218.59,C685137658,131523.0,0.0,C1479450980,1296086.92,1708305.51,0,0
8,CASH_OUT,45762.11,C792935798,12275.0,0.0,C2100440237,789409.58,835171.69,0,0
8,CASH_OUT,223056.27,C816676819,24130.76,0.0,C386554824,28206.63,251262.9,0,0
8,TRANSFER,254560.86,C1819783079,254970.33,409.47,C1623014027,122361.23,378742.53,0,0
8,CASH_OUT,365194.79,C849530968,409.47,0.0,C406477119,1039927.72,1879210.25,0,0
8,CASH_OUT,410550.79,C1459042819,0.0,0.0,C691586697,757319.6,1314539.3,0,0
8,CASH_OUT,131340.79,C91848593,0.0,0.0,C194746285,1273148.59,1404489.37,0,0
8,CASH_OUT,509462.63,C1419964942,0.0,0.0,C2083562754,17758775.48,18123750.85,0,0
8,CASH_OUT,90972.17,C1881589970,0.0,0.0,C26334874,1851427.83,2068039.37,0,0
8,CASH_OUT,422909.22,C535745527,0.0,0.0,C705321061,883352.28,1306261.5,0,0
8,CASH_OUT,292543.17,C1361420908,0.0,0.0,C1107146140,1362873.71,1655416.88,0,0
8,CASH_OUT,158582.75,C307501252,0.0,0.0,C266912553,2422344.66,2580927.41,0,0
8,CASH_OUT,125639.37,C1425154564,0.0,0.0,C26334874,1942400.0,2068039.37,0,0
8,CASH_OUT,293986.32,C1038754310,0.0,0.0,C1549086472,332585.9,801366.03,0,0
8,CASH_OUT,101709.12,C1101054229,0.0,0.0,C1217639236,238427.36,228728.22,0,0
8,CASH_OUT,29908.73,C1937798109,0.0,0.0,C1027992087,10833079.83,10862988.56,0,0
8,CASH_OUT,18689.08,C908565931,0.0,0.0,C1475909248,469087.77,487776.85,0,0
8,CASH_OUT,189056.03,C1513190267,0.0,0.0,C363330984,478037.51,667093.53,0,0
8,CASH_OUT,233336.5,C492742977,0.0,0.0,C1957274125,668873.8,902210.3,0,0
8,CASH_OUT,43282.43,C1831874476,0.0,0.0,C471115623,563776.75,0.0,0,0
8,CASH_OUT,141524.44,C1743793508,0.0,0.0,C1348373832,931394.59,1072919.03,0,0
8,CASH_OUT,28596.17,C906698826,0.0,0.0,C1914772936,812032.74,840628.91,0,0
8,CASH_OUT,121355.38,C1593283435,0.0,0.0,C2040329005,181091.19,302446.57,0,0
8,CASH_OUT,110778.27,C844532310,0.0,0.0,C362585233,2378228.38,2489006.65,0,0
8,CASH_OUT,319017.76,C1412110965,0.0,0.0,C1085479446,1104832.51,1423850.27,0,0
8,CASH_OUT,177289.98,C994933194,0.0,0.0,C824197891,1326019.37,1577892.84,0,0
8,CASH_OUT,73025.36,C1497614595,0.0,0.0,C674913323,3154953.59,4984485.97,0,0
8,CASH_OUT,62982.26,C1606544455,0.0,0.0,C721267591,1627448.23,1690430.48,0,0
8,CASH_OUT,19377.01,C1404415352,0.0,0.0,C1298314970,281264.86,300641.87,0,0
8,CASH_OUT,2100.24,C65412589,0.0,0.0,C1303868418,10005661.63,10007761.88,0,0
8,CASH_OUT,176141.89,C1143654211,0.0,0.0,C2091209617,1002436.0,1178577.89,0,0
8,CASH_OUT,229039.68,C349808725,0.0,0.0,C1503386238,357557.07,517509.91,0,0
8,CASH_OUT,59141.97,C1786317275,0.0,0.0,C1066166621,620763.04,938357.62,0,0
8,CASH_OUT,7613.84,C1497589772,0.0,0.0,C1664330755,73305.17,80919.02,0,0
8,CASH_OUT,411132.53,C1270987960,0.0,0.0,C1920084587,766006.13,1177138.65,0,0
8,CASH_OUT,225943.79,C302198421,0.0,0.0,C386349248,271616.24,497560.03,0,0
8,CASH_OUT,570611.09,C806800095,0.0,0.0,C1144070975,637503.52,1208114.6,0,0
8,CASH_OUT,277121.51,C1926744025,0.0,0.0,C1629911510,1648751.26,1925872.77,0,0
8,CASH_OUT,124225.24,C884310343,0.0,0.0,C2145961947,1768735.9,1892961.13,0,0
8,CASH_OUT,197394.47,C1070163650,0.0,0.0,C2046611860,296545.66,493940.13,0,0
8,CASH_OUT,132999.86,C957285334,0.0,0.0,C831467165,8472095.07,8605094.93,0,0
8,CASH_OUT,66722.82,C1974133281,0.0,0.0,C1501701470,4600567.47,4463342.32,0,0
8,CASH_OUT,28878.98,C1829628522,0.0,0.0,C2020152163,232756.7,261635.68,0,0
8,CASH_OUT,172890.69,C419851903,0.0,0.0,C1520366382,1008991.07,1181881.76,0,0
8,CASH_OUT,18883.9,C1482088250,0.0,0.0,C170899621,10445324.97,10464208.87,0,0
8,CASH_OUT,140267.38,C2060424699,0.0,0.0,C1040240917,306451.85,446719.23,0,0
8,CASH_OUT,24043.72,C2022927986,0.0,0.0,C977993101,3596343.15,3373302.83,0,0
8,CASH_OUT,100999.58,C1380749961,0.0,0.0,C1320515149,1300966.46,1643201.26,0,0
8,CASH_OUT,146868.94,C1015888117,0.0,0.0,C1927159174,983076.64,762973.35,0,0
8,CASH_OUT,31808.64,C980095698,0.0,0.0,C1169903663,2181942.58,2312335.17,0,0
8,CASH_OUT,189907.65,C1508383507,0.0,0.0,C1558550579,224176.85,414084.5,0,0
8,CASH_OUT,146668.91,C1862664829,0.0,0.0,C691586697,1167870.39,1314539.3,0,0
8,CASH_OUT,263544.23,C974767608,0.0,0.0,C1016689071,758474.46,1024005.37,0,0
8,CASH_OUT,69457.27,C1476832747,0.0,0.0,C1930851375,2352765.09,2422222.36,0,0
8,CASH_OUT,430635.91,C509997785,1201508.27,770872.35,C1811531351,0.0,430635.91,0,0
8,CASH_OUT,252633.42,C211307246,124257.0,0.0,C1964947881,0.0,252633.42,0,0
8,CASH_OUT,109242.85,C1737277366,5017.0,0.0,C795982694,1447011.59,1556254.45,0,0
8,CASH_OUT,299229.68,C768013881,1088.0,0.0,C1608433267,0.0,299229.68,0,0
8,TRANSFER,2307120.44,C1370320449,1721298.5,0.0,C312537393,2503483.24,4810603.67,0,0
8,TRANSFER,1321660.45,C1952326852,1423731.22,102070.77,C1816986148,2308491.58,6023815.62,0,0
8,TRANSFER,630150.81,C1120294463,102070.77,0.0,C424954008,3439107.08,4069257.89,0,0
8,TRANSFER,861949.96,C239282124,0.0,0.0,C35126588,9951244.67,10813194.63,0,0
8,CASH_OUT,127306.68,C365982783,2146.54,0.0,C197353092,339795.06,467101.75,0,0
8,TRANSFER,1222279.87,C1268088494,49630.0,0.0,C1286084959,11737485.13,12959765.0,0,0
8,CASH_OUT,18607.57,C975264284,61477.16,42869.59,C1575652338,432965.65,451573.22,0,0
8,TRANSFER,675555.71,C1560756078,42869.59,0.0,C977990184,1713603.14,2559967.5,0,0
8,TRANSFER,934641.91,C2130229405,0.0,0.0,C988138425,3399588.49,4310701.91,0,0
8,CASH_OUT,138920.74,C1376697831,198929.0,60008.26,C2012808675,59657.17,198577.91,0,0
8,TRANSFER,300897.88,C34894944,0.0,0.0,C298492445,3882186.05,4183083.93,0,0
8,CASH_OUT,115159.66,C520643199,0.0,0.0,C141458554,161812.64,276972.3,0,0
8,TRANSFER,1053325.99,C1339127643,10151.0,0.0,C551495160,2296174.43,3086545.36,0,0
8,CASH_OUT,17516.11,C253456597,41018.0,23501.89,C1401316767,1826168.72,2085232.92,0,0
8,TRANSFER,639154.77,C281303108,52479.0,0.0,C1297685781,2511878.77,3258726.36,0,0
8,CASH_OUT,72042.92,C725044644,153458.85,81415.93,C1587143371,0.0,72042.92,0,0
8,TRANSFER,634743.95,C132921364,81415.93,0.0,C524804429,718668.73,1353412.68,0,0
8,TRANSFER,2461849.47,C1881138417,0.0,0.0,C2040656033,5392104.33,8124431.39,0,0
8,TRANSFER,688650.84,C1880689722,0.0,0.0,C1651945012,1853705.34,2542356.18,0,0
8,TRANSFER,477785.1,C1641162224,0.0,0.0,C118648358,542535.38,948711.06,0,0
8,TRANSFER,98583.95,C127442246,0.0,0.0,C1169903663,2213751.22,2312335.17,0,0
8,TRANSFER,252832.37,C137349416,0.0,0.0,C1922859107,403313.11,744722.69,0,0
8,TRANSFER,959019.71,C812612811,0.0,0.0,C1459757869,2549851.72,4042386.17,0,0
8,TRANSFER,232221.81,C1080177299,0.0,0.0,C257999182,14728457.88,14960679.69,0,0
8,TRANSFER,664004.19,C64218484,0.0,0.0,C727209127,4073310.69,4925944.55,0,0
8,TRANSFER,1080627.95,C1967332015,0.0,0.0,C1894575391,2374546.99,3443379.49,0,0
8,CASH_OUT,308238.07,C1873211921,26721.0,0.0,C1625687132,0.0,308238.07,0,0
8,CASH_OUT,304579.5,C1933726420,104991.0,0.0,C1272096944,80704.2,385283.69,0,0
8,TRANSFER,255131.34,C515487857,76261.0,0.0,C1257117293,99143.69,354275.02,0,0
8,CASH_OUT,58329.52,C1310632016,49742.0,0.0,C710987073,0.0,58329.52,0,0
8,TRANSFER,169536.94,C729633798,60416.0,0.0,C1354183876,118186.01,287722.96,0,0
8,CASH_OUT,297434.83,C1949954366,848793.0,551358.17,C1680684273,0.0,297434.83,0,0
8,CASH_OUT,329135.07,C617267205,3115406.97,2786271.9,C1200612373,891474.93,1986773.49,0,0
8,CASH_OUT,398182.65,C532768163,301191.47,0.0,C1482979717,2183156.16,2581338.81,0,0
8,CASH_OUT,183843.6,C1775421386,21207.0,0.0,C2109236648,1256369.77,1440213.37,0,0
8,CASH_OUT,53451.74,C1464897487,94398.0,40946.26,C1921483039,1249714.77,1303166.51,0,0
8,CASH_OUT,1280.01,C945831788,45876.58,44596.57,C859193874,19434.17,20714.18,0,0
8,CASH_OUT,85979.0,C1488206150,538013.32,452034.32,C1241128308,66180.4,152159.4,0,0
8,CASH_OUT,281724.79,C77307164,452034.32,170309.52,C1738973904,525594.24,807319.04,0,0
8,TRANSFER,1186002.85,C2012873698,16563.0,0.0,C261292810,0.0,1186002.85,0,0
8,CASH_OUT,205893.95,C944851748,35305.0,0.0,C1825389809,855858.64,1077837.29,0,0
8,CASH_OUT,156131.17,C529771231,2645.0,0.0,C646183851,330574.93,486706.11,0,0
8,CASH_OUT,13866.23,C512055741,0.0,0.0,C1182461167,2315827.08,2329693.31,0,0
8,CASH_OUT,19327.66,C950002158,0.0,0.0,C1940189108,91483.23,110810.89,0,0
8,CASH_OUT,643092.04,C2088993533,0.0,0.0,C59215997,716888.41,1359980.45,0,0
8,CASH_OUT,422314.05,C1085689372,0.0,0.0,C620638596,1798443.77,2220757.82,0,0
8,CASH_OUT,415296.01,C1951055622,0.0,0.0,C1782113663,3966733.18,6002040.86,0,0
8,CASH_OUT,178212.6,C1496497725,1172604.29,994391.7,C1948558238,11426149.44,11604362.04,0,0
8,TRANSFER,458066.44,C241224068,7811.85,0.0,C1859125434,0.0,458066.44,0,0
8,TRANSFER,126107.1,C794436270,21081.0,0.0,C1461788950,0.0,126107.1,0,0
8,CASH_OUT,211248.46,C1802594434,16331.0,0.0,C1075238398,472353.81,683602.27,0,0
8,TRANSFER,725976.12,C913035387,60789.0,0.0,C1632268814,0.0,807498.23,0,0
8,CASH_OUT,452917.72,C53073998,45877.0,0.0,C968614268,0.0,452917.72,0,0
8,CASH_OUT,131955.33,C1806252120,30198.0,0.0,C1105901057,2288673.33,2420628.66,0,0
8,TRANSFER,1181242.47,C707329925,549959.61,0.0,C391903689,55659.99,1236902.45,0,0
8,TRANSFER,543076.29,C346817035,0.0,0.0,C1759482496,2717401.86,2912335.58,0,0
8,CASH_OUT,2781.73,C1493844856,4404413.39,4401631.66,C426416592,2098605.32,2151663.79,0,0
8,CASH_OUT,228338.01,C2068044793,4401631.66,4173293.65,C1671386208,6177765.68,6214174.81,0,0
8,CASH_OUT,218530.86,C1764273648,32027.0,0.0,C624539461,0.0,592819.21,0,0
8,CASH_OUT,273571.25,C215035711,29826.0,0.0,C928199056,0.0,273571.25,0,0
8,TRANSFER,172147.94,C2001852416,13687.0,0.0,C2012495678,46083.91,218231.85,0,0
8,CASH_OUT,32341.84,C1413795240,104059.0,71717.16,C836514715,2478709.3,2511051.14,0,0
8,CASH_OUT,171236.1,C1554716491,18986.11,0.0,C1898859288,725087.63,896323.73,0,0
8,TRANSFER,1206472.83,C1164458478,0.0,0.0,C1697258007,1683027.74,2889500.57,0,0
8,TRANSFER,252715.43,C109908209,72982.0,0.0,C1915307283,0.0,252715.43,0,0
8,CASH_OUT,311484.84,C45022855,147471.23,0.0,C265845794,2749107.17,3060592.01,0,0
8,TRANSFER,596946.92,C243560099,2198.0,0.0,C904672772,386502.32,1116763.48,0,0
8,CASH_OUT,53950.56,C1158862427,95309.0,41358.44,C866710867,112850.65,166801.21,0,0
8,CASH_OUT,104081.0,C1527304994,113349.88,9268.88,C1783873866,259429.86,363510.86,0,0
8,CASH_OUT,398103.28,C197615439,9268.88,0.0,C1563323185,1016838.96,1414942.24,0,0
8,TRANSFER,562114.16,C451879125,11425.0,0.0,C1563929103,0.0,562114.16,0,0
8,CASH_OUT,69684.48,C1350018331,17085.0,0.0,C1413871034,10811.1,80495.58,0,0
8,TRANSFER,51357.06,C1308356084,14991.0,0.0,C1485647504,0.0,51357.06,0,0
8,CASH_OUT,262254.4,C596413013,225017.56,0.0,C221674877,0.0,262254.4,0,0
8,CASH_OUT,68307.39,C1350919380,0.0,0.0,C1511785794,1881374.94,1949682.33,0,0
8,TRANSFER,699769.33,C1696605874,22991.0,0.0,C1383454473,474132.48,1173901.8,0,0
8,TRANSFER,789537.78,C1431347543,1539891.09,750353.32,C1263845074,482833.06,2486396.91,0,0
8,CASH_OUT,165926.92,C1471682530,204.0,0.0,C1753885705,91896.9,257823.82,0,0
8,TRANSFER,992427.39,C1205569160,1391.0,0.0,C110721357,25954.05,1018381.44,0,0
8,CASH_OUT,68767.56,C1675126826,74677.0,5909.44,C1922817437,5044.0,73811.56,0,0
8,CASH_OUT,206387.58,C1041833874,40520.0,0.0,C1150575867,546611.76,752999.34,0,0
8,CASH_OUT,215290.75,C1337245690,189.0,0.0,C1824348154,0.0,215290.75,0,0
8,TRANSFER,336542.54,C362783968,7673.56,0.0,C665576141,14601580.44,14786300.22,0,0
8,CASH_OUT,247324.38,C2143195846,0.0,0.0,C391734039,675230.37,1058251.57,0,0
8,CASH_OUT,325690.83,C1423007860,11153.0,0.0,C1847835159,0.0,31116.74,0,0
8,CASH_OUT,3686.21,C1947801426,84293.0,80606.79,C719097409,0.0,3686.21,0,0
8,CASH_OUT,139489.83,C860816068,4776.0,0.0,C1669259232,1212487.38,1929836.14,0,0
8,CASH_OUT,332261.03,C1300164975,182287.0,0.0,C67985650,36344.47,368605.5,0,0
8,CASH_OUT,77455.91,C1605489293,20827.0,0.0,C1937721430,0.0,77455.91,0,0
8,CASH_OUT,201324.72,C4088923,51692.0,0.0,C244018103,0.0,252977.69,0,0
8,CASH_OUT,87793.04,C1166003657,0.0,0.0,C1502143342,418260.42,506053.47,0,0
8,CASH_OUT,46085.41,C589204054,30549.0,0.0,C720179024,13193.0,59278.41,0,0
8,TRANSFER,714361.66,C241339595,79816.0,0.0,C1581067516,0.0,714361.66,0,0
8,CASH_OUT,278222.95,C686673148,6808.29,0.0,C1900645000,13800.15,292023.1,0,0
8,TRANSFER,161798.67,C331412676,10581.0,0.0,C1560607671,0.0,161798.67,0,0
8,CASH_OUT,123095.29,C547278918,0.0,0.0,C1423992712,13680238.43,13803333.72,0,0
8,CASH_OUT,174179.49,C1745680827,351345.53,177166.04,C713039134,266679.68,440859.17,0,0
8,CASH_OUT,235282.98,C2083150349,20336.0,0.0,C1876630105,0.0,235282.98,0,0
8,TRANSFER,1423821.49,C481236958,541791.0,0.0,C656400047,173847.18,1597668.67,0,0
8,CASH_OUT,23482.77,C1391412309,51748.0,28265.23,C1081126121,0.0,23482.77,0,0
8,CASH_OUT,5589.29,C203068677,104521.0,98931.71,C1679546686,500991.95,506581.24,0,0
8,CASH_OUT,353521.97,C1808621577,1260.0,0.0,C653745564,2109722.47,2463244.43,0,0
8,CASH_OUT,103824.19,C1382309063,58228.0,0.0,C618155294,403042.94,516729.48,0,0
8,CASH_OUT,90569.86,C1706335657,18025.0,0.0,C607874855,473180.15,563750.01,0,0
8,CASH_OUT,28687.63,C931517313,104808.0,76120.37,C1465478513,196479.98,225167.61,0,0
8,TRANSFER,1098753.9,C1643987927,785.0,0.0,C1635341595,5093184.41,6191938.31,0,0
8,CASH_OUT,65637.53,C773365237,0.0,0.0,C1885389259,211869.77,277507.3,0,0
8,CASH_OUT,50934.43,C855436439,205.0,0.0,C2114628469,6310.0,57244.43,0,0
8,CASH_OUT,47551.72,C66146862,12767.0,0.0,C587433505,154735.45,202287.16,0,0
8,TRANSFER,647010.43,C845305388,107630.0,0.0,C1510452783,0.0,647010.43,0,0
8,CASH_OUT,21930.11,C1496778694,72241.0,50310.89,C1069892822,203727.53,225657.64,0,0
8,TRANSFER,705703.13,C462759842,0.0,0.0,C1058634310,2365473.27,3071176.4,0,0
8,TRANSFER,1076502.5,C2063407649,301496.0,0.0,C1763052044,0.0,1076502.5,0,0
8,TRANSFER,1377703.81,C1567199750,7981.78,0.0,C1519254830,0.0,1377703.81,0,0
8,CASH_OUT,250958.91,C318551619,61473.0,0.0,C1907159141,2086207.02,2541785.35,0,0
8,CASH_OUT,16084.7,C60096440,40717.78,24633.08,C1825389809,1061752.59,1077837.29,0,0
8,CASH_OUT,332965.53,C987797185,116835.0,0.0,C838411509,180584.92,513550.44,0,0
8,CASH_OUT,142956.81,C10947377,168013.92,25057.11,C1721246982,8810358.12,8953314.93,0,0
8,TRANSFER,1309267.06,C100985205,164.0,0.0,C1243393970,311593.49,1620860.55,0,0
8,TRANSFER,130266.98,C946614762,10714.0,0.0,C358945794,371846.45,502113.43,0,0
8,CASH_OUT,7086.79,C1143741901,27328.21,20241.42,C418978254,163198.3,228519.51,0,0
8,CASH_OUT,47219.55,C172304804,20241.42,0.0,C918523964,71438.96,118658.51,0,0
8,CASH_OUT,51652.97,C965087712,0.0,0.0,C244018103,201324.72,252977.69,0,0
8,CASH_OUT,287257.21,C634547937,3835810.75,3548553.54,C2137848242,1945201.5,3939899.41,0,0
8,CASH_OUT,52839.73,C2146907607,31471.0,0.0,C1068824137,100395.44,153235.17,0,0
8,CASH_OUT,5701.85,C1405824546,131689.0,125987.15,C169904524,184468.74,190170.59,0,0
8,CASH_OUT,256792.94,C1131397817,113322.9,0.0,C1567808902,1570821.98,1827614.92,0,0
8,CASH_OUT,196959.47,C1344952861,0.0,0.0,C1121453612,1778048.02,1975007.49,0,0
8,CASH_OUT,161431.02,C1650985307,0.0,0.0,C1473237843,186467.55,347898.56,0,0
8,CASH_OUT,340845.05,C1988749621,35500.23,0.0,C2085805920,2653333.05,2994178.1,0,0
8,TRANSFER,153050.53,C1418265710,124174.11,0.0,C2072201071,359069.08,512119.61,0,0
8,TRANSFER,2393663.58,C729039520,0.0,0.0,C1816986148,3630152.03,6023815.62,0,0
8,TRANSFER,244060.66,C1384432069,0.0,0.0,C173247103,957433.48,1201494.14,0,0
8,TRANSFER,1707440.71,C1811765985,0.0,0.0,C2137848242,2232458.7,3939899.41,0,0
8,TRANSFER,633621.28,C2009827716,0.0,0.0,C787040724,3406192.76,4039814.03,0,0
8,TRANSFER,306.8,C2124657823,0.0,0.0,C1556875182,3584908.75,3585215.55,0,0
8,TRANSFER,1756507.02,C182306919,0.0,0.0,C674913323,3227978.95,4984485.97,0,0
8,CASH_OUT,327716.41,C192328079,2009.0,0.0,C747869108,161500.18,489216.58,0,0
8,TRANSFER,954767.28,C1512242286,14425.0,0.0,C14440699,228730.86,1183498.14,0,0
8,TRANSFER,815915.86,C1195193776,21002.0,0.0,C748241311,2631798.35,3447714.21,0,0
8,CASH_OUT,192794.26,C1757478430,106748.0,0.0,C985537694,0.0,192794.26,0,0
8,CASH_OUT,277997.26,C1824743227,1629.0,0.0,C57497207,172439.81,450437.07,0,0
8,TRANSFER,1468331.42,C1802882581,5172.0,0.0,C320919849,41223.38,1509554.81,0,0
8,CASH_OUT,9862.36,C1361196457,18273.09,8410.73,C618155294,506867.12,516729.48,0,0
8,CASH_OUT,150800.57,C254434844,27224.33,0.0,C1297873690,69655.41,1144.26,0,0
8,CASH_OUT,9506.4,C632194946,0.0,0.0,C523154252,272473.33,281979.73,0,0
8,CASH_OUT,102721.91,C162701648,4842.0,0.0,C1691272400,0.0,102721.91,0,0
8,TRANSFER,1567269.49,C861922221,224227.0,0.0,C1196307684,212636.8,1779906.29,0,0
8,CASH_OUT,388202.81,C730732603,147259.0,0.0,C1516565803,495876.27,884079.08,0,0
8,CASH_OUT,378900.96,C307408640,11184.0,0.0,C1299829127,0.0,378900.96,0,0
8,CASH_OUT,115725.15,C1437925850,16292.0,0.0,C624539461,218530.86,592819.21,0,0
8,TRANSFER,1239540.56,C901180878,179.0,0.0,C1318038292,0.0,1239540.56,0,0
8,CASH_OUT,185984.21,C316297784,11397.0,0.0,C198210775,110480.78,296465.0,0,0
8,CASH_OUT,165691.58,C305812179,21231.0,0.0,C1261309973,331.91,166023.49,0,0
8,TRANSFER,460313.28,C1120775842,1069.0,0.0,C1894207825,0.0,631610.32,0,0
8,CASH_OUT,171360.29,C1195464964,6533.0,0.0,C1046160944,321551.28,492911.57,0,0
8,TRANSFER,737578.8,C410903582,32363.0,0.0,C904383922,1328040.22,2065619.02,0,0
8,TRANSFER,349596.1,C757328809,20418.0,0.0,C1223591088,0.0,0.0,0,0
8,TRANSFER,1381078.66,C114009150,1268.0,0.0,C1636050357,0.0,1381078.66,0,0
8,TRANSFER,17706.86,C1903805050,10583.0,0.0,C1740509828,0.0,0.0,0,0
8,CASH_OUT,267295.49,C1908812459,43025.93,0.0,C1722141669,851253.87,1118549.36,0,0
8,CASH_OUT,207000.71,C1366019199,0.0,0.0,C1046102247,1487019.79,1694020.5,0,0
8,CASH_OUT,112322.19,C100556250,532.0,0.0,C87923441,19914.82,132237.02,0,0
8,CASH_OUT,15914.79,C175726894,0.0,0.0,C769298867,183910.59,199825.38,0,0
8,CASH_OUT,251896.73,C273138972,0.0,0.0,C508000580,1126555.48,1547638.64,0,0
8,CASH_OUT,192460.97,C676184345,4655803.29,4463342.32,C1234059684,396180.63,588641.6,0,0
8,CASH_OUT,281866.49,C2042068405,244343.0,0.0,C180183079,0.0,281866.49,0,0
8,CASH_OUT,78004.81,C1162784022,215993.74,137988.93,C1178471274,2018989.97,2096994.78,0,0
8,CASH_OUT,333459.72,C123091679,137988.93,0.0,C381390837,1019674.37,1353134.08,0,0
8,TRANSFER,1475918.11,C1305089119,4442.0,0.0,C341552838,287131.35,1916366.83,0,0
8,CASH_OUT,175058.98,C1923473655,308613.0,133554.02,C810576909,0.0,175058.98,0,0
8,CASH_OUT,242818.69,C70784136,5740.0,0.0,C284399568,1247364.27,1490182.95,0,0
8,CASH_OUT,138674.42,C705077973,103458.0,0.0,C1766597604,0.0,138674.42,0,0
8,CASH_OUT,200546.72,C2065321466,286.0,0.0,C505855829,67329.09,267875.81,0,0
8,TRANSFER,459051.6,C107032643,21327.0,0.0,C1298177219,1159580.37,1618631.97,0,0
8,CASH_OUT,279200.63,C1244860050,0.0,0.0,C414409410,1434100.02,1713300.65,0,0
8,CASH_OUT,40245.49,C1997120117,0.0,0.0,C130777353,90323.79,130569.28,0,0
8,CASH_OUT,287325.19,C73794120,0.0,0.0,C551545010,405109.6,692434.8,0,0
8,CASH_OUT,150750.52,C511354972,0.0,0.0,C1014923261,1066412.48,1434633.69,0,0
8,CASH_OUT,290668.34,C1282372255,0.0,0.0,C2036368507,306852.38,597520.72,0,0
8,CASH_OUT,6359.06,C1993304941,0.0,0.0,C194988831,238560.35,244919.41,0,0
8,CASH_OUT,258010.49,C1116685246,0.0,0.0,C803116137,23510097.39,23768107.88,0,0
8,CASH_OUT,314780.67,C159132667,0.0,0.0,C1852790850,1318653.75,1633434.42,0,0
8,CASH_OUT,296291.26,C1051745217,0.0,0.0,C1238707698,8737558.88,9033850.14,0,0
8,CASH_OUT,177666.58,C866765689,0.0,0.0,C1866827563,3880312.5,4057979.08,0,0
8,CASH_OUT,156129.25,C193199105,0.0,0.0,C204540579,473328.79,629458.05,0,0
8,CASH_OUT,143495.59,C1665674617,0.0,0.0,C521284795,478305.65,621801.24,0,0
8,CASH_OUT,63045.57,C1603931266,0.0,0.0,C1856885570,454178.01,517223.59,0,0
8,CASH_OUT,47438.92,C580253195,0.0,0.0,C1723463463,65810.03,113248.95,0,0
8,CASH_OUT,172393.29,C920810924,0.0,0.0,C1515704208,15333129.82,15505523.11,0,0
8,CASH_OUT,47624.71,C342074860,0.0,0.0,C50060430,67453.03,115077.73,0,0
8,CASH_OUT,19935.43,C454182398,0.0,0.0,C1848415041,25033.23,44968.66,0,0
8,CASH_OUT,74333.12,C372956473,0.0,0.0,C346546542,778450.34,956664.8,0,0
8,CASH_OUT,70414.89,C869307719,0.0,0.0,C599968109,1164687.35,1235102.24,0,0
8,CASH_OUT,43024.48,C982850068,0.0,0.0,C145693769,134272.17,177296.65,0,0
8,CASH_OUT,81522.11,C866227469,0.0,0.0,C1632268814,725976.12,807498.23,0,0
8,CASH_OUT,174994.15,C1932678485,0.0,0.0,C801142660,16233485.97,16408480.12,0,0
8,CASH_OUT,102781.55,C1157598425,0.0,0.0,C1197606915,579094.81,681876.36,0,0
8,CASH_OUT,368267.51,C1445489640,0.0,0.0,C1570256460,8913267.93,9281535.44,0,0
8,CASH_OUT,123777.78,C1763612125,0.0,0.0,C1656107232,448232.04,572009.82,0,0
8,CASH_OUT,258452.62,C141032790,0.0,0.0,C1066166621,679905.01,938357.62,0,0
8,CASH_OUT,452173.76,C818295239,0.0,0.0,C1669259232,1351977.21,1929836.14,0,0
8,CASH_OUT,202420.84,C631536412,0.0,0.0,C2057394816,1452740.71,1655161.56,0,0
8,CASH_OUT,420277.0,C948544008,0.0,0.0,C58333888,3753208.4,4173485.4,0,0
8,CASH_OUT,431348.18,C263415042,0.0,0.0,C1698593276,760540.22,1191888.4,0,0
8,CASH_OUT,162.54,C242890042,0.0,0.0,C966704622,1261011.48,1261174.02,0,0
8,CASH_OUT,169186.43,C142660466,0.0,0.0,C508000580,1378452.21,1547638.64,0,0
8,CASH_OUT,246683.5,C2104277384,0.0,0.0,C1380361139,254450.54,501134.04,0,0
8,CASH_OUT,19380.94,C1776502866,0.0,0.0,C1700355047,1436101.72,1455482.66,0,0
8,CASH_OUT,86324.99,C921658289,0.0,0.0,C756475678,146868.32,233193.32,0,0
8,CASH_OUT,77755.98,C947535197,0.0,0.0,C917768476,272222.83,349978.81,0,0
8,CASH_OUT,3012.74,C541225763,0.0,0.0,C1096283470,156612.58,159625.32,0,0
8,CASH_OUT,283014.12,C1393561249,0.0,0.0,C1892922524,2492425.04,2775439.16,0,0
8,CASH_OUT,88577.21,C514788761,0.0,0.0,C1922859107,656145.48,744722.69,0,0
8,CASH_OUT,68334.76,C2002148292,0.0,0.0,C1195378184,772692.89,1613158.27,0,0
8,CASH_OUT,109014.96,C1153365350,0.0,0.0,C1325626015,115971.12,224986.09,0,0
8,CASH_OUT,116384.5,C394825302,0.0,0.0,C208427878,1338423.14,1454807.63,0,0
8,CASH_OUT,171297.04,C1907202811,0.0,0.0,C1894207825,460313.28,631610.32,0,0
8,CASH_OUT,11528.74,C878733169,0.0,0.0,C1240730624,35498.22,47026.96,0,0
8,CASH_OUT,116543.25,C122073438,0.0,0.0,C1643855278,9564312.44,9680855.68,0,0
8,CASH_OUT,93945.61,C1416590814,0.0,0.0,C858007309,138862.03,232807.64,0,0
8,CASH_OUT,168568.68,C1225283562,0.0,0.0,C1947645280,169912.93,338481.61,0,0
8,CASH_OUT,43866.03,C2120546901,0.0,0.0,C728885526,564345.8,608211.84,0,0
8,CASH_OUT,121171.44,C1285187718,0.0,0.0,C1937962514,1460140.05,1581311.49,0,0
8,CASH_OUT,24986.77,C1676948814,0.0,0.0,C440082302,183007.93,207994.7,0,0
8,CASH_OUT,69758.86,C1757972957,0.0,0.0,C940159462,177166.04,246924.9,0,0
8,CASH_OUT,58234.42,C833056963,0.0,0.0,C418978254,170285.09,228519.51,0,0
8,CASH_OUT,95518.59,C778498089,0.0,0.0,C1530856786,98185.86,193704.45,0,0
8,CASH_OUT,153317.37,C1828384494,0.0,0.0,C341552838,1763049.46,1916366.83,0,0
8,CASH_OUT,107692.82,C1087378637,0.0,0.0,C1297685781,3151033.54,3258726.36,0,0
8,CASH_OUT,147467.62,C1257985404,0.0,0.0,C1761324386,1365225.29,1512692.91,0,0
8,CASH_OUT,141827.87,C1392837554,0.0,0.0,C341156724,143611.06,285438.93,0,0
8,CASH_OUT,416744.1,C1756568226,0.0,0.0,C1195378184,841027.65,1613158.27,0,0
8,CASH_OUT,228134.14,C671423749,0.0,0.0,C1234776885,5196527.6,5424661.74,0,0
8,CASH_OUT,11035.51,C952495564,0.0,0.0,C1218365329,1336317.72,1347353.23,0,0
8,CASH_OUT,384252.71,C1134977525,0.0,0.0,C59941009,1427697.25,1811949.96,0,0
8,CASH_OUT,186859.56,C858785065,0.0,0.0,C624685600,1077075.29,1263934.85,0,0
8,CASH_OUT,128961.17,C861784959,0.0,0.0,C2029310301,1186490.48,1315451.65,0,0
8,CASH_OUT,53799.12,C618785621,0.0,0.0,C1255024717,16966916.23,17020715.36,0,0
8,CASH_OUT,91967.64,C1412993013,0.0,0.0,C563780374,191806.99,283774.63,0,0
8,TRANSFER,1664338.76,C1729286422,103991.0,0.0,C1050406642,0.0,1664338.76,0,0
8,TRANSFER,1246557.77,C986310840,315471.0,0.0,C1379289710,573598.08,1820155.85,0,0
8,CASH_OUT,113324.22,C1894092360,19016.67,0.0,C992713622,558803.9,672128.12,0,0
8,CASH_OUT,128890.43,C94123204,254508.22,125617.79,C1455826282,14441.37,143331.8,0,0
8,CASH_OUT,542722.04,C1554246975,125617.79,0.0,C666410506,946674.15,1489396.19,0,0
8,CASH_OUT,34141.18,C1617730384,3069.0,0.0,C1406026215,0.0,34141.18,0,0
8,TRANSFER,158940.94,C552106659,56214.0,0.0,C339924917,5086.28,164027.22,0,0
8,CASH_OUT,213056.59,C996957972,246472.0,33415.41,C1076835071,1948401.16,2161457.75,0,0
8,CASH_OUT,185667.06,C549152575,13193.58,0.0,C1292435170,1890927.37,2076594.43,0,0
8,CASH_OUT,62212.78,C2037782723,31687.0,0.0,C1315942706,43512.12,105724.9,0,0
8,CASH_OUT,164847.67,C835294650,21039.0,0.0,C372017580,3957420.71,4122268.38,0,0
8,CASH_OUT,13508.89,C1761122022,121.0,0.0,C1697002056,0.0,13508.89,0,0
8,CASH_OUT,158931.12,C660672090,17498.34,0.0,C1627965794,1398445.36,1557376.47,0,0
8,CASH_OUT,8432.96,C184738806,7351.0,0.0,C1545121117,52466.71,60899.67,0,0
8,CASH_OUT,46500.6,C258647562,3993.0,0.0,C388910394,0.0,46500.6,0,0
8,CASH_OUT,350188.1,C456908257,64896.5,0.0,C1195378184,1257771.75,1613158.27,0,0
8,CASH_OUT,240570.86,C1460120781,31241.0,0.0,C106196025,28.0,240598.86,0,0
8,CASH_OUT,300744.46,C311863065,10342.0,0.0,C2029406675,1052416.03,1353160.49,0,0
8,CASH_OUT,592540.96,C1764634802,13003.19,0.0,C1531514206,750967.08,1343508.04,0,0
8,CASH_OUT,766163.49,C1311239393,0.0,0.0,C1200612373,1220610.0,1986773.49,0,0
8,CASH_OUT,444531.2,C493307862,0.0,0.0,C1435804085,1057324.34,1501855.54,0,0
8,CASH_OUT,266668.86,C851653336,0.0,0.0,C346008447,981787.44,1248456.29,0,0
8,CASH_OUT,180533.39,C720383890,0.0,0.0,C1518728219,976865.43,1157398.83,0,0
8,CASH_OUT,533514.74,C1539411657,0.0,0.0,C1459757869,3508871.43,4042386.17,0,0
8,CASH_OUT,344098.18,C2092903312,0.0,0.0,C935808590,18037570.55,18381668.73,0,0
8,CASH_OUT,387357.5,C1463911213,0.0,0.0,C830831744,2451535.33,2838892.83,0,0
8,CASH_OUT,9078.84,C2087103208,0.0,0.0,C1257704323,113154.52,0.0,0,0
8,CASH_OUT,125685.17,C730256491,0.0,0.0,C1669259232,1804150.97,1929836.14,0,0
8,CASH_OUT,213320.72,C786471200,0.0,0.0,C2141459588,323950.99,537271.71,0,0
8,CASH_OUT,50276.74,C1969438522,0.0,0.0,C426416592,2101387.04,2151663.79,0,0
8,CASH_OUT,106141.58,C1008462484,0.0,0.0,C578102596,123078.15,229219.73,0,0
8,CASH_OUT,218887.3,C555959536,0.0,0.0,C1583408697,419341.01,638228.31,0,0
8,CASH_OUT,139216.48,C195096685,0.0,0.0,C2109470512,6648632.97,6787849.45,0,0
8,CASH_OUT,66928.74,C1733727436,0.0,0.0,C1768641212,3855270.56,3922199.3,0,0
8,CASH_OUT,3105.54,C83529208,0.0,0.0,C497806226,170227.76,173333.3,0,0
8,CASH_OUT,62448.77,C1069894995,0.0,0.0,C1564931235,679955.66,742404.44,0,0
8,CASH_OUT,32524.44,C862646622,0.0,0.0,C2065199032,316562.88,349087.32,0,0
8,CASH_OUT,38958.1,C1623843595,0.0,0.0,C766671686,759015.37,797973.46,0,0
8,CASH_OUT,216586.74,C814491559,0.0,0.0,C2007149130,401133.43,617720.17,0,0
8,CASH_OUT,133314.24,C624319280,0.0,0.0,C904672772,983449.24,1116763.48,0,0
8,TRANSFER,354818.76,C1873346889,11431.0,0.0,C403254166,511481.7,987888.66,0,0
8,TRANSFER,2724355.38,C1875438464,20446.0,0.0,C54469808,0.0,2724355.38,0,0
8,CASH_OUT,51144.12,C720577890,87404.0,36259.88,C1983025922,4557.52,55701.65,0,0
8,CASH_OUT,57864.51,C1704809688,66729.14,8864.63,C1018394275,0.0,57864.51,0,0
8,CASH_OUT,188629.66,C645273703,8864.63,0.0,C727209127,4737314.89,4925944.55,0,0
8,TRANSFER,442497.32,C774696635,218.0,0.0,C362966988,785260.59,1227757.91,0,0
8,CASH_OUT,281380.28,C1250859670,164.0,0.0,C1900380282,0.0,281380.28,0,0
8,CASH_OUT,121362.33,C2060623904,143227.0,21864.67,C1079554968,139020.05,260382.39,0,0
8,CASH_OUT,75798.2,C860692197,20973.0,0.0,C471450373,108937.29,184735.49,0,0
8,CASH_OUT,160141.05,C992624223,450935.0,290793.95,C716083600,7222849.46,7382990.5,0,0
8,TRANSFER,1214026.07,C146830882,5195.88,0.0,C1263845074,1272370.84,2486396.91,0,0
8,CASH_OUT,170808.65,C1721496405,7290.0,0.0,C977990184,2389158.85,2559967.5,0,0
8,CASH_OUT,164239.86,C821735607,0.0,0.0,C1162775738,791998.27,956238.13,0,0
8,TRANSFER,167143.68,C1085664659,20903.0,0.0,C2107464159,2390.0,169533.68,0,0
8,CASH_OUT,56558.6,C2065459879,1430.0,0.0,C720759478,8061977.48,8118536.09,0,0
8,TRANSFER,690748.86,C657514051,2687.0,0.0,C15445402,107227.43,1080241.33,0,0
8,CASH_OUT,613165.67,C277723155,435120.18,0.0,C2049813033,641736.99,1254902.66,0,0
8,CASH_OUT,173481.96,C829337223,0.0,0.0,C1577420620,1173361.09,1346843.05,0,0
8,CASH_OUT,142721.38,C706788138,0.0,0.0,C912252532,280578.6,318681.9,0,0
